LG_ST_Code,State,LG_DT_Code,District,Pincode,RegistrationDate,EnterpriseName,CommunicationAddress,Activities
24,GUJARAT,444,DANG,394710,10/6/2024,Perfect jeans tailor,"300 mansit complex, Main road ahwa, Main road, 300 mansit complex, Ahwa, Ahwa","[{""NIC5DigitId"":""14105"",""Description"":""Custom tailoring""}]"
24,GUJARAT,444,DANG,394716,3/1/2024,ANKUR flour mill,"NISHAL FALIYU, JARSOL, SUBIR, NISHAL FALIYU, 0, SUBIR","[{""NIC5DigitId"":""47990"",""Description"":""Other retail sale not in stores, stalls or markets""},{""NIC5DigitId"":""10799"",""Description"":""Other semi-processed, processed or instant foods n.e.c. except farinaceous products and malted foods and manufacturing activities like manufacture of egg powder, sambar powder etc. (this excludes the activities covered under 10619)""}]"
24,GUJARAT,444,DANG,394730,20/12/2023,SOHLA TRANSPORT,"43, BHARWAD FALIYU, NR TEMPLE, 43, -, WAGHAI","[{""NIC5DigitId"":""49232"",""Description"":""Non-motorised road freight transport""}]"
24,GUJARAT,444,DANG,394710,13/12/2023,SABBIR GULAM PINJARA,"357, AHWA, PETROL PAMP AHWA, 357, AHWA, AHWA","[{""NIC5DigitId"":""96098"",""Description"":""General household maintenance activities like grooming of the floor, dusting, cleaning of utensils etc.""}]"
24,GUJARAT,444,DANG,394716,10/9/2021,CMS AND ED CENTRE,"DUKAN FALIYA, AT PIPAL DAHAD, AT PIPAL DAHAD, DUKAN FALIYA, AT PIPAL DAHAD, AT PIPAL DAHAD","[{""NIC5DigitId"":""86100"",""Description"":""Hospital activities""},{""NIC5DigitId"":""86909"",""Description"":""Other human health activities n.e.c. (including independent ambulance activities)""}]"
24,GUJARAT,444,DANG,394710,22/12/2023,URMILABEN RAMANBHAI GAYKAWAD,"176, DUNGRI FALIYA AHWA, MAIN ROAD AHWA, 176, AHWA, AHWA","[{""NIC5DigitId"":""47110"",""Description"":""Retail sale in non-specialized stores with food, beverages or tobacco predominating""}]"
24,GUJARAT,444,DANG,394716,9/2/2024,krishna hotel,"pipaldahad, pipaldahad, pipaldahad, pipaldahad, subir, pipaldahad","[{""NIC5DigitId"":""55101"",""Description"":""Hotels and Motels, inns, resorts providing short term lodging facilities; includes accommodation in house boats""}]"
24,GUJARAT,444,DANG,394716,27/01/2023,SHRI ISHVARBHAI SHAKHARAM PAWAR,"32, MOTI KASAD, MOTI KASAD, 32, SCHOOL, MAHAL","[{""NIC5DigitId"":""46301"",""Description"":""Wholesale of fruits & vegetables""}]"
24,GUJARAT,444,DANG,394710,25/03/2023,COSMOS ENTERPRISES,"01, JADAV COMPLEX, NAVAPUR ROAD, 01, 01, AHWA","[{""NIC5DigitId"":""46103"",""Description"":""Activities of commission agents dealing in wholesale trade in machinery & equipment, other than transport machinery""}]"
24,GUJARAT,444,DANG,394710,2/3/2023,BHAGYASHREE CARTING & CONTRUCTION,"22, MISION COLONY MAIN ROAD, MAIN ROAD AHWA, 22, AHWA, AHWA","[{""NIC5DigitId"":""08106"",""Description"":""Operation of sand or gravel pits, basalt \/ porphyry, clay (ordinary), crushing and breaking of stone for use as a flux or raw material in lime or cement, manufacture or as building material, road metal or ballast and other materials for construction""}]"
24,GUJARAT,444,DANG,394710,27/02/2023,GAVALI TRANSPORT,"-, MANDALBARI, CHINCHALI ROAD, -, -, AHWA","[{""NIC5DigitId"":""49231"",""Description"":""Motorised road freight transport""}]"
24,GUJARAT,444,DANG,394730,13/02/2024,khusi beauty parlor,"patel faliyu, susarda, saputara road, patel faliyu, waghai, susarda","[{""NIC5DigitId"":""96020"",""Description"":""Hairdressing and other beauty treatment""}]"
24,GUJARAT,444,DANG,394720,20/09/2023,SESARAM JETHARAMBHAI CHAUDHARY,"SAPUTARA, NEW SHOPPING CENTRE, NEW SHOPPING CENTRE, SAPUTARA, AHWA, SAPUTARA","[{""NIC5DigitId"":""47110"",""Description"":""Retail sale in non-specialized stores with food, beverages or tobacco predominating""}]"
24,GUJARAT,444,DANG,394716,17/01/2023,ANKUR KARYANA STORE,"KASADBARI, AT. KASADBARI TA. SUBIR DIST.DANG, AT. KASADBARI TA. SUBIR DIST.D, KASADBARI, SUBIR, KASADBARI","[{""NIC5DigitId"":""47110"",""Description"":""Retail sale in non-specialized stores with food, beverages or tobacco predominating""}]"
24,GUJARAT,444,DANG,394716,15/02/2023,SHRI SHUKRYABHAI DONGRYABHAI RAUT,"29, DUKAN FALIYU, AMASARPADA, 29, AMSARPADA, SUBIR","[{""NIC5DigitId"":""52293"",""Description"":""Activities of movers and packers""}]"
24,GUJARAT,444,DANG,394710,11/1/2024,Amulya-1 Handicraft Unit Vangan,"Vangan, Vangan, Vangan, Vangan, Ahwa, Ahwa","[{""NIC5DigitId"":""16294"",""Description"":""Manufacture of various articles made of bamboo, cane and grass""}]"
24,GUJARAT,444,DANG,394710,7/6/2024,PRAVINBHAI SAKHARAMBHAI AHIRE,"AHWA, SHIXAN COLONI, AHWADANGS, AHWA, AHWA, AHWA","[{""NIC5DigitId"":""45401"",""Description"":""Wholesale or retail sale of new motorcycles, mopeds, scooters and three wheelers""}]"
24,GUJARAT,444,DANG,394710,9/2/2024,JAY MATAJI CSC CENTRE,"NICHALU FALIYU, CHIKATIYA, NICHALU FALIYU, NICHALU FALIYU, AHWA, CHIKATIYA","[{""NIC5DigitId"":""17015"",""Description"":""Manufacture of other special purpose paper (excluding computer stationary)""}]"
24,GUJARAT,444,DANG,394710,11/7/2022,VIJAY VEG TRANSPORT,"2, BILMAL, AHWA ROAD, 2, -, AHWA","[{""NIC5DigitId"":""49231"",""Description"":""Motorised road freight transport""}]"
24,GUJARAT,444,DANG,394730,9/11/2022,chauhan kirana,"93, hanuma faliyu, taluka shala ni pachad, 93, 1, waghai","[{""NIC5DigitId"":""47110"",""Description"":""Retail sale in non-specialized stores with food, beverages or tobacco predominating""}]"
24,GUJARAT,444,DANG,394710,25/01/2024,PIPALE TRANSPORT,"-, CHINCHLI, B/H WATER TENK, -, -, AHWA","[{""NIC5DigitId"":""49231"",""Description"":""Motorised road freight transport""}]"
24,GUJARAT,444,DANG,394716,9/2/2024,ishan ladeis tailor,"subir, subir, subir mahal road, subir, subir, subir","[{""NIC5DigitId"":""14105"",""Description"":""Custom tailoring""}]"
24,GUJARAT,444,DANG,394710,29/10/2022,Gangu Polotry farm,"92, Bari na mal, Bari na mal, 92, 92, Ahwa","[{""NIC5DigitId"":""46203"",""Description"":""Wholesale of live animals and poultry""}]"
24,GUJARAT,444,DANG,394715,21/01/2023,NADAGKHADI,"NADAGKHADI, NADAGKHADI, NADAGKHADI, NADAGKHADI, NADAGKHADI, TA AHWA","[{""NIC5DigitId"":""46203"",""Description"":""Wholesale of live animals and poultry""}]"
24,GUJARAT,444,DANG,394710,21/01/2023,KIYAAN HOSPITAL AND MATERNITY HOME,"2nd Floor, Jadav Complex, Navapur Road, 2nd Floor, Navapur Road, Ahwa","[{""NIC5DigitId"":""86100"",""Description"":""Hospital activities""}]"
24,GUJARAT,444,DANG,394710,23/11/2022,YASHVANTBHAI RAMESHBHAI GAVDA,"Mandir Faliyu, Main Road, The Dangs, Mandir Faliyu, Ahwa, Ahwa","[{""NIC5DigitId"":""45101"",""Description"":""Wholesale and retail sale of new vehicles (passenger motor vehicles, ambulances, minibuses, jeeps, trucks, trailers and semi-trailers)""}]"
24,GUJARAT,444,DANG,394730,20/01/2023,TOSIF TRANSPORT,"-, ASHANAGAR FALIYA, NR WATER TENK, -, -, WAGHAI","[{""NIC5DigitId"":""49231"",""Description"":""Motorised road freight transport""}]"
24,GUJARAT,444,DANG,394730,18/08/2022,VIPULBHAI DAJIBHAI PATEL,"0, 0, MAIN ROAD, 0, 0, THE DANGS","[{""NIC5DigitId"":""74209"",""Description"":""Other photographic activities""}]"
24,GUJARAT,444,DANG,394730,24/10/2023,GLOBAL ENTERPRISE,"1, NISHALFALIYU, NISHALFALIYU, 1, 1, JHAVDA","[{""NIC5DigitId"":""33119"",""Description"":""Repair and maintenance of other fabricated metal products""}]"
24,GUJARAT,444,DANG,394730,30/01/2024,SATISHBHAI SADHUBHAI KULANT,"0, 0, MAIN ROAD, 0, 0, THE DANGS","[{""NIC5DigitId"":""49231"",""Description"":""Motorised road freight transport""}]"
24,GUJARAT,444,DANG,394730,24/01/2024,DREAM HIGH ENGLISH MEDIUM SCHOOL,"25, Jamanpada, ., 25, ., Ta.Wagah","[{""NIC5DigitId"":""85101"",""Description"":""Pre-primary education (education preceding the first level)""},{""NIC5DigitId"":""85102"",""Description"":""Primary education (education at the first level)""},{""NIC5DigitId"":""85211"",""Description"":""General school education in the first stage of the secondary level (up to X th standard) without any special subject pre-requisite""}]"
24,GUJARAT,444,DANG,394730,18/11/2023,PATEL KARTIKKUMAR SUBODHBHAI,"Hanuman faliyu, Hanuman mandir, Hanuman mandir, Hanuman faliyu, Waghai, Ahwa","[{""NIC5DigitId"":""41001"",""Description"":""Construction of buildings carried out on own-account basis or on a fee or contract basis""}]"
24,GUJARAT,444,DANG,394715,2/7/2022,Ashish Kirana Stores,"Anganvadi Faliya, Anganvadi, Anganvadi Faliya, Anganvadi Faliya, 0, Taluka Subir Dist-Dang","[{""NIC5DigitId"":""47219"",""Description"":""Retail sale of other food products n.e.c.""}]"
24,GUJARAT,444,DANG,394730,27/01/2023,Indibans,"99-C, Indibans, Near Giradhodh, 99-C, Waghai, Ambapada","[{""NIC5DigitId"":""16294"",""Description"":""Manufacture of various articles made of bamboo, cane and grass""}]"
24,GUJARAT,444,DANG,394716,27/06/2022,M/S PRAKRUTIK DANG PRODUCER COMPANY LIMITED,"At & Po. Subir,, Village Subir, Taluka The Dangs,, At & Po. Subir,, ., The Dang","[{""NIC5DigitId"":""01631"",""Description"":""Preparation of crops for primary markets, i.e. cleaning, trimming, grading, disinfecting""}]"
24,GUJARAT,444,DANG,394710,20/08/2022,SAMIR HARDWARE,"MISSIONPADA, AHWA, BEHIND AHWA, MISSIONPADA, ., AHWA","[{""NIC5DigitId"":""46633"",""Description"":""Wholesale of hardware and sanitary fittings and fixtures and flat glass including tools such as hammers, saws, screwdrivers and other hand tools""}]"
24,GUJARAT,444,DANG,394730,7/8/2023,M/S LOTUS FAD ANE SHAKBHAJI UTPADAN SAH KHARIO VECHAN,"0, M/S LOTUS FAD ANE SHAKBHAJI UTPADAN SAH KHARIO VEC, NANAPADA, 0, 0, WAGHAI","[{""NIC5DigitId"":""84129"",""Description"":""Regulatory agencies relating to other social services n.e.c. excluding social security""}]"
24,GUJARAT,444,DANG,394730,28/02/2024,BHOYE VEG TRANSPORT,"-, WAGHAI SIVARIMAL, THE DANGS, -, -, WAGHAI","[{""NIC5DigitId"":""49231"",""Description"":""Motorised road freight transport""}]"
24,GUJARAT,444,DANG,394710,29/05/2024,Vanraj Petroleum,"0, Vanraj Petroleum, Ahwa, 0, Ahwa, Ahwa","[{""NIC5DigitId"":""47990"",""Description"":""Other retail sale not in stores, stalls or markets""}]"
24,GUJARAT,444,DANG,394730,31/05/2024,YOGESHKUMAR GANESHBHAI GAIN,"PRAMUKHSWAMI NIWAS, AT & POST NANAPADA, WAGHAI SAPUTARA ROAD, PRAMUKHSWAMI NIWAS, TALUKA WAGHAI, WAGHAI","[{""NIC5DigitId"":""77303"",""Description"":""Renting and operational leasing of construction and civil-engineering machinery and equipment without operator""},{""NIC5DigitId"":""41001"",""Description"":""Construction of buildings carried out on own-account basis or on a fee or contract basis""}]"
24,GUJARAT,444,DANG,394716,12/8/2023,SAHYOG XEROX,"67, SAVARNA FALIYU, SAVARNA FALIYU, 67, 67, AHWA","[{""NIC5DigitId"":""62099"",""Description"":""Other information technology and computer service activities n.e.c""}]"
24,GUJARAT,444,DANG,394710,10/11/2022,RAVIBHAI SURESHBHAI SOLANKI,"0, Bandharpada, Bandharpada, 0, Ahwa, Ahwa","[{""NIC5DigitId"":""43219"",""Description"":""Other electrical electrical installation n.e.c.""}]"
24,GUJARAT,444,DANG,394710,11/3/2023,THAKRE TRANSPORT,"255, DUNGARI FALIYU, AHWA, 255, -, AHWA","[{""NIC5DigitId"":""49231"",""Description"":""Motorised road freight transport""}]"
24,GUJARAT,444,DANG,394730,3/3/2023,TRILOCHAN ELECTRONICS,"TRILOCHAN ELECTRONIC, Main bazar, Waghai, TRILOCHAN ELECTRONIC, Waghai, Ahwa","[{""NIC5DigitId"":""47990"",""Description"":""Other retail sale not in stores, stalls or markets""}]"
24,GUJARAT,444,DANG,394716,10/3/2024,CHAUDHARI GENRAL STORE,"1, KADMAL, NISHAL FALIYU, 1, 1, KADMAL","[{""NIC5DigitId"":""46309"",""Description"":""Wholesale of other basic\/manufactured food stuffs n.e.c.""}]"
24,GUJARAT,444,DANG,394716,22/02/2024,DHRISHA DIGITAL,"NISHAL FALIYU, KESHBANDH, SUBIR NAVAPUR ROAD, NISHAL FALIYU, SUBIR, KESHBANDH","[{""NIC5DigitId"":""17015"",""Description"":""Manufacture of other special purpose paper (excluding computer stationary)""}]"
24,GUJARAT,444,DANG,394730,3/2/2023,SAPTSHRUNGI SAKHI MANDAL WAGHAI,"01, SAPTSHRUNGI SAKHI MANDAL WAGHAI, BASDA ROAD, 01, WAGHAI, WAGHAI","[{""NIC5DigitId"":""96098"",""Description"":""General household maintenance activities like grooming of the floor, dusting, cleaning of utensils etc.""}]"
24,GUJARAT,444,DANG,394716,11/3/2024,KAUSHIKBHAI SUBHASHBHAI GAMIT,"GAUHAN NISHAN FALIYU, GAUHAN, NISHAL FALIYU, GAUHAN NISHAN FALIYU, GAUHAN, GAUHAN","[{""NIC5DigitId"":""62099"",""Description"":""Other information technology and computer service activities n.e.c""}]"
24,GUJARAT,444,DANG,394730,11/6/2024,RAMAVAT HARDWEAR & GENERAL STORES,"TALUKA SEVA SADAN, -, WAGHAI, TALUKA SEVA SADAN, -, WAGHAI","[{""NIC5DigitId"":""96098"",""Description"":""General household maintenance activities like grooming of the floor, dusting, cleaning of utensils etc.""}]"
24,GUJARAT,444,DANG,394716,11/6/2024,VEDANSHI ONLINE WORK,"JHARAN, VEDANSHI ONLINE WORK, MAIN ROAD NAVAPUR, JHARAN, JHARAN, JHARAN","[{""NIC5DigitId"":""62099"",""Description"":""Other information technology and computer service activities n.e.c""}]"
24,GUJARAT,444,DANG,394710,11/6/2024,SHEKH GULAMBHAI BILALBHAI,"NANDANPEDA, NANDANPEDA, AHWA ROAD, NANDANPEDA, AHWA, AHWA","[{""NIC5DigitId"":""41001"",""Description"":""Construction of buildings carried out on own-account basis or on a fee or contract basis""}]"
24,GUJARAT,444,DANG,394716,19/03/2024,GAYKAWAD ANILBHAI GANASYABHAI,"2/93, SAWAR FALYU, SUBIR, 2/93, 0, THE DANGS","[{""NIC5DigitId"":""56302"",""Description"":""Tea\/coffee shops""}]"
24,GUJARAT,444,DANG,394730,5/2/2022,NEW MASTER MIND COMPUTER EDUCATION,"MAIN BAZAR, WAGHAI, BHESKHARTI ROAD, MAIN BAZAR, DANG, WAGHAI","[{""NIC5DigitId"":""85499"",""Description"":""Other educational services n.e.c.""},{""NIC5DigitId"":""85500"",""Description"":""Educational support services""}]"
24,GUJARAT,444,DANG,394710,8/12/2022,VICKCY NASTA CENTER,"AHWA, MAIN ROAD, MAIN ROAD, AHWA, AHWA, AHWA","[{""NIC5DigitId"":""56102"",""Description"":""Cafeterias, fast-food restaurants and other food preparation in market stalls""}]"
24,GUJARAT,444,DANG,394730,18/09/2020,vanoshadi kendra jamlapada,"78, jamlapda (waghai), jamlapda (waghai), 78, 78, waghai","[{""NIC5DigitId"":""86909"",""Description"":""Other human health activities n.e.c. (including independent ambulance activities)""}]"
24,GUJARAT,444,DANG,394710,2/3/2023,CHETAN D PAWAR,"22, MISION COLONY NEAR HANUMAN TEMPLE, MAIN ROAD AHWA, 22, AHWA, AHWA","[{""NIC5DigitId"":""08106"",""Description"":""Operation of sand or gravel pits, basalt \/ porphyry, clay (ordinary), crushing and breaking of stone for use as a flux or raw material in lime or cement, manufacture or as building material, road metal or ballast and other materials for construction""}]"
24,GUJARAT,444,DANG,394715,30/09/2020,JAY MATAJI AUTO GARRIGE,"BHALKHET FATAK, AHWA KALIBEL ROAD, BHALKHET PATIYA, BHALKHET FATAK, 1, WAGHAI","[{""NIC5DigitId"":""96093"",""Description"":""Shoe shiners, porters, valet car parkers etc.""}]"
24,GUJARAT,444,DANG,394710,20/09/2022,Ahire Pravinbhai Ashokbhai,"00, MAIN ROAD, AHWA, 00, 00, AHWA","[{""NIC5DigitId"":""47414"",""Description"":""Retail sale of telecommunication equipment""}]"
24,GUJARAT,444,DANG,394716,29/12/2020,CHAUDHARI VARSHABEN DHARMESHBHAI,"41, LAVCHALI, UPLU FALIYU, 41, SUBIR, SUBIR","[{""NIC5DigitId"":""56292"",""Description"":""Operation of canteens or (e.g. for factories, offices, hospitals or schools) on a concession basis""}]"
24,GUJARAT,444,DANG,394720,12/1/2023,NAVNIT RAMRAV GAVANDE,"APARNA DISTRIBUTAR, SAPUATARA, NEAR MUSIAM, APARNA DISTRIBUTAR, TA AHWA, SAPUTARA","[{""NIC5DigitId"":""47990"",""Description"":""Other retail sale not in stores, stalls or markets""},{""NIC5DigitId"":""66190"",""Description"":""Activities auxiliary to financial service activities n.e.c.""},{""NIC5DigitId"":""18129"",""Description"":""Other service activities related to printing n.e.c.""}]"
24,GUJARAT,444,DANG,394730,9/2/2023,SHREYA  GENERAL STORE,"SHREYAGENERALSTORE, SAMGAHAN, SAMGAHAN WAGHAI MAIN ROAD, SHREYAGENERALSTORE, KALA AMBA FALIYU, AHWA","[{""NIC5DigitId"":""47613"",""Description"":""Retail sale of stationery office supplies such as pens, pencils, paper etc.""},{""NIC5DigitId"":""46491"",""Description"":""Wholesale of toiletry, perfumery and cosmetics""}]"
24,GUJARAT,444,DANG,394730,9/2/2023,AJ SALOON MANS PARLOUR,"AJ SALOON, SAMGAHAN, SAPUTARA WAGHAI MAIN ROAD, AJ SALOON, KALAAMBA FALIYU, AHWA","[{""NIC5DigitId"":""96020"",""Description"":""Hairdressing and other beauty treatment""}]"
24,GUJARAT,444,DANG,394730,3/10/2023,Lalitaben Anilbhai Chaudhari,"95, Upalu faliyu, Saputara, 95, Waghai, Waghai","[{""NIC5DigitId"":""10799"",""Description"":""Other semi-processed, processed or instant foods n.e.c. except farinaceous products and malted foods and manufacturing activities like manufacture of egg powder, sambar powder etc. (this excludes the activities covered under 10619)""}]"
24,GUJARAT,444,DANG,394730,30/01/2023,SABNAM YASIN DHANANI,"Main road, Main road, Near post office, Main road, Main road, Waghai","[{""NIC5DigitId"":""08106"",""Description"":""Operation of sand or gravel pits, basalt \/ porphyry, clay (ordinary), crushing and breaking of stone for use as a flux or raw material in lime or cement, manufacture or as building material, road metal or ballast and other materials for construction""}]"
24,GUJARAT,444,DANG,394710,18/02/2023,MOHAN TRANSPORT,"09, KUMARBANDH, NANPADA, 09, 09, WAGHAI","[{""NIC5DigitId"":""49110"",""Description"":""Passenger rail transport""}]"
24,GUJARAT,444,DANG,394730,16/08/2023,DHARMESH FOOTWEAR,"00, DHARMESH FOOTWEAR, Near Petrol Pump, 00, Waghai, Waghai","[{""NIC5DigitId"":""47713"",""Description"":""Retail sale of footwear""}]"
24,GUJARAT,444,DANG,394710,13/07/2023,GHUMARE NILAMBEN SHUKARBHAI,"MISSIONPADA, KABRASTHAN PASE, KABRASTHAN ROAD, MISSIONPADA, AHWA, AHWA","[{""NIC5DigitId"":""47510"",""Description"":""Retail sale of textiles in specialized stores""}]"
24,GUJARAT,444,DANG,394710,16/09/2023,BHOYE GENRAL STOR,"45, BARDA FALIYU, GRAMYA VISTAR, 45, -, AHWA","[{""NIC5DigitId"":""49231"",""Description"":""Motorised road freight transport""}]"
24,GUJARAT,444,DANG,396580,16/03/2023,ACCOUNT/SSA,"107, PATA, VANSDA, 107, VANSDA, VANSDA","[{""NIC5DigitId"":""61101"",""Description"":""Activities of basic telecom services: telephone, telex and telegraph (includes the activities of STD\/ISD booths)""}]"
24,GUJARAT,444,DANG,394716,18/11/2022,Kiranbhai nilshingbhai malvish,"No, No, Chichpada, No, No, Chichpada","[{""NIC5DigitId"":""45200"",""Description"":""Maintenance and repair of motor vehicles""}]"
24,GUJARAT,444,DANG,394710,5/7/2023,SOMNATHBHAI LOTIYABHAI BHOYA,"00, UPLU FALIYU, NAKATIYA HANVANT, 00, 00, AHWA","[{""NIC5DigitId"":""52293"",""Description"":""Activities of movers and packers""}]"
24,GUJARAT,444,DANG,394730,18/02/2023,FARUK TRANSPORT,"-, RAJENDRAPUR, WAGHAI, -, -, WAGHAI","[{""NIC5DigitId"":""49231"",""Description"":""Motorised road freight transport""}]"
24,GUJARAT,444,DANG,394716,25/04/2023,SHRI SUBHASHBHAI DAMUBHAI BANGAL,"NISHAL FALIYU, SAWARDA, SUBIR, NISHAL FALIYU, PIPALDAHAD, AHWA","[{""NIC5DigitId"":""96097"",""Description"":""Activities of aaya, dhai, governess, baby sitter etc.""}]"
24,GUJARAT,444,DANG,394710,14/04/2023,VISHALBHAI CHANDRAKANTBHAI KHRISHCHAYAN,"AT POST, MISSION PADA AHWA, MISSION PADA, AT POST, AHWA, AHWA","[{""NIC5DigitId"":""01639"",""Description"":""Other post harvest crop activities, n.e.c.""}]"
24,GUJARAT,444,DANG,394730,14/06/2021,Rajnikant,"27, RAJNIKANT, ANGANVANI, 27, 27, WAGHAI","[{""NIC5DigitId"":""96098"",""Description"":""General household maintenance activities like grooming of the floor, dusting, cleaning of utensils etc.""}]"
24,GUJARAT,444,DANG,394710,26/12/2022,PITRU KRUPA LEDIES WEAR,"9, PATELPADA AHWA, NEAR MILPADA SCHOOL, 9, AHWA, AHWA","[{""NIC5DigitId"":""47711"",""Description"":""Retail sale of readymade garments, hosiery goods, other articles of clothing and clothing accessories such as gloves, ties, braces etc.""}]"
24,GUJARAT,444,DANG,394720,18/09/2020,KRISHNA AYURVED,"BLOCK NO.5, MALEGAON, MALEGAON, BLOCK NO.5, AHWA, AHWA","[{""NIC5DigitId"":""86909"",""Description"":""Other human health activities n.e.c. (including independent ambulance activities)""}]"
24,GUJARAT,444,DANG,394710,2/6/2023,YASH XEROX,"1, Galkund, Galkund, 1, Ahwa, Ahwa","[{""NIC5DigitId"":""82191"",""Description"":""Photocopying, duplicating and bluprinting services""}]"
24,GUJARAT,444,DANG,394710,7/8/2023,VADU KAILASHBHAI SITARAMBHAI,"19, Vihiramba, The dangs, 19, Ahwa, Ahwa","[{""NIC5DigitId"":""70200"",""Description"":""Management consultancy activities""}]"
24,GUJARAT,444,DANG,394730,4/9/2020,Traditional Medicine Provider udhoyg,"23, Barkhadiya, Barkhadiya, 23, 23, waghai","[{""NIC5DigitId"":""86901"",""Description"":""Activities of Ayurveda practitioners""}]"
24,GUJARAT,444,DANG,394710,31/08/2023,SHRI AMITBHAI MOTIRAMBHAI GAVIT,"44, UPARNU FALIYU, UPARNU FALIYU, 44, SCHOOL, BORKHAL","[{""NIC5DigitId"":""46301"",""Description"":""Wholesale of fruits & vegetables""}]"
24,GUJARAT,444,DANG,394710,21/06/2023,SAI SARKAR ENTERPRICE,"575, SAI SARKAR NIVASH, B/H. CIVIL HOSPITAL, 575, B/H. CIVIL HOSPITAL, AHWA","[{""NIC5DigitId"":""62020"",""Description"":""Computer consultancy and computer facilities management activities""},{""NIC5DigitId"":""74909"",""Description"":""Other professional, scientific and technical activities n.e.c.""}]"
24,GUJARAT,444,DANG,394730,12/3/2024,LATEST MOBILE,"LATEST MOBILE, MAIN BAZAR, RAILWAY STATION ROAD, LATEST MOBILE, MAINBAZAR, THE DANGS","[{""NIC5DigitId"":""63999"",""Description"":""Other information service activities n.e.c.""}]"
24,GUJARAT,444,DANG,394710,12/2/2024,MAHENDRA JOSHI KIRANA STORE,"PATELPADA, PATELPADA AHWA, PATELAPDA, PATELPADA, AHWA, AHWA","[{""NIC5DigitId"":""46305"",""Description"":""Wholesale of edible oils, fats, sugar and processed\/manufactured spices etc.""}]"
24,GUJARAT,444,DANG,394730,11/1/2024,Bamboo Craft,"Waghai, Waghai Saw Mill, Main Road Waghai, Waghai, Waghai, Waghai","[{""NIC5DigitId"":""16294"",""Description"":""Manufacture of various articles made of bamboo, cane and grass""}]"
24,GUJARAT,444,DANG,394710,7/1/2023,FASHION FOOTWARE,"FASHION FOOTWEAR, Opposite police station, Ahwa main road, FASHION FOOTWEAR, Ahwa the dangs, Ahwa","[{""NIC5DigitId"":""45200"",""Description"":""Maintenance and repair of motor vehicles""}]"
24,GUJARAT,444,DANG,394730,12/3/2024,UMIYA AGRO CENTER,"1, UMIYA AGRO CENTER, MAIN BAZAR, 1, 1, WAGHAI","[{""NIC5DigitId"":""46209"",""Description"":""Whole sale of other agriculture raw materials n.e.c.""}]"
24,GUJARAT,444,DANG,394710,11/1/2024,Arti-2 Ecotourism Unit Laskriya,"Lashkariya, Lashkariya, Lashkariya, Lashkariya, Ahwa, Ahwa","[{""NIC5DigitId"":""93290"",""Description"":""Other amusement and recreation activities n.e.c.""}]"
24,GUJARAT,444,DANG,394730,1/9/2023,foor products,"57, jamlapada, saputara, 57, waghai, waghai","[{""NIC5DigitId"":""10799"",""Description"":""Other semi-processed, processed or instant foods n.e.c. except farinaceous products and malted foods and manufacturing activities like manufacture of egg powder, sambar powder etc. (this excludes the activities covered under 10619)""}]"
24,GUJARAT,444,DANG,394730,13/02/2024,mahalaxmi motore garage,"vaghai singale faliy, vaghai, vaghai saputara road, vaghai singale faliy, vaghai, vaghai","[{""NIC5DigitId"":""95112"",""Description"":""Repair and maintenance of automated terminals like automatic teller machines, point-of-sale (POS) terminals, not mechanically operated""}]"
24,GUJARAT,444,DANG,394730,13/02/2024,SOHANI AUTO GARAGE,"NICHALU FALIYU, MALIN, NICHALU FALIYU, NICHALU FALIYU, WAGHAI, MALIN","[{""NIC5DigitId"":""95112"",""Description"":""Repair and maintenance of automated terminals like automatic teller machines, point-of-sale (POS) terminals, not mechanically operated""}]"
24,GUJARAT,444,DANG,394730,25/01/2024,DIGITAL SEVA KENDRA SAKARPATAL,"20, SAKARPATAL, MAIN RAOD SAPUTARA,SAKARPATAL, 20, WAGHAI, DANG","[{""NIC5DigitId"":""63992"",""Description"":""Activities of cyber café""}]"
24,GUJARAT,444,DANG,394730,17/09/2022,CHANIBEN DHALYABHAI GANVIT,"39, NANIDABDAR, VAGHAI, 39, -, DANG","[{""NIC5DigitId"":""10611"",""Description"":""Flour milling""}]"
24,GUJARAT,444,DANG,394710,26/02/2023,ZIRVAL KIRANBHAI VASANBHAI,"4, NANI DABAS, LAHANDABHAS, 4, 4, AHWA","[{""NIC5DigitId"":""61900"",""Description"":""Other telecommunications activities""}]"
24,GUJARAT,444,DANG,394715,25/07/2024,CHAUDHARI JAYENDRABHAI SHRIKANTBHAI,"43, SARWAR, SARWAR MAIN ROAD, 43, 01, WAGHAI","[{""NIC5DigitId"":""87900"",""Description"":""Other residential care activities n.e.c.""}]"
24,GUJARAT,444,DANG,394710,24/07/2024,ABC ENTERPRISE,"AHWA, MANSIT COMPLEX, MAIN ROAD, AHWA, AHWA, AHWA","[{""NIC5DigitId"":""47613"",""Description"":""Retail sale of stationery office supplies such as pens, pencils, paper etc.""},{""NIC5DigitId"":""63992"",""Description"":""Activities of cyber café""},{""NIC5DigitId"":""74201"",""Description"":""Commercial and consumer photograph production""}]"
24,GUJARAT,444,DANG,394716,26/07/2024,KHIR PRADIPBHAI SURESHBHAI,"1, NISHAL FALIYU, COURT ROAD, 1, 1, SUBIR","[{""NIC5DigitId"":""49223"",""Description"":""Rental of private cars with driver""}]"
24,GUJARAT,444,DANG,394710,31/07/2024,BHARAT MEDICAL & GENERAL STORES,"AHWA, AHWA, OPOSIT SAMART HOSPITAL, AHWA, AHWA, AHW","[{""NIC5DigitId"":""86201"",""Description"":""Medical practice activities""}]"
24,GUJARAT,444,DANG,394730,15/07/2023,SOLANKI TRANSPORT,"-, BHARVAD FALIYU, WAGHAI, -, -, WAGHAI","[{""NIC5DigitId"":""49231"",""Description"":""Motorised road freight transport""}]"
24,GUJARAT,444,DANG,394710,13/02/2024,ARUN GENTS TAILOR,"MAIN ROAD, BHAVANDAGAD, AHWA WAGHAI ROAD, MAIN ROAD, AHWA, BHAVANDAGAD","[{""NIC5DigitId"":""14105"",""Description"":""Custom tailoring""}]"
24,GUJARAT,444,DANG,394730,13/02/2024,Jagruti Tailoring Work,"Upalu Faliyu, Vaghmal, Waghai, Upalu Faliyu, Waghai, waghai","[{""NIC5DigitId"":""14105"",""Description"":""Custom tailoring""}]"
24,GUJARAT,444,DANG,394710,11/7/2023,SHIV MACHINARY AND HARDWARE,"01 PATEL PADA, AHWA, NR. SAPUTARA ROAD, 01 PATEL PADA, THE DANGS, AHWA","[{""NIC5DigitId"":""49300"",""Description"":""Transport via pipeline""}]"
24,GUJARAT,444,DANG,394720,20/03/2023,VANVASO RESORT AND ADVENTURE PARK,"MALEGAM, NR SAPUTARA TOLL NAKA, SAPUTARA, MALEGAM, DANG, AHWA","[{""NIC5DigitId"":""55101"",""Description"":""Hotels and Motels, inns, resorts providing short term lodging facilities; includes accommodation in house boats""}]"
24,GUJARAT,444,DANG,394710,21/06/2023,ARVIND TRANSPORT,"-, NISHAL FALIYU, MAHALPADA, -, -, AHWA","[{""NIC5DigitId"":""49110"",""Description"":""Passenger rail transport""}]"
24,GUJARAT,444,DANG,394710,1/9/2023,NANDINI FOOTWEAR,"SHOP NO 4, AHWA DANG, MAIN ROAD, SHOP NO 4, SUNSET POINT, DANG","[{""NIC5DigitId"":""47713"",""Description"":""Retail sale of footwear""}]"
24,GUJARAT,444,DANG,394730,13/02/2024,rahul bamboo kraft,"uaplu faliyu, ambapada, saputara road, uaplu faliyu, waghai, ambapada","[{""NIC5DigitId"":""16239"",""Description"":""Manufacture of other wooden containers and products entirely or mainly of cane, rattan, bamboo, willow, fibre, leaves and grass n.e.c.""}]"
24,GUJARAT,444,DANG,394730,13/07/2023,DEVI TRANSPORT,"100, UPALAU FALIYU, GRAMYA VISTAR, 100, 100, AHWA","[{""NIC5DigitId"":""49110"",""Description"":""Passenger rail transport""}]"
24,GUJARAT,444,DANG,394730,19/06/2023,KABIR TRADING AND AGRO CENTER,"SHOP NO.15, APMC MARKET, -, SHOP NO.15, -, WAGHAI","[{""NIC5DigitId"":""47810"",""Description"":""Retail sale via stalls and markets of food, beverages and tobacco products""}]"
24,GUJARAT,444,DANG,394710,25/11/2022,BHARATBHAI BUDHYABHAI BHOYE,"THORPADA, THORPADA, THORPADA CHINCHALI ROAD, THORPADA, AHWA, AHWA","[{""NIC5DigitId"":""56291"",""Description"":""Activities of food service contractors (e.g. for transportation companies)""}]"
24,GUJARAT,444,DANG,394730,8/8/2023,BHIKHUBHAI KHALPABHAI PATEL,"00, SINGAL FALIYU, SINGAL FALIYU, 00, 00, WAGHAI","[{""NIC5DigitId"":""49300"",""Description"":""Transport via pipeline""}]"
24,GUJARAT,444,DANG,394716,9/2/2024,vishu mobile shop,"pipaldahad, pipaldahad, pipaldahad main bajar, pipaldahad, subir, pipaldahad","[{""NIC5DigitId"":""56304"",""Description"":""Mobile beverage vendors""}]"
24,GUJARAT,444,DANG,394730,22/12/2022,SHREYASH AGRO AND SEEDS COMPANY,"0, NANI DABDAR, SAKARPATAL, 0, LAHANDABDAR, THE DANGS","[{""NIC5DigitId"":""46692"",""Description"":""Wholesale of fertilizers and agrochemical products""}]"
24,GUJARAT,444,DANG,394715,9/2/2024,M/S MAHLA EDUCATION AND CHARITABLE TRUST,"0, M/S MAHLA EDUCATION AND CHARITABLE TRUST, AT POST PIMPRI, 0, 0, AHWA","[{""NIC5DigitId"":""85102"",""Description"":""Primary education (education at the first level)""},{""NIC5DigitId"":""85499"",""Description"":""Other educational services n.e.c.""}]"
24,GUJARAT,444,DANG,394710,9/3/2024,RACHNA CONSTRUCTION,"83/13, RACHNA CONSTRUCTION, PWD COLONY, 83/13, 0, DANG","[{""NIC5DigitId"":""41001"",""Description"":""Construction of buildings carried out on own-account basis or on a fee or contract basis""}]"
24,GUJARAT,444,DANG,394710,12/11/2022,Perfect Mobile,"03, Perfect Mobile, Near church, 03, Gujrat, Ahwa","[{""NIC5DigitId"":""46524"",""Description"":""Wholesale of telephone, mobile phone and communications equipment and parts""}]"
24,GUJARAT,444,DANG,394730,6/2/2023,PATHAN TRANSPORT,"-, PRAMUKH SWAMINAGAR, ADARSH NIVASI SCHOOL, -, -, WAGHAI","[{""NIC5DigitId"":""49231"",""Description"":""Motorised road freight transport""}]"
24,GUJARAT,444,DANG,394720,23/03/2023,APARNATELICMMUNITION,"34SAPUTARA, SURAT ROAD, SURAT ROAD, 34SAPUTARA, 34, SAPUTARA","[{""NIC5DigitId"":""61101"",""Description"":""Activities of basic telecom services: telephone, telex and telegraph (includes the activities of STD\/ISD booths)""}]"
24,GUJARAT,444,DANG,394720,7/8/2021,M/S HOTEL SHILPIS INTERNATIONAL PRIVATE LIMITED,"PLOT NO 2, NASHIK ROAD OPP SAPUTARA LAKE, DIST: AHWA, PLOT NO 2, PLOT NO 2, SAPUTARA","[{""NIC5DigitId"":""56101"",""Description"":""Restaurants without bars""},{""NIC5DigitId"":""56102"",""Description"":""Cafeterias, fast-food restaurants and other food preparation in market stalls""}]"
24,GUJARAT,444,DANG,394710,27/08/2020,M/S PRAYOSHA PRATISHTHAN,"AT DANG SWARAJ ASHRA, AHWA, DIST DANG, AT DANG SWARAJ ASHRA, DIST DANG, AHWA","[{""NIC5DigitId"":""85213"",""Description"":""Special education for handicapped students at first stage or second stage of secondary level""}]"
24,GUJARAT,444,DANG,394730,14/09/2020,VANVASI CHARAK OSHADI DUNGRDA,"78, DUNGRDA, WAGHAI, 78, 78, WAGHAI","[{""NIC5DigitId"":""86909"",""Description"":""Other human health activities n.e.c. (including independent ambulance activities)""}]"
24,GUJARAT,444,DANG,394730,11/6/2021,KANCHANBEN SUNILBHAI BAGUL GENERAL STORE,"7, SARDAR MARKET, WAGHAI CHAR RASTA, 7, 8, WAGHAI","[{""NIC5DigitId"":""47190"",""Description"":""Other retail sale in non-specialized stores""},{""NIC5DigitId"":""47630"",""Description"":""Retail sale of sporting equipment in specialized stores""},{""NIC5DigitId"":""47990"",""Description"":""Other retail sale not in stores, stalls or markets""},{""NIC5DigitId"":""82191"",""Description"":""Photocopying, duplicating and bluprinting services""},{""NIC5DigitId"":""82192"",""Description"":""Document preparation, typing, word processing and desktop publishing sevices""}]"
24,GUJARAT,444,DANG,394730,21/09/2021,SAJID ELECTRONICS AND ELECTRICAL,"1, railway station road waghai, railway station road waghai, 1, 1, waghai","[{""NIC5DigitId"":""47190"",""Description"":""Other retail sale in non-specialized stores""}]"
24,GUJARAT,444,DANG,394730,13/04/2021,golden enterprise,"0, 0, 0, 0, 0, dangs","[{""NIC5DigitId"":""56304"",""Description"":""Mobile beverage vendors""}]"
24,GUJARAT,444,DANG,394730,23/12/2023,RAJAN SATISHCHANDRA GANDHI,"945/3, Waghai, Vaghai, 945/3, Ahwa, Ahwa","[{""NIC5DigitId"":""47990"",""Description"":""Other retail sale not in stores, stalls or markets""}]"
24,GUJARAT,444,DANG,394716,30/12/2020,KHUSHI MISSION MANGALAM,"12, PAWAR, BAZAR FALIYU, 12, SUBIR, PIPALDHAD","[{""NIC5DigitId"":""56292"",""Description"":""Operation of canteens or (e.g. for factories, offices, hospitals or schools) on a concession basis""}]"
24,GUJARAT,444,DANG,394710,28/12/2020,khan brothers,"edan park, khan brothers, ahwa, edan park, dang, ahwa","[{""NIC5DigitId"":""85500"",""Description"":""Educational support services""}]"
24,GUJARAT,444,DANG,394710,3/12/2020,MATIKAM & D.S.P BRICKS,"15, Zakhanagam, Zakhanagam, 15, 15, Ahwa","[{""NIC5DigitId"":""23921"",""Description"":""Manufacture of bricks""}]"
24,GUJARAT,444,DANG,394710,3/12/2020,MATIKAM & K.N.P BRICKS,"11, Baripada, Baripada, 11, 11, Ahwa","[{""NIC5DigitId"":""23921"",""Description"":""Manufacture of bricks""}]"
24,GUJARAT,444,DANG,394710,16/03/2021,Bagul vileshbhai sitarambhai,"Chinchali, Chinchali, Chinchali, Chinchali, Chinchali, Dang","[{""NIC5DigitId"":""49224"",""Description"":""Taxi operation""}]"
24,GUJARAT,444,DANG,394710,2/12/2020,MATIKAM & A.K.D BRICKS,"25, Subir, Subir, 25, 25, Ahwa","[{""NIC5DigitId"":""23921"",""Description"":""Manufacture of bricks""}]"
24,GUJARAT,444,DANG,394710,6/10/2022,JAY MAHADEV SALES AGENCY,"0, PWD COLONY, TALAHWA DI DANG, 0, PO AHWA, DANG","[{""NIC5DigitId"":""46499"",""Description"":""Wholesale of other households goods, n.e.c. [Includes wholesale of household equipment and appliances, n.e.c; photographic equipment, games, toys and sports goods (also includes bicycles, cycle rickshaw, tonga & other non-mechanised vehicles); leather goods and travel accessories; cleaning materials etc.]""},{""NIC5DigitId"":""56210"",""Description"":""Event catering""},{""NIC5DigitId"":""56292"",""Description"":""Operation of canteens or (e.g. for factories, offices, hospitals or schools) on a concession basis""},{""NIC5DigitId"":""78100"",""Description"":""Activities of employment placement agencies""},{""NIC5DigitId"":""43214"",""Description"":""Installation of fire alarm system and burgler alarm system""}]"
24,GUJARAT,444,DANG,394730,31/12/2020,SAPTASHRUNGI  SAKHI MANDAL WAGHAI,"150, R.T.O CHEK POST, R.T.O CHEK POST, 150, WAGHAI, WAGHAI","[{""NIC5DigitId"":""10712"",""Description"":""Manufacture of biscuits, cakes, pastries, rusks etc.""}]"
24,GUJARAT,444,DANG,394716,10/10/2022,NIKHIL TRANSPORT,"-, KESHBANDH, NAVAPUR ROAD, -, -, SUBIR","[{""NIC5DigitId"":""49231"",""Description"":""Motorised road freight transport""}]"
24,GUJARAT,444,DANG,394715,19/03/2023,GAVIT SHARMILABEN MAHENDRBHAI,"47, SAVARKHADI, NISHAL  FALIYU, 47, 1, WAGHAI","[{""NIC5DigitId"":""10501"",""Description"":""Manufacture of pasteurised milk whether or not in bottles\/ polythene packs etc. (plain or flavoured)""}]"
24,GUJARAT,444,DANG,394720,13/10/2023,BHOYE CANTEEN,"-, MALEGAM, AHWA, -, -, DANG","[{""NIC5DigitId"":""49231"",""Description"":""Motorised road freight transport""}]"
24,GUJARAT,444,DANG,394710,6/9/2023,Hansa Travels,"Hill top society, Sunset point road, Sunset point road, Hill top society, Ahwa, Ahwa","[{""NIC5DigitId"":""77100"",""Description"":""Renting and leasing of motor vehicles""}]"
24,GUJARAT,444,DANG,394730,4/8/2023,BLUE BLOOD HOSPITAL Dr Rohit Rajkumar Sharma,"11, BLUE BLOOD HOSPITAL, SAPUTARA RIAD, 11, BAJAR FALIYU, WAGHAI","[{""NIC5DigitId"":""86100"",""Description"":""Hospital activities""}]"
24,GUJARAT,444,DANG,394716,22/06/2023,PR BROTHERS,"-, SUBIR, NAVAPUR ROAD, -, -, SUBIR","[{""NIC5DigitId"":""49231"",""Description"":""Motorised road freight transport""}]"
24,GUJARAT,444,DANG,394710,14/10/2023,ABID TRANSPORT,"-, BAJAR VISTAR, DEVALPADA, -, -, AHWA","[{""NIC5DigitId"":""49110"",""Description"":""Passenger rail transport""}]"
24,GUJARAT,444,DANG,394730,18/01/2024,DREAM HIGH CHARITABLE TRUST,"., Post .Zavda, ., ., ., Ta.Waghai","[{""NIC5DigitId"":""88100"",""Description"":""Social work activities without accommodation for the elderly and disabled""},{""NIC5DigitId"":""88900"",""Description"":""Other social work activities without accommodation n.e.c.""},{""NIC5DigitId"":""10801"",""Description"":""Manufacture of cattle feed""}]"
24,GUJARAT,444,DANG,394720,14/10/2023,SHAILESH TRANSPORT,"-, GRAMYA VISTAR, GRAMYA VISTAR, -, -, AHWA","[{""NIC5DigitId"":""49110"",""Description"":""Passenger rail transport""}]"
24,GUJARAT,444,DANG,394715,15/03/2024,PAWAR BHUPENDRAKUMAR SHIVUBHAI,"1, KHATAL, KHATAL MAIN ROAD, 1, 1, WAGHAI","[{""NIC5DigitId"":""87900"",""Description"":""Other residential care activities n.e.c.""}]"
24,GUJARAT,444,DANG,394730,19/02/2024,RAISH A KHAN,"1, WAGHAI ROAD, OPP FOREST OFFICE, 1, 0, DANG","[{""NIC5DigitId"":""46493"",""Description"":""Wholesale of furniture and fixtures""}]"
24,GUJARAT,444,DANG,394716,10/2/2022,Bagul Jiteshbhai Shivalbhai,"Satbabla, Satbabla, Navhir Faliu, Satbabla, 0, Subir","[{""NIC5DigitId"":""47711"",""Description"":""Retail sale of readymade garments, hosiery goods, other articles of clothing and clothing accessories such as gloves, ties, braces etc.""}]"
24,GUJARAT,444,DANG,394710,9/2/2024,YASHODA LEDIES TAILOR,"SARDAR MARKET, AHWA, SARDAR MARKET, SARDAR MARKET, AHWA, AHWA","[{""NIC5DigitId"":""14105"",""Description"":""Custom tailoring""}]"
24,GUJARAT,444,DANG,394710,27/02/2023,SHAIKH TRANSPORT,"-, DARGAH FALIYU, NR RALWAY STATION, -, -, WAGHAI","[{""NIC5DigitId"":""49231"",""Description"":""Motorised road freight transport""}]"
24,GUJARAT,444,DANG,394710,19/10/2021,VAIDEHI TRADERS,"107/1, MISSIONPADA, NEAR HIGH SCHOOL, 107/1, DANG, AHWA","[{""NIC5DigitId"":""46419"",""Description"":""Wholesale of other clothing items n.e.c.""}]"
24,GUJARAT,444,DANG,394720,15/02/2023,SOMA TRANSPORT,"-, JOGBARI, SAPUTARA ROAD, -, -, AHWA","[{""NIC5DigitId"":""49231"",""Description"":""Motorised road freight transport""}]"
24,GUJARAT,444,DANG,394730,28/12/2023,Aafrina Banu Tanvirraza Patel,"53, Ashanagar faliyu, Near anganvadi, 53, Waghai, Waghai","[{""NIC5DigitId"":""90003"",""Description"":""Activities of sculptors, painters, cartoonists, engravers, etchers etc.""}]"
24,GUJARAT,444,DANG,394710,13/12/2022,Patil traders,"Shop no 5, Pawar complex, Sardar bajaar main road, Shop no 5, Ahaw, Ahawa","[{""NIC5DigitId"":""17019"",""Description"":""Manufacture of other primary paper materials including composite paper and paper board n.e.c.""},{""NIC5DigitId"":""01639"",""Description"":""Other post harvest crop activities, n.e.c.""}]"
24,GUJARAT,444,DANG,394730,20/11/2023,SHRI KASHIRAMBHAI MOHANBHAI PAWAR,"21, KUKADNKHI, KUKADNKHI, 21, MAIN ROAD, WAGHI","[{""NIC5DigitId"":""46302"",""Description"":""Wholesale of raw milk & dairy products""}]"
24,GUJARAT,444,DANG,394730,8/9/2023,Bhavnaben Santoshbhai Birari,"75, NICHALU FALAYU, SAPUTARA, 75, WAGHAI, WAGHAI","[{""NIC5DigitId"":""10799"",""Description"":""Other semi-processed, processed or instant foods n.e.c. except farinaceous products and malted foods and manufacturing activities like manufacture of egg powder, sambar powder etc. (this excludes the activities covered under 10619)""}]"
24,GUJARAT,444,DANG,394710,31/01/2023,krishna steel Furniture & Electronical,"196, Krishna bhavan, Navapur Road Ahwa, 196, Ahwa, Ahwa","[{""NIC5DigitId"":""31005"",""Description"":""Manufacture of mattresses and pillows""}]"
24,GUJARAT,444,DANG,394620,14/10/2023,PATHAN TRANSPORT,"-, IHSAANPARK, BARDOLI, -, -, BARDOLI","[{""NIC5DigitId"":""49222"",""Description"":""Charters, excursions and other occasional coach services""}]"
24,GUJARAT,444,DANG,394730,27/07/2024,PARTH DIGITAL SEVA,"SHOP NO. 1, DIGITAL SEVA-CSC, WAGHAI-SAPUTARA MAIN ROAD, SHOP NO. 1, TA.AHWA, NEAR SAPUTARA","[{""NIC5DigitId"":""58191"",""Description"":""On-line publishing of statistics and other information""},{""NIC5DigitId"":""63114"",""Description"":""Providing data entry services""},{""NIC5DigitId"":""82192"",""Description"":""Document preparation, typing, word processing and desktop publishing sevices""}]"
24,GUJARAT,444,DANG,394716,4/8/2023,MAULI MEDICAL STORES,"SHOP NO.3, ., SABIR NAVAPUR MAIN ROAD, SHOP NO.3, WARD NO.6, SUBIR","[{""NIC5DigitId"":""47721"",""Description"":""Retail sale of pharmaceuticals, medical and orthopaedic goods and toilet articles""}]"
24,GUJARAT,444,DANG,394710,11/1/2024,Krishna-1 NTFP Unit Jamlapada,"Anganvadi Faliyu, Jamlapada, Jamlapada, Anganvadi Faliyu, Ahwa, Ahwa","[{""NIC5DigitId"":""21001"",""Description"":""Manufacture of medicinal substances used in the manufacture of pharmaceuticals: antibiotics, endocrine products, basic vitamins; opium derivatives; sulpha drugs; serums and plasmas; salicylic acid, its salts and esters; glycosides and vegetable alkaloids; chemically pure suger etc.""}]"
24,GUJARAT,444,DANG,394720,6/2/2024,Facebook Bhel canter,"Main road, Saputara, Main road, Main road, Ahwa, Ahwa","[{""NIC5DigitId"":""10719"",""Description"":""Manufacture of other bakery products n.e.c.""}]"
24,GUJARAT,444,DANG,388270,26/10/2023,BARIYA RAJESHKUMAR,"01, JUNAGAM, NAMNAR, 01, 01, PANCHMAHAL","[{""NIC5DigitId"":""46101"",""Description"":""Activities of commission agents, brokers dealing in wholesale trade of agricultural raw material, live animals, food, beverages, intoxicants and textiles""}]"
24,GUJARAT,444,DANG,394710,9/2/2024,PARI GENERAL STORE,"PATEL FALIYU, JAMANVIHIR, PATEL FALIYU, PATEL FALIYU, AHWA, JAMANVIHIR","[{""NIC5DigitId"":""96098"",""Description"":""General household maintenance activities like grooming of the floor, dusting, cleaning of utensils etc.""}]"
24,GUJARAT,444,DANG,394716,9/2/2024,vanita tailoring work,"nishal faliyu, singana, singana girmal  road, nishal faliyu, subir, singana","[{""NIC5DigitId"":""14105"",""Description"":""Custom tailoring""}]"
24,GUJARAT,444,DANG,394716,9/2/2024,nikunj chaynish center,"singana, singana, singana girmal road, singana, subir, singana","[{""NIC5DigitId"":""10794"",""Description"":""Manufacture of malted foods including foods for infants and handicapped""}]"
24,GUJARAT,444,DANG,394716,29/12/2023,KALPESHBHAI RAMANBHAI GAVIT,"Aayus Kirana store, Shivbara, Sivbara, Aayus Kirana store, Pipaldahad, Ahwa","[{""NIC5DigitId"":""96097"",""Description"":""Activities of aaya, dhai, governess, baby sitter etc.""}]"
24,GUJARAT,444,DANG,394710,9/2/2024,SHANKAR CONSTRUCTION,"DAM FALIYU, BHISYA, DAM ROAD, DAM FALIYU, AHWA, BHISYA","[{""NIC5DigitId"":""08106"",""Description"":""Operation of sand or gravel pits, basalt \/ porphyry, clay (ordinary), crushing and breaking of stone for use as a flux or raw material in lime or cement, manufacture or as building material, road metal or ballast and other materials for construction""}]"
24,GUJARAT,444,DANG,394730,7/3/2024,Asahdbhai Sarfudin Mirza,"25,, Waghai bharwad Street near ambamataji mandir, 25, waghai Dang bharwad Street, 25,, 93, Waghai","[{""NIC5DigitId"":""47219"",""Description"":""Retail sale of other food products n.e.c.""}]"
24,GUJARAT,444,DANG,394710,25/05/2023,SAI SERVICE,"221, AHWA, FOREST CHEK POST AHWA, 221, 0, AHWA","[{""NIC5DigitId"":""79110"",""Description"":""Travel agency activities""}]"
24,GUJARAT,444,DANG,394710,1/8/2024,MORE VIJAYKUMAR BHAIDAS,"DUNGRI FALIYU AHWA, AHWA, DUNGRI FALIYU AHWA, DUNGRI FALIYU AHWA, AHWA, AHWA","[{""NIC5DigitId"":""41001"",""Description"":""Construction of buildings carried out on own-account basis or on a fee or contract basis""}]"
24,GUJARAT,444,DANG,394710,1/8/2024,DRASHTI TRAVELS,"AT PO AHWA, MISSIONPADA, GUJARAT, AT PO AHWA, DANG, AHWA","[{""NIC5DigitId"":""47990"",""Description"":""Other retail sale not in stores, stalls or markets""}]"
24,GUJARAT,444,DANG,394716,8/7/2024,RUSTAMBHAI VARYABHAI PAWAR,"01, RUSTAM KARIYANA STORE, TANKLIPADA, 01, SUBIR, SUBIR","[{""NIC5DigitId"":""47110"",""Description"":""Retail sale in non-specialized stores with food, beverages or tobacco predominating""}]"
24,GUJARAT,444,DANG,394710,25/05/2023,SUNIL S AHIR GENERAL STORE,"80, AHWA, NEAR STATE BANK NI SAME, 80, 0, AHWA","[{""NIC5DigitId"":""65110"",""Description"":""Life insurance""}]"
24,GUJARAT,444,DANG,394710,4/7/2023,MAHAKAL INDIRABEN JAYESHBHAI,"FANI FALIYA, RANI FALIYA AHWA, WAGHAI ROAD RANI FALIYA, FANI FALIYA, AHWA, AHWA","[{""NIC5DigitId"":""47110"",""Description"":""Retail sale in non-specialized stores with food, beverages or tobacco predominating""}]"
24,GUJARAT,444,DANG,394715,26/04/2024,SHANTABEN DILIPBHAI CHAUDHARY,"32-2, 00, 00, 32-2, WAGHAI, AHWA","[{""NIC5DigitId"":""96098"",""Description"":""General household maintenance activities like grooming of the floor, dusting, cleaning of utensils etc.""}]"
24,GUJARAT,444,DANG,394710,18/01/2025,BARIYA HARSHKUMAR MANHARBHAI,"6, MASJID LINE CIVIL HOSPITAL AHWA, THE DANGS, 6, 0, THE DANGS","[{""NIC5DigitId"":""49223"",""Description"":""Rental of private cars with driver""}]"
24,GUJARAT,444,DANG,394610,12/1/2025,UTTAMBHAI LAHNUBHAI CHAUDHARI,"134, SKUL FALIYU, 0, 134, 0, DANGS","[{""NIC5DigitId"":""43900"",""Description"":""Other specialized construction activities""}]"
24,GUJARAT,444,DANG,394716,13/01/2025,YASHODA FLORE MILL,"KARANJPADA, YASHODA FLORE MILL, MAIN ROAD, KARANJPADA, 394716, AHWA","[{""NIC5DigitId"":""47219"",""Description"":""Retail sale of other food products n.e.c.""}]"
24,GUJARAT,444,DANG,394716,3/1/2025,PRINCE RICE MILL,"JAMALA, PRINCE RIC MILL, MAIN ROAD, JAMALA, JAMALA, AHWA","[{""NIC5DigitId"":""47219"",""Description"":""Retail sale of other food products n.e.c.""}]"
24,GUJARAT,444,DANG,394730,3/1/2025,NAIK BHARTIBEN ISHWARBHAI,"-, BESIDE BUS STAND, VACHALU FALIYU, -, -, KUDKAS","[{""NIC5DigitId"":""16233"",""Description"":""Manufacture of market basketry, grain storage bins and similar products made of bamboo or reed""}]"
24,GUJARAT,444,DANG,394710,2/1/2025,SAMARTH COMPUTERS,"AA, SHOP NO 17, DAN SEVA MANDAL COMPLEX, AA, AA, AHWA","[{""NIC5DigitId"":""95112"",""Description"":""Repair and maintenance of automated terminals like automatic teller machines, point-of-sale (POS) terminals, not mechanically operated""}]"
24,GUJARAT,444,DANG,394730,21/08/2024,MAHI CSC  CENTER,"AT LAVARIYA, LAVARIYA, TA WAGHAI, AT LAVARIYA, LAVARIYA, DANG","[{""NIC5DigitId"":""62099"",""Description"":""Other information technology and computer service activities n.e.c""}]"
24,GUJARAT,444,DANG,394715,16/08/2024,Vishnubhai Rushibhai Tandel,"0, 0, koshimda, 0, 0, koshimda","[{""NIC5DigitId"":""49231"",""Description"":""Motorised road freight transport""}]"
24,GUJARAT,444,DANG,394710,16/07/2024,NAZMI TIN WORK,"-, SARDAR BAZAR, SARDAR BAZAR COLONY, -, AHWA, AHWA","[{""NIC5DigitId"":""07299"",""Description"":""Mining of other non-ferrous metal ores, n.e.c. [titanium ( ilmenite and rutile) ,niobium, tantalum, vanadium or zirconium ores; tin bearing ores; and, nickel, cobalt, tungsten, molybdenum, antimony and other non-ferrous metal ores]""}]"
24,GUJARAT,444,DANG,394710,29/04/2024,JAY CONSTRUCTION,"0, JADAV COMPLEX, AHWA MAIN ROAD, 0, 0, AHWA","[{""NIC5DigitId"":""42909"",""Description"":""Other civil engineering projects n.e.c.""}]"
24,GUJARAT,444,DANG,394710,26/11/2024,ANSH KARIYANA STORE,"01,, ANSH KARIYANA STORE, LINGA ROAD, 01,, AHWA, AHWA","[{""NIC5DigitId"":""47110"",""Description"":""Retail sale in non-specialized stores with food, beverages or tobacco predominating""}]"
24,GUJARAT,444,DANG,394710,26/11/2024,hilim amitbhai rameshbhai,"TOKARDAHAD, NEAR TOKARDAHAD PRATHMIK SALA, GAURYA, TOKARDAHAD, AHWA, DANG","[{""NIC5DigitId"":""01631"",""Description"":""Preparation of crops for primary markets, i.e. cleaning, trimming, grading, disinfecting""}]"
24,GUJARAT,444,DANG,394715,26/11/2024,SHUKAR BASKET,"CHICHINAGAOTHA, OPP BUS STAND, WAGHAI, CHICHINAGAOTHA, WAGHAI, DANG","[{""NIC5DigitId"":""16233"",""Description"":""Manufacture of market basketry, grain storage bins and similar products made of bamboo or reed""}]"
24,GUJARAT,444,DANG,394710,2/9/2024,UMESH FOOTWARE,"-, MISSIONPADA AHWA, MISSIONPADA, -, AHWA, AHWA","[{""NIC5DigitId"":""46413"",""Description"":""Wholesale of footwear""}]"
24,GUJARAT,444,DANG,394716,9/2/2024,snidhi fhoto studio,"singana, singanan, subir navapur road, singana, subir, singana","[{""NIC5DigitId"":""17091"",""Description"":""Manufacture of computer paper""}]"
24,GUJARAT,444,DANG,394730,4/5/2024,DIGITAL NAARI,"62, SAKARPATAL, SAPUTARA ROAD, 62, WAGHAI, AHWA","[{""NIC5DigitId"":""64990"",""Description"":""Other financial service activities, except insurance and pension funding activities, n.e.c""}]"
24,GUJARAT,444,DANG,394710,27/11/2020,MATIKAM &  DAVNI BRICKS,"11, Subir, Subir, 11, 11, Subir","[{""NIC5DigitId"":""23921"",""Description"":""Manufacture of bricks""}]"
24,GUJARAT,444,DANG,294715,16/02/2022,MITUL OPTICAL,"Hanvatchod, The dang sarovar Gujarat 394715, Waghai, Hanvatchod, Waghai, Dang","[{""NIC5DigitId"":""23109"",""Description"":""Manufacture of other glassware\/ glass proudcts: articles of glass used in construction such as glass blocks; clock or watch glasses, optical glass and optical glass elements not optically worked; and other glass products (including glass beads) n.e.c""}]"
24,GUJARAT,444,DANG,394710,31/03/2024,Vaibhav Welding Workshop,"0, -, RANG UPAVAN NI SAME, 0, AHWA, AHWA","[{""NIC5DigitId"":""27102"",""Description"":""Manufacture of electric power distribution transformers, arc-welding transformers, fluorescent ballasts, transmission and distribution voltage regulators""}]"
24,GUJARAT,444,DANG,394710,18/04/2024,MAHAMAD KIRANA & GROCERY STORE,"588, PATEL PADA, SARASVATI SCHOOL ROAD, 588, 00, AHWA","[{""NIC5DigitId"":""46301"",""Description"":""Wholesale of fruits & vegetables""}]"
24,GUJARAT,444,DANG,394710,31/01/2025,Gavit balu v,"39, Pandva, Main road, 39, Ahwa dang, Ahwa","[{""NIC5DigitId"":""79110"",""Description"":""Travel agency activities""}]"
24,GUJARAT,444,DANG,394716,9/7/2024,KRISHNA HOTEL,"68, PATEL FALIYU, PATEL FALIYU BAJAR GALI, 68, SUBIR, DANG AHWA","[{""NIC5DigitId"":""47211"",""Description"":""Retail sale of cereals and pulses, tea, coffee, spices and flour""}]"
24,GUJARAT,444,DANG,394716,26/08/2023,SANDIPBHAI JIVRAJBHAI GAVLI,"28, dungri faliya, Shabri DHam, 28, -, Subir","[{""NIC5DigitId"":""49231"",""Description"":""Motorised road freight transport""}]"
24,GUJARAT,444,DANG,397410,22/03/2024,SAVITABEN VAGHABHAI RABARI,"0, 0, MAIN ROAD, 0, 0, THE DANGS","[{""NIC5DigitId"":""46302"",""Description"":""Wholesale of raw milk & dairy products""}]"
24,GUJARAT,444,DANG,394716,10/2/2025,Niteshbhai,"123, Sabri Dham, Subir, 123, Subir, Subir","[{""NIC5DigitId"":""56102"",""Description"":""Cafeterias, fast-food restaurants and other food preparation in market stalls""}]"
24,GUJARAT,444,DANG,394715,13/02/2025,VANITA BASKET,"-, KOTVALIYA VASAHAT COMMITTEE HALL, KOTVALIYA VASAHAT, -, -, CHICHINAGAONTHA","[{""NIC5DigitId"":""16233"",""Description"":""Manufacture of market basketry, grain storage bins and similar products made of bamboo or reed""}]"
24,GUJARAT,444,DANG,394730,13/02/2025,tammna taylor,"000, SHAMGAHAN, SONUNIYA ROAD, 000, AHWA, SHAMGAHAN","[{""NIC5DigitId"":""28299"",""Description"":""Manufacture of other special-purpose machinery n.e.c.""}]"
24,GUJARAT,444,DANG,394716,11/2/2025,Hilim Hajeembhai Rameshbhai,"3, Dhongiamba, Shabari Dham, 3, Dhongiamba, Dhongiamba","[{""NIC5DigitId"":""56302"",""Description"":""Tea\/coffee shops""}]"
24,GUJARAT,444,DANG,394710,10/2/2025,Vaishali Ledish Tailor,"Ahwa, Ahwa (Sardar Market), Ahwa, Ahwa, Ahwa, Ahwa","[{""NIC5DigitId"":""14105"",""Description"":""Custom tailoring""}]"
24,GUJARAT,444,DANG,394710,6/2/2025,Vihan jan seva kendra,"Chinchli, chinchli, Ahwa, Chinchli, Ahwa, Ahwa","[{""NIC5DigitId"":""62099"",""Description"":""Other information technology and computer service activities n.e.c""}]"
24,GUJARAT,444,DANG,394720,6/2/2025,R.K.SHOP SAPUTARA,"2-134, NAVAGAM, NAVAGAM FALIYU, 2-134, SAPUTARA GRAMYVISTAR, SAPUTARA","[{""NIC5DigitId"":""47810"",""Description"":""Retail sale via stalls and markets of food, beverages and tobacco products""}]"
24,GUJARAT,444,DANG,394710,6/2/2025,Deep Tailar,"Ahwa, Sardar Market, Ahwa, Ahwa, Ahwa, Ahwa","[{""NIC5DigitId"":""14105"",""Description"":""Custom tailoring""}]"
24,GUJARAT,444,DANG,394716,6/2/2025,TANIX ENTERPRISE,"17 BAJAR FALIYU, SUBIR CHHAR RASTA BAJAR FALIYU, NAVAPUR ROAD BAJAR FALIYU, 17 BAJAR FALIYU, 17, SUBIR DANG","[{""NIC5DigitId"":""62020"",""Description"":""Computer consultancy and computer facilities management activities""}]"
24,GUJARAT,444,DANG,394710,5/3/2022,BHUVNESHWARI AGRO CENTER,"House no 212, Yashasvi Bhavan, Kabrastan road, House no 212, C.S.N.1925, Ahva","[{""NIC5DigitId"":""46201"",""Description"":""Wholesale of cereals & pulses""},{""NIC5DigitId"":""46205"",""Description"":""Wholesale of flowers and plants""},{""NIC5DigitId"":""46207"",""Description"":""Wholesale of oilseed oleaginous fruits""},{""NIC5DigitId"":""46209"",""Description"":""Whole sale of other agriculture raw materials n.e.c.""}]"
24,GUJARAT,444,DANG,394710,28/05/2022,KAMLESHBHAI SOMABHAI GAVIT,"01, AT POST GADHAVI, GADHAVI, 01, AHWA, AHWA","[{""NIC5DigitId"":""01639"",""Description"":""Other post harvest crop activities, n.e.c.""}]"
24,GUJARAT,444,DANG,394715,3/2/2022,BIPINBHAI SHIVAJIBHAI GAMIT,"01, AT POST NISHAL FALIYU KOSHIMDA, NISHAL FALIYU KOSHIMDA TALUKO, 01, WAGHAI, WAGHAI","[{""NIC5DigitId"":""68200"",""Description"":""Real estate activities on a fee or contract basis""}]"
24,GUJARAT,444,DANG,394730,27/10/2020,RAJESHBHAI TRANSPORT,"0, ZAVDA, JHAVDASAJA, 0, 0, AHWA","[{""NIC5DigitId"":""49212"",""Description"":""Urban or suburban tramways""}]"
24,GUJARAT,444,DANG,394710,30/11/2021,Gaurang nursing home,"Main road, Ahwa, Mandir road, Main road, Ahwa, Ahwa","[{""NIC5DigitId"":""86100"",""Description"":""Hospital activities""}]"
24,GUJARAT,444,DANG,394710,24/01/2022,SHRI SAFIBHAI MAHAMADBHAI WANI,"MISSION PADA, NEAR EKLAVYA SCHOOL, AHWA, MISSION PADA, AHWA, AHWA","[{""NIC5DigitId"":""78200"",""Description"":""Temporary employment agency activities""},{""NIC5DigitId"":""42204"",""Description"":""Construction and maintenance of water main and line connection, water reservoirs including irrigation system (canal)""},{""NIC5DigitId"":""43122"",""Description"":""Site preparation including drilling, boring and core sampling for construction, geophysical, geological or similar purposes""}]"
24,GUJARAT,444,DANG,394710,13/10/2021,NAITI FOOTWEAR,"0, MAIN BAZAR, MAIN ROAD, 0, 0, AHWA","[{""NIC5DigitId"":""47713"",""Description"":""Retail sale of footwear""}]"
24,GUJARAT,444,DANG,394710,17/11/2021,MATOSHRI TRADERS,"-, -, PATELPADA, NAVAPUR ROAD, -, -, DANG","[{""NIC5DigitId"":""45101"",""Description"":""Wholesale and retail sale of new vehicles (passenger motor vehicles, ambulances, minibuses, jeeps, trucks, trailers and semi-trailers)""}]"
24,GUJARAT,444,DANG,394716,4/8/2022,Pawar Welding Works,"Ahirpada, Ahirpada, Ahirpada, Ahirpada, Garkhadi, Subir","[{""NIC5DigitId"":""25999"",""Description"":""Manufacture of other fabricated metal products n.e.c.""}]"
24,GUJARAT,444,DANG,394720,30/11/2021,RED FLOWER HOSPITALITY,"VILLAS DE RESORT, YOGIRAJ BUNGALOW, SAPUTARA NASHIK ROAD, VILLAS DE RESORT, SAPUTARA, DANG","[{""NIC5DigitId"":""55101"",""Description"":""Hotels and Motels, inns, resorts providing short term lodging facilities; includes accommodation in house boats""}]"
24,GUJARAT,444,DANG,394710,4/7/2022,NIGAHEKARIM SCRAP BUSINESS,"0, ST DEPO NI BAJUMA, CANTIN NI SAME, 0, 0, AHWA","[{""NIC5DigitId"":""38120"",""Description"":""Collection of hazardous waste""}]"
24,GUJARAT,444,DANG,394710,10/5/2022,KANTILAL KIRANA STORE,"237-2, BHENSKATRI NAKA FALIYA, NAKA FALIYA, 237-2, 0, VILL BHENSKATRI TA WAGHA","[{""NIC5DigitId"":""47890"",""Description"":""Retail sale via stalls and markets of other goods""}]"
24,GUJARAT,444,DANG,394710,29/10/2021,MANJULABEN HOSPITAL,"5, Manjulaben hospital building, Mission colony., 5, Ahwa, Ahwa","[{""NIC5DigitId"":""86100"",""Description"":""Hospital activities""}]"
24,GUJARAT,444,DANG,394710,31/03/2022,BHARAT POLUTRY FARM,"0, BHARAT POLUTRY FARM, NAVAPUR, 0, 0, AHWA","[{""NIC5DigitId"":""46201"",""Description"":""Wholesale of cereals & pulses""},{""NIC5DigitId"":""46203"",""Description"":""Wholesale of live animals and poultry""}]"
24,GUJARAT,444,DANG,394730,15/10/2022,PATEL KIRANA STORE,"1-66-1, patel kirana store, kala amba faliyu, 1-66-1, samgahan, ahwa","[{""NIC5DigitId"":""52101"",""Description"":""Warehousing of refrigerated (cold storage)""},{""NIC5DigitId"":""46304"",""Description"":""Wholesale of confectionery, bakery products and beverages other than intoxicants""}]"
24,GUJARAT,444,DANG,394720,5/12/2022,PUROHIT PARLOUR  (Pro.Of Harisinh Mohansinh Rajpurohit),"Shop No 1,, Near Lake View Hotel, Opp Lake,, Ahwa , The Dangs,, Shop No 1,, -, Dang,","[{""NIC5DigitId"":""47219"",""Description"":""Retail sale of other food products n.e.c.""}]"
24,GUJARAT,444,DANG,394716,3/1/2023,PREET CLINIC,"Pipaldahad, Pipaldahad, Pipaldahad, Pipaldahad, Subir, Subir","[{""NIC5DigitId"":""86100"",""Description"":""Hospital activities""}]"
24,GUJARAT,444,DANG,394730,27/10/2021,MARUTI PRINTERS,"AT ASHANAGAR, MARUTI PRINTERS, WAGHAI CHAR RASTA, AT ASHANAGAR, WAGHAI, WAGHAI","[{""NIC5DigitId"":""74909"",""Description"":""Other professional, scientific and technical activities n.e.c.""}]"
24,GUJARAT,444,DANG,394730,9/12/2021,DHARMUBHAI BHOVANBHAI THORAT,"01, AT POST KOYLIPADA ZAVDA, KOYLIPADA ZAVDA, 01, WAGHAI, AHWA","[{""NIC5DigitId"":""01639"",""Description"":""Other post harvest crop activities, n.e.c.""}]"
24,GUJARAT,444,DANG,396710,25/11/2021,MAHESHBHAI A GAVIT,"., NISHAL FALIYU AHWA, THE DANGS, ., ., GADHVI","[{""NIC5DigitId"":""49223"",""Description"":""Rental of private cars with driver""}]"
24,GUJARAT,444,DANG,394720,16/06/2022,TOUR AND TRAVELS,"AHWA, AHWA, AHWA, AHWA, SAPUTARA, DANG","[{""NIC5DigitId"":""49229"",""Description"":""Other non urban passenger land transport n.e.c.""}]"
24,GUJARAT,444,DANG,394710,13/10/2020,PUC centre,"At laskariya, Post gondalvihir, Navapur road, At laskariya, -, Ahwa dang","[{""NIC5DigitId"":""82990"",""Description"":""Other business support service activities n.e.c.""}]"
24,GUJARAT,444,DANG,394710,27/06/2022,Store,"Garkhadi, Nichlu Faliyu, Nichlu Faliyu, Garkhadi, No, Ahwa","[{""NIC5DigitId"":""45200"",""Description"":""Maintenance and repair of motor vehicles""}]"
24,GUJARAT,444,DANG,394716,29/09/2021,Nilesh Trading,"22 Bilbari, Naktiya Hanwat, Bilbari, 22 Bilbari, Subir, Subir","[{""NIC5DigitId"":""56291"",""Description"":""Activities of food service contractors (e.g. for transportation companies)""}]"
24,GUJARAT,444,DANG,394730,26/05/2022,MAA SAPTSHRUNGI PETROLIUM,"0, MAA SAPTSHRUNGI PETROLIUM, AHERADI ROAD, 0, 0, AHWA","[{""NIC5DigitId"":""47300"",""Description"":""Retail sale of automotive fuel in specialized stores [includes the activity of petrol filling stations.""}]"
24,GUJARAT,444,DANG,394710,2/3/2022,JOSHI GENERAL STORES,"0, JAGRUTI SOCIETY, 0, 0, 0, AHWA","[{""NIC5DigitId"":""47594"",""Description"":""Retail sale of refrigerators, washing machines and other electrical\/electronic household goods""},{""NIC5DigitId"":""47630"",""Description"":""Retail sale of sporting equipment in specialized stores""}]"
24,GUJARAT,444,DANG,361335,20/01/2021,KESHAV FASHION WORLD,"LAXMI MARBLE ROAD, JALARAM SOCIETY, DWARKA, LAXMI MARBLE ROAD, DWARKA, DWARKA","[{""NIC5DigitId"":""14101"",""Description"":""Manufacture of all types of textile garments and clothing accessories""}]"
24,GUJARAT,444,DANG,394710,21/12/2023,DUSANE JIGNESHBHAI HASMUKHBHAI,"20, Javar colony, Javar colony, 20, The dangs, Ahwa","[{""NIC5DigitId"":""47592"",""Description"":""Retail sale of household utensils and cutlery, crockery, glassware, china and pottery""}]"
24,GUJARAT,444,DANG,394730,8/5/2024,MAHI MOTOR DRIVING TRAINING SCHOOL,"AT POST, ASHA NAGAR WAGHAI, ASHA NAGAR, AT POST, WAGHAI, AHWA DANG","[{""NIC5DigitId"":""79120"",""Description"":""Tour operator activities""}]"
24,GUJARAT,444,DANG,394730,24/10/2023,GAVIT FOOTWEAR,"1, BHENDMAL, NAKUFALIYU, 1, 1, BHENDMAL","[{""NIC5DigitId"":""46413"",""Description"":""Wholesale of footwear""}]"
24,GUJARAT,444,DANG,394710,22/05/2024,STHAI KIRANA STORE,"06, STHAI, UPALU FALIYU, 06, 1, AHWA","[{""NIC5DigitId"":""10799"",""Description"":""Other semi-processed, processed or instant foods n.e.c. except farinaceous products and malted foods and manufacturing activities like manufacture of egg powder, sambar powder etc. (this excludes the activities covered under 10619)""}]"
24,GUJARAT,444,DANG,394720,6/2/2024,Sachin fast food,"Sai Bazar, Sai Bazar, Petrol pump, Sai Bazar, saputara, Ahwa","[{""NIC5DigitId"":""56101"",""Description"":""Restaurants without bars""}]"
24,GUJARAT,444,DANG,394710,15/11/2023,NEW HARI OM NOVELTY STORE,"Na, Na, Opp sardar market, Na, Na, Ahwa","[{""NIC5DigitId"":""47592"",""Description"":""Retail sale of household utensils and cutlery, crockery, glassware, china and pottery""}]"
24,GUJARAT,444,DANG,394710,9/2/2024,deshmukh suthari work,"20, isdar, borkhal road, 20, ahwa, isdar","[{""NIC5DigitId"":""16229"",""Description"":""Manufacture of builders' carpentry and joinery n.e.c.""}]"
24,GUJARAT,444,DANG,394730,6/2/2024,pradhan ilectric,"near hospital, samgahan, saputara road, near hospital, ahwa, sahmgahan","[{""NIC5DigitId"":""27101"",""Description"":""Manufacture of power generators (except battery charging alternators for internal combustion engines), motor generator sets (except turbine generator set units)""}]"
24,GUJARAT,444,DANG,394710,2/2/2024,Mayur Photo Studio,"B- 14, Juni shastri Colony, Juni shastri Colony, B- 14, B, Ahwa","[{""NIC5DigitId"":""74201"",""Description"":""Commercial and consumer photograph production""}]"
24,GUJARAT,444,DANG,394710,6/7/2022,G S BROTHERS STEEL FURNITURE & TRADERS,"NAVAPUR ROAD, PATEL PADA, AHWA, NAVAPUR ROAD, 0, AHWA","[{""NIC5DigitId"":""26109"",""Description"":""Manufacture of other electronic components n.e.c""}]"
24,GUJARAT,444,DANG,394730,16/01/2023,NAIMBHAI KADARBHAI BAVAJEER,"NAKA FALIYU, NEAR SARDAR VIDHAYALA, NEAR SARDAR VIDHAYALA, NAKA FALIYU, NAKA FALIYU, WAGHAI","[{""NIC5DigitId"":""68200"",""Description"":""Real estate activities on a fee or contract basis""}]"
24,GUJARAT,444,DANG,394710,23/03/2022,PRIYANSHI POULTRY FARM,"137, VANKI, VANKI, 137, VILL VANKI, TA AHWA","[{""NIC5DigitId"":""01463"",""Description"":""Operation of poultry hatcheries""}]"
24,GUJARAT,444,DANG,394710,29/03/2022,H M Traders,"00, Medical Colony, Medical Colony, 00, 00, The Dangs","[{""NIC5DigitId"":""52293"",""Description"":""Activities of movers and packers""}]"
24,GUJARAT,444,DANG,394716,26/10/2021,PAWAR PRAKASHBHAI BABURAVBHAI,"65, na, patel faliyu, 65, subir, ahwa","[{""NIC5DigitId"":""47190"",""Description"":""Other retail sale in non-specialized stores""}]"
24,GUJARAT,444,DANG,394716,22/10/2021,SAI KRUPA TAILORING,"05, SAVARPADA, SAVARPADA, 05, SAVARPADA, SUBIR","[{""NIC5DigitId"":""13999"",""Description"":""Manufacture of other textiles\/textile products n.e.c.""}]"
24,GUJARAT,444,DANG,394710,11/2/2022,SAHYOG TOURS AND TRAVELS AGENCY,"MAIN ROAD, NEAR POST OFFICE, AHWA, MAIN ROAD, AHWA, AHWA","[{""NIC5DigitId"":""79900"",""Description"":""Other reservation service and related activities""}]"
24,GUJARAT,444,DANG,394710,28/01/2022,PRINS PLUMBING,"0, 0, MAIN ROAD, 0, 0, THE DANGS","[{""NIC5DigitId"":""43221"",""Description"":""Installation of plumbing for water, gas and sanitation equipments""}]"
24,GUJARAT,444,DANG,394710,28/02/2022,laksmi ladirs tailor,"512, javahar colony, school ni pachad, 512, 0, ahwa","[{""NIC5DigitId"":""74101"",""Description"":""Fashion design related to textiles, wearing apparel, shoes, jewelry, furniture and other fashion goods as well as other personal or household goods""}]"
24,GUJARAT,444,DANG,394716,13/03/2022,Ganral stor,"02, Desai, Sawarapda, 02, 2, Ahwa","[{""NIC5DigitId"":""47890"",""Description"":""Retail sale via stalls and markets of other goods""}]"
24,GUJARAT,444,DANG,394710,26/05/2022,OMKAR MANDAP DECORATION AND TRANSPORT,"01, AT POST JAVAHAR COLONY AHWA, JAVAHAR COLONY AHWA, 01, AHWA, AHWA","[{""NIC5DigitId"":""79900"",""Description"":""Other reservation service and related activities""}]"
24,GUJARAT,444,DANG,394720,20/05/2021,SAPUTARA FOODS,"SURVEY NO. 93, GIRI NAGAR, NEAR ROSE GARDEN, SURVEY NO. 93, DANG, TAL- SAPUTARA","[{""NIC5DigitId"":""10739"",""Description"":""Manufacture of other cocoa, chocolate, sugar confectionery products n.e.c.""},{""NIC5DigitId"":""10301"",""Description"":""Sun-drying of fruit and vegetables""},{""NIC5DigitId"":""10304"",""Description"":""Manufacture of fruit or vegetable juices and their concentrates, squashes and powder""},{""NIC5DigitId"":""10305"",""Description"":""Manufacture of sauces, jams, jellies and marmalades""},{""NIC5DigitId"":""10306"",""Description"":""Manufacture of pickles, chutney etc.""},{""NIC5DigitId"":""10307"",""Description"":""Canning of fruits and vegetables""},{""NIC5DigitId"":""10732"",""Description"":""Manufacture of chocolate and chocolate confectionery""},{""NIC5DigitId"":""10796"",""Description"":""Manufacture of papads, appalam and similar food products""}]"
24,GUJARAT,444,DANG,394710,25/09/2023,WAGH RUPALIBEN JADISHKUMAR,"180, PATELPADA AHWA, MAIN ROAD PATELPADA, 180, AHWA, AHWA","[{""NIC5DigitId"":""47110"",""Description"":""Retail sale in non-specialized stores with food, beverages or tobacco predominating""}]"
24,GUJARAT,444,DANG,394730,14/03/2023,KRISHNA HARDWARE AND ELECTRIC STORES,"MAIN BAZAR, KRISHNA HARDWARE AND ELECTRIC STORES, MAIN BAZAR, MAIN BAZAR, WAGHAI, WAGHAI","[{""NIC5DigitId"":""47521"",""Description"":""Retail sale of building material such as bricks, wood, sanitary equipment""}]"
24,GUJARAT,444,DANG,394710,28/07/2023,MOHANKAR SUSHMABEN SANDIPBHAI,"MISSIONPADA, T. POST. AHWA MISSIONPADA AHWA TA. AHWA DIST.DANG, AHWA, MISSIONPADA, AHWA, AHWA","[{""NIC5DigitId"":""47190"",""Description"":""Other retail sale in non-specialized stores""}]"
24,GUJARAT,444,DANG,394710,3/12/2020,MATIKAM & K.B.K BRICKS,"30, Galkund, Galkund, 30, 30, Ahwa","[{""NIC5DigitId"":""23921"",""Description"":""Manufacture of bricks""}]"
24,GUJARAT,444,DANG,394710,20/04/2022,A TO Z COMPUTER WORK,"02, MISSION COLONY, AHWA, 02, 0, AHWA","[{""NIC5DigitId"":""63992"",""Description"":""Activities of cyber café""},{""NIC5DigitId"":""95111"",""Description"":""Repair and maintenance of computer and peripheral equipment""},{""NIC5DigitId"":""18129"",""Description"":""Other service activities related to printing n.e.c.""}]"
24,GUJARAT,444,DANG,394710,3/7/2023,YUVA FARMING,"Village galkund, Yuva farming, Galkund, Village galkund, Ahwa, Ahwa","[{""NIC5DigitId"":""47213"",""Description"":""Retail sale of meat, meat products, poultry products, fish, other seafood and products thereof""}]"
24,GUJARAT,444,DANG,394710,28/12/2022,NOVELTY GENERAL STORE,"Novelty general stor, Mahadev mandir road, Mahadev mandir road, Novelty general stor, Devalpada, Ahwa","[{""NIC5DigitId"":""96098"",""Description"":""General household maintenance activities like grooming of the floor, dusting, cleaning of utensils etc.""}]"
24,GUJARAT,444,DANG,389151,5/6/2023,Asma medical and provision store,"Godhra road, SAEED FAYAZUDDIN LOHAR, GODHRA ROAD, Godhra road, Dahod, DAHOD","[{""NIC5DigitId"":""86201"",""Description"":""Medical practice activities""}]"
24,GUJARAT,444,DANG,394710,1/9/2022,Harsh Mens Parlour,"AT AHWA NAVAPUR ROAD, HANUMAN MANDIR NEAR, AHWA, AT AHWA NAVAPUR ROAD, AHWA, AHWA","[{""NIC5DigitId"":""96095"",""Description"":""Activities of sauna and steam baths, massage salons etc.""}]"
24,GUJARAT,444,DANG,394710,28/12/2020,Sihora rakeshbhai ghanshyambhai,"11, Khapri, Khapri, 11, 11, Ahwa","[{""NIC5DigitId"":""23921"",""Description"":""Manufacture of bricks""}]"
24,GUJARAT,444,DANG,394710,7/11/2020,POTTERY AND CLAY NUTAN BRICKS,"21, Khapri, Khapri, 21, 21, Ahwa-dang","[{""NIC5DigitId"":""23921"",""Description"":""Manufacture of bricks""}]"
24,GUJARAT,444,DANG,394710,16/08/2021,NITINBHAI MADHUBHAI BHOYE,"01, AT POST VANGAN TALUKO AHWA DIST DANG 394710, VANGAN, 01, AHWA, AHWA","[{""NIC5DigitId"":""68200"",""Description"":""Real estate activities on a fee or contract basis""}]"
24,GUJARAT,444,DANG,394710,25/09/2023,PATEL MITHILESHBHAI JOKHAIRAM,"50, SHIKSHAN COLONY, SHIKSHAN COLONY, 50, AHWA, AHWA","[{""NIC5DigitId"":""47990"",""Description"":""Other retail sale not in stores, stalls or markets""}]"
24,GUJARAT,444,DANG,394710,31/03/2024,MAA KRUPA GENERAL STORE,"93K, BAJAR  FALIYU, JAMDAR ROAD, 93K, GALKUND, DANGS (Ahwa)","[{""NIC5DigitId"":""63999"",""Description"":""Other information service activities n.e.c.""}]"
24,GUJARAT,444,DANG,394710,28/12/2020,MATIKAM & V.G.S BRICKS,"11, Khapri, Khapri, 11, 11, Ahwa","[{""NIC5DigitId"":""23921"",""Description"":""Manufacture of bricks""}]"
24,GUJARAT,444,DANG,394730,7/2/2024,VIKASHBHAI LAXMANBHAI GAYKAWAD,"00, SINGAL FALIYU, WAGHAI, 00, 00, WAGHAI","[{""NIC5DigitId"":""46301"",""Description"":""Wholesale of fruits & vegetables""}]"
24,GUJARAT,444,DANG,394710,25/10/2023,A L Kamdi Construction,"At Gondalvihir, Po Gondalvihir, Gondalvihir, At Gondalvihir, Gondalvihir, GONDALVIHIR","[{""NIC5DigitId"":""41003"",""Description"":""Assembly and erection of prefabricated constructions on the site""}]"
24,GUJARAT,444,DANG,394730,30/09/2023,Kirana Store,"351, 0, Uplu Faliya, 351, 0, Waghai","[{""NIC5DigitId"":""47214"",""Description"":""Retail sale of bakery products, dairy products and eggs""},{""NIC5DigitId"":""47219"",""Description"":""Retail sale of other food products n.e.c.""}]"
24,GUJARAT,444,DANG,394730,24/03/2023,JAIRAM NASTA CENTER,"SAKARPATAL, NEAR SAI NURSING HOME, SAPUTARA ROAD, SAKARPATAL, 0, DANG","[{""NIC5DigitId"":""56102"",""Description"":""Cafeterias, fast-food restaurants and other food preparation in market stalls""},{""NIC5DigitId"":""56292"",""Description"":""Operation of canteens or (e.g. for factories, offices, hospitals or schools) on a concession basis""}]"
24,GUJARAT,444,DANG,394730,11/4/2023,SHIVANI RESTAURANT,"MAIN BAZAR AT PO&TA, MAIN BAZAR AT PO&TA, Ahwadangs, MAIN BAZAR AT PO&TA, WAGHAI, Ahwa,","[{""NIC5DigitId"":""56101"",""Description"":""Restaurants without bars""},{""NIC5DigitId"":""56102"",""Description"":""Cafeterias, fast-food restaurants and other food preparation in market stalls""},{""NIC5DigitId"":""56103"",""Description"":""Ice cream mobile vendors, mobile food carts""},{""NIC5DigitId"":""56104"",""Description"":""Restaurant and bar activities connected to transportation, when carried out by separate units""},{""NIC5DigitId"":""56210"",""Description"":""Event catering""},{""NIC5DigitId"":""56291"",""Description"":""Activities of food service contractors (e.g. for transportation companies)""},{""NIC5DigitId"":""56292"",""Description"":""Operation of canteens or (e.g. for factories, offices, hospitals or schools) on a concession basis""},{""NIC5DigitId"":""56301"",""Description"":""Bars and Restaurants with bars""},{""NIC5DigitId"":""56302"",""Description"":""Tea\/coffee shops""},{""NIC5DigitId"":""56303"",""Description"":""Fruit juice bars""},{""NIC5DigitId"":""56304"",""Description"":""Mobile beverage vendors""}]"
24,GUJARAT,444,DANG,394710,30/08/2023,DANG JILLA PARAGLIDING ADVENTURE ASSOCIATION,"0, M/S DANG JILLA PARAGLIDING ADVENTURE ASSOCIATION, KESHAV COMPLEX, 0, 0, DANG","[{""NIC5DigitId"":""78100"",""Description"":""Activities of employment placement agencies""},{""NIC5DigitId"":""93110"",""Description"":""Operation of sports facilities""}]"
24,GUJARAT,444,DANG,394710,12/9/2022,AHIRE TRADERS,"AT EDUCATION COLONY, AHIRE TRADERS, At education colony Near DRDA, AT EDUCATION COLONY, AHWA, Ahwa","[{""NIC5DigitId"":""46632"",""Description"":""Wholesale of construction materials (sand, gravel etc.)""}]"
24,GUJARAT,444,DANG,394716,10/4/2024,SHRI BHOYE RAMESHBHAI RADUBHAI,"1, PORASMAL, PIPALIDEVI, 1, SCHOOL, PORASMAL","[{""NIC5DigitId"":""46301"",""Description"":""Wholesale of fruits & vegetables""}]"
24,GUJARAT,444,DANG,394730,7/2/2024,NIYATI HAND WORKING,"1-77, RAJENDRAPUR VISTAR, RAJENDRAPUR, 1-77, -, WAGHAI","[{""NIC5DigitId"":""13992"",""Description"":""Zari work and other ornamental trimmings""}]"
24,GUJARAT,444,DANG,394730,11/11/2020,Van oshadi nahari kendra,"32, sakarpatal, sakarpatal, 32, 32, waghai","[{""NIC5DigitId"":""86909"",""Description"":""Other human health activities n.e.c. (including independent ambulance activities)""}]"
24,GUJARAT,444,DANG,394715,11/9/2023,PRADHAN MANTRI FORMALISATION OF MICRO FOOD PROCESSING ENTERPRISE SCHEME,"188, NADGAKHADI, MEN ROAD, 188, AHWA, AHAW","[{""NIC5DigitId"":""10719"",""Description"":""Manufacture of other bakery products n.e.c.""}]"
24,GUJARAT,444,DANG,394710,20/07/2023,SHIV SHAKTI DAIRY FARMING,"NARIAMBA FALIYU, GRAMYAVISTAR, AHWA, NARIAMBA FALIYU, AHWA, AHWA","[{""NIC5DigitId"":""46302"",""Description"":""Wholesale of raw milk & dairy products""}]"
24,GUJARAT,444,DANG,394715,8/9/2023,KRISHA GENERAL STORE (DIGITAL CENTER ),"0, DARAFALIYU, MAHAL ROAD, 0, 0, WAGHAI","[{""NIC5DigitId"":""64990"",""Description"":""Other financial service activities, except insurance and pension funding activities, n.e.c""}]"
24,GUJARAT,444,DANG,394710,6/6/2023,SHREE BHOMIYAJI AGENCY,"AHWA MAIN ROAD, AHWA, AHWA, AHWA MAIN ROAD, AHWA, AHWA","[{""NIC5DigitId"":""95210"",""Description"":""Repair of consumer electronics""}]"
24,GUJARAT,444,DANG,394710,5/6/2023,JIYO DIL SE FAST FOOD,"1, AHWA, AHWA SIKSHAN COLONY, 1, 0, AHWA","[{""NIC5DigitId"":""56101"",""Description"":""Restaurants without bars""}]"
24,GUJARAT,444,DANG,394716,28/08/2023,ASHISH TRANSPORT,"-, REST HAOUSE, SHABRI DHAM, -, -, SUBIR","[{""NIC5DigitId"":""49231"",""Description"":""Motorised road freight transport""}]"
24,GUJARAT,444,DANG,394710,17/04/2023,VIDHI TRADERS,"VIDHI TRADERS, SAMGAHAN, SAPUTARA WAGHAI MAIN ROAD, VIDHI TRADERS, TA AHWA, SAPUTARA","[{""NIC5DigitId"":""46101"",""Description"":""Activities of commission agents, brokers dealing in wholesale trade of agricultural raw material, live animals, food, beverages, intoxicants and textiles""}]"
24,GUJARAT,444,DANG,394730,21/05/2021,SHRI GURUKRUPA MAHLA HOTEL GIRADODH,"0, AMBAPADA, DI DANG, 0, TAL WAGHAI, WAGHAI","[{""NIC5DigitId"":""55101"",""Description"":""Hotels and Motels, inns, resorts providing short term lodging facilities; includes accommodation in house boats""},{""NIC5DigitId"":""56101"",""Description"":""Restaurants without bars""},{""NIC5DigitId"":""56210"",""Description"":""Event catering""},{""NIC5DigitId"":""56291"",""Description"":""Activities of food service contractors (e.g. for transportation companies)""}]"
24,GUJARAT,444,DANG,394730,11/11/2020,NAHARI VANOSHADI KENDR,"25, WAGHAI NAHARI HOTEL, WAGHAI, 25, 25, WAGHAI","[{""NIC5DigitId"":""86909"",""Description"":""Other human health activities n.e.c. (including independent ambulance activities)""}]"
24,GUJARAT,444,DANG,396530,12/11/2020,VANOSHADI NAHARI KENDR,"03, WAGHAI  NAHARI KENDR, WAGHAI, 03, 03, WAGHAI","[{""NIC5DigitId"":""86909"",""Description"":""Other human health activities n.e.c. (including independent ambulance activities)""}]"
24,GUJARAT,444,DANG,394730,18/05/2021,AJAY TAILOR,"MAIN ROAD WAGHAI, 5-6 JUNI MARKET, MAIN ROAD BAZAR, MAIN ROAD WAGHAI, -, WAGHAI","[{""NIC5DigitId"":""14109"",""Description"":""Manufacture of wearing apparel n.e.c.""}]"
24,GUJARAT,444,DANG,394730,5/4/2023,SAIKRUPA XEROX CENTER,"2, SAIKRUPA XEROX CENTER, MAIN BAJAR, 2, WAGHAI, WAGHAI","[{""NIC5DigitId"":""96098"",""Description"":""General household maintenance activities like grooming of the floor, dusting, cleaning of utensils etc.""}]"
24,GUJARAT,444,DANG,394716,21/10/2022,BHOYE YOGESHBHAI MOTIRAMBHAI,"0, 0, ATEL FALIYU TRAN RASTA NISAME, 0, 0, DANG","[{""NIC5DigitId"":""47110"",""Description"":""Retail sale in non-specialized stores with food, beverages or tobacco predominating""},{""NIC5DigitId"":""47613"",""Description"":""Retail sale of stationery office supplies such as pens, pencils, paper etc.""}]"
24,GUJARAT,444,DANG,394710,20/09/2023,VIKIBHAI JAGDISHBHAI PAWAR,"SARDAR BAZAR, MAIN ROAD SARDAR BAZAR, MAIN ROAD SARDAR BAZAR, SARDAR BAZAR, AHWA, AHWA","[{""NIC5DigitId"":""93190"",""Description"":""Other sports activities""}]"
24,GUJARAT,444,DANG,394720,13/09/2022,R A WAGHMARE,"AT. NAVAGAM, PO. SAPUTARA TA. AHWA, AHWA, AT. NAVAGAM, BEHIND PRIMARY SCHOOL, AHWA","[{""NIC5DigitId"":""93290"",""Description"":""Other amusement and recreation activities n.e.c.""}]"
24,GUJARAT,444,DANG,394710,21/06/2024,MARUTI KIRANA AND GENERAL STORE,"01, MARUTI, VACHALU FALIYU, 01, 1, AHWA","[{""NIC5DigitId"":""47110"",""Description"":""Retail sale in non-specialized stores with food, beverages or tobacco predominating""}]"
24,GUJARAT,444,DANG,394710,12/6/2025,MAA VIHAT SHOP,"AHWA, NEAR COLLECTOR OFFICE, MAIN ROAD, AHWA, AHWA, AHWA","[{""NIC5DigitId"":""47211"",""Description"":""Retail sale of cereals and pulses, tea, coffee, spices and flour""}]"
24,GUJARAT,444,DANG,394715,18/06/2025,DILIPBHAI GAMAJBHAI GAIN,"0, KHATAL, KHATAL, 0, 0, THE DANG","[{""NIC5DigitId"":""49300"",""Description"":""Transport via pipeline""}]"
24,GUJARAT,444,DANG,394716,26/05/2023,CHANDUBHAI LAHANUBHAI PAWAR,"00, LAVACHALI, LAVACHALI, 00, PADLKHADI, SUBIR","[{""NIC5DigitId"":""46594"",""Description"":""Wholesale of construction and civil engineering machinery and equipment""}]"
24,GUJARAT,444,DANG,394710,12/6/2025,ZAM ZAM CHICKEN BIRYANI CENTER,"00, SP OFFICE NIN SAME, MAIN ROAD, 00, 0, AHWA","[{""NIC5DigitId"":""56102"",""Description"":""Cafeterias, fast-food restaurants and other food preparation in market stalls""}]"
24,GUJARAT,444,DANG,394710,21/08/2025,JAYKUMAR LAXMIKANT RANE,"46, LAXMIKANT RANE, PATEL PADA ROAD JADAV COMPLEX, 46, AHWA, AHWA","[{""NIC5DigitId"":""47190"",""Description"":""Other retail sale in non-specialized stores""}]"
24,GUJARAT,444,DANG,394730,22/08/2025,K G N SADI WORK,"AA, DARGAH ROAD, AMBAMATA NU MANDIR, AA, AA, WAGHAI","[{""NIC5DigitId"":""96098"",""Description"":""General household maintenance activities like grooming of the floor, dusting, cleaning of utensils etc.""}]"
24,GUJARAT,444,DANG,394710,9/12/2024,DOBARIA DILIPBHAI NARANBHAI,"AHWA, DUNGRI FALIYA AHWA, AHWA, AHWA, AHWA, AHWA","[{""NIC5DigitId"":""77100"",""Description"":""Renting and leasing of motor vehicles""}]"
24,GUJARAT,444,DANG,394730,19/02/2025,JEET WELDING WORKERS,"SHOP NO. 6, JEET WELDING WORKERS, OPP.SBI BANK, SHOP NO. 6, AHWA, SAPUTARA","[{""NIC5DigitId"":""27102"",""Description"":""Manufacture of electric power distribution transformers, arc-welding transformers, fluorescent ballasts, transmission and distribution voltage regulators""}]"
24,GUJARAT,444,DANG,384716,21/09/2024,WAGHERA JASHVANTBHAI RATANBHAI,"BAJAR FALIYU, SHABRI DHAM, MAIN ROAD, BAJAR FALIYU, SUBIR, SUBIR","[{""NIC5DigitId"":""49224"",""Description"":""Taxi operation""}]"
24,GUJARAT,444,DANG,394710,30/11/2024,NIRMALABEN DHARMUBHAI KAMDI,"152, PATEL FALIYU, ,, 152, ,, DANGS","[{""NIC5DigitId"":""71100"",""Description"":""Architectural and engineering activities and related technical consultancy""}]"
24,GUJARAT,444,DANG,394710,6/12/2024,BHOYE PRUTHVIBHAI VASANTBHAI,"JAWAHAR COLONY AHWA, SARASVATI SCHOOL NI SAME, JAWAHAR COLONY, JAWAHAR COLONY AHWA, AHWA, AHWA","[{""NIC5DigitId"":""74209"",""Description"":""Other photographic activities""}]"
24,GUJARAT,444,DANG,394716,6/12/2024,Telar sofe,"8, Kakadvihir, Nichlu fadyu, 8, 104, Gujarat","[{""NIC5DigitId"":""01462"",""Description"":""Production of eggs""}]"
24,GUJARAT,444,DANG,394716,3/9/2024,Dhandhukiya Shantilal Jivanbhai,"0, Pipaldahad, Pipaldahad, 0, 0, Pipaldahad","[{""NIC5DigitId"":""23912"",""Description"":""Manufacture of refractory bricks, blocks tiles and similar refractory ceramic constructional goods""}]"
24,GUJARAT,444,DANG,394710,3/9/2024,Hetal beauty parlour,"SHAMGAHAN, AT. POST. SHAMGAHAN TA. AHWA DIST.DANG, MAIN ROAD, SHAMGAHAN, AHWA, SHAMGAHAN","[{""NIC5DigitId"":""96020"",""Description"":""Hairdressing and other beauty treatment""}]"
24,GUJARAT,444,DANG,394730,5/12/2024,PAWAR SALONIBEN MOTIRAMBHAI,"5, SAMGAHAN, SAMGAHAN -SAPUTARA ROAD, 5, TA.AHWA, AHWA","[{""NIC5DigitId"":""96020"",""Description"":""Hairdressing and other beauty treatment""}]"
24,GUJARAT,444,DANG,394730,22/04/2025,MINAXIBEN DIPAKBHAI PATEL,"0, MANDIR FALIYU, MANDIR FALIYU, 0, WAGHAI, WAGHAI","[{""NIC5DigitId"":""52102"",""Description"":""Warehousing non-refrigerated""}]"
24,GUJARAT,444,DANG,394730,26/12/2024,GOPALBHAI RAMUBHAI LAKHAN,"01, LAKHAN FALIYU, SAPUTARA ROAD, 01, WAGHAI, WAGHAI","[{""NIC5DigitId"":""45102"",""Description"":""Wholesale and retail sale of used motor vehicles""}]"
24,GUJARAT,444,DANG,394730,18/02/2025,AGC Bamboo Handcrafts,"35, AGC Bamboo Handcrafts, Chikar Faliya, 35, Waghai, Khirmani","[{""NIC5DigitId"":""16294"",""Description"":""Manufacture of various articles made of bamboo, cane and grass""}]"
24,GUJARAT,444,DANG,394730,8/8/2025,Farmer,"A, NISHAL FALIYU, CHIKAR, A, B, DANG","[{""NIC5DigitId"":""32909"",""Description"":""Manufacture of other articles n.e.c.""}]"
24,GUJARAT,444,DANG,394710,4/7/2025,MAYUR FOOTWEAR,"0, MAINE ROAD POLICE STATION NI AAGD, MAINE ROAD POLICE STATION NI A, 0, AHWA, AHWA","[{""NIC5DigitId"":""46413"",""Description"":""Wholesale of footwear""}]"
24,GUJARAT,444,DANG,394715,14/04/2025,ARVINDBHAI POSLYABHAI GAVIT,"1, REST HOUSE FALIYU, REST HOUSE FALIYU, 1, 1, SARWAR","[{""NIC5DigitId"":""16222"",""Description"":""Manufacture of prefabricated buildings, or elements thereof, predominantly of wood""}]"
24,GUJARAT,444,DANG,394710,19/05/2025,FARMER,"AA, RANI FALIYU, RANI FALIYA, AA, AA, AHWA","[{""NIC5DigitId"":""96098"",""Description"":""General household maintenance activities like grooming of the floor, dusting, cleaning of utensils etc.""}]"
24,GUJARAT,444,DANG,394730,19/05/2025,RAUT DINESHBHAI TULSHIRAMBHAI,"198, KHIRMANI, BARKHANDHIA, 198, WAGHAI, WAGHAI","[{""NIC5DigitId"":""63999"",""Description"":""Other information service activities n.e.c.""}]"
24,GUJARAT,444,DANG,394730,4/6/2025,SARAVAIYA NARANBHAI MAKANBHAI,"118, BARIPADA, THE DANGS, 118, NADAGCHOND, DANG","[{""NIC5DigitId"":""23921"",""Description"":""Manufacture of bricks""}]"
24,GUJARAT,444,DANG,394710,2/6/2025,RUPALIBEN CHANDUBHAI SOLANKI,"-, Veritas colony, Petrol pump ni same, -, Ahwa, Ahwa","[{""NIC5DigitId"":""45102"",""Description"":""Wholesale and retail sale of used motor vehicles""}]"
24,GUJARAT,444,DANG,394710,25/08/2025,DESHMUKH KIRANA STORE,"AA, MAHALPADA, THE DANG GUJARAT AHWA, AA, AA, MAHALPADA","[{""NIC5DigitId"":""96098"",""Description"":""General household maintenance activities like grooming of the floor, dusting, cleaning of utensils etc.""}]"
24,GUJARAT,444,DANG,394716,25/08/2025,MANJI KIRANA STORE,"UPALU FALIYU, UPALU FALIYU, UPALU FALIYU KIRLI, UPALU FALIYU, SUBIR, SUBIR","[{""NIC5DigitId"":""47810"",""Description"":""Retail sale via stalls and markets of food, beverages and tobacco products""}]"
24,GUJARAT,444,DANG,394710,25/08/2025,VIJAYBHAI SURESHBHAI PAWAR,"00, CHINCHDHARA, DANGS, 00, THE DANGS, THE DANGS","[{""NIC5DigitId"":""49300"",""Description"":""Transport via pipeline""}]"
24,GUJARAT,444,DANG,394730,5/2/2026,KISHAN AGRO TRADERS,"shop no.07, apmc market, main rod, shop no.07, waghai, waghai","[{""NIC5DigitId"":""46209"",""Description"":""Whole sale of other agriculture raw materials n.e.c.""}]"
24,GUJARAT,444,DANG,394716,3/2/2026,RAUT THAKORBHAI,"48, PUNYABHAI, BORINU FALIYU, 48, 01, DANG","[{""NIC5DigitId"":""01639"",""Description"":""Other post harvest crop activities, n.e.c.""}]"
24,GUJARAT,444,DANG,394716,7/10/2025,RAJKAMAL CONSTRUCTION,"186/1, -, MOKHAMAL MAIN ROAD, 186/1, SINGANA, TA SUBIR, DANG","[{""NIC5DigitId"":""41002"",""Description"":""Activities relating to alteration, addition, repair, maintenance carried out on own-account basis or on a fee or contract basis""}]"
24,GUJARAT,444,DANG,394730,13/10/2025,S S POULTRY,"7-124, N/A, DUNGARDA ROAD, 7-124, 0, WAGHAI","[{""NIC5DigitId"":""01462"",""Description"":""Production of eggs""},{""NIC5DigitId"":""01463"",""Description"":""Operation of poultry hatcheries""}]"
24,GUJARAT,444,DANG,394710,24/12/2025,DIVYA GENERAL STORS,"GAVLI DINESHBHAI, GAVLI DINESHBHAI, AHWA AHWA DANG, GAVLI DINESHBHAI, AHWA, AHWA","[{""NIC5DigitId"":""56291"",""Description"":""Activities of food service contractors (e.g. for transportation companies)""}]"
24,GUJARAT,444,DANG,394710,24/12/2025,THAKARE FRUIT & VEGETABLE,"10, Piplapada, The Dang, 10, Ahwa, The Dang","[{""NIC5DigitId"":""46301"",""Description"":""Wholesale of fruits & vegetables""}]"
24,GUJARAT,444,DANG,394720,2/1/2026,KAMLE ENTERPRISE,"00, OPP BOAT HOUSE, NR NAHRI CANDRA, 00, OLD SHOPPING CENTER, SAPUTARA","[{""NIC5DigitId"":""46411"",""Description"":""Wholesale of textiles, fabrics, yarn, household linen, articles of clothing, floor coverings and tapestry, sports clothes""}]"
24,GUJARAT,444,DANG,394710,2/1/2026,PREM LAL GURJAR,"0, CHINCHALI, CHINCHALI AHWA, 0, 0, AHWA DANG","[{""NIC5DigitId"":""47110"",""Description"":""Retail sale in non-specialized stores with food, beverages or tobacco predominating""}]"
24,GUJARAT,444,DANG,394710,2/1/2026,V G GAVLI,"424, JAYAMBE SOCIETY OLD HELIPAD, PLOT NO 35 AND 36, 424, AHWA, AHWA","[{""NIC5DigitId"":""42209"",""Description"":""Construction of utility projects n.e.c.""},{""NIC5DigitId"":""41001"",""Description"":""Construction of buildings carried out on own-account basis or on a fee or contract basis""}]"
24,GUJARAT,444,DANG,394730,28/10/2025,TAILORING BUSINESS,"AA, DARGAH FALIYU, WAGHAI, AA, AA, DANG","[{""NIC5DigitId"":""96098"",""Description"":""General household maintenance activities like grooming of the floor, dusting, cleaning of utensils etc.""}]"
24,GUJARAT,444,DANG,394730,30/10/2025,anil transport,"ghoda faliya, -, -, ghoda faliya, daguniya, waghai","[{""NIC5DigitId"":""49221"",""Description"":""Long-distance bus services""}]"
24,GUJARAT,444,DANG,394710,7/1/2026,BHOYE SANTOSHBHAI SHAILESHBHAI,"99, Ghoghli gam, Waghai road Ghoghli gam, 99, 99, Ahwa","[{""NIC5DigitId"":""45200"",""Description"":""Maintenance and repair of motor vehicles""}]"
24,GUJARAT,444,DANG,394710,23/01/2026,GANESHBHAI RAJUBHAI PAWAR,"UPLU FALIYU RAVCHOND, RAVCHOND, MAIN ROAD RAVCHOND, UPLU FALIYU RAVCHOND, AHWA, AHWA","[{""NIC5DigitId"":""49223"",""Description"":""Rental of private cars with driver""}]"
24,GUJARAT,444,DANG,394730,27/12/2025,ALEX ENTERPRISE,"0, DARDI, 0, 0, Kosimda, Kosimda, Waghai","[{""NIC5DigitId"":""64990"",""Description"":""Other financial service activities, except insurance and pension funding activities, n.e.c""},{""NIC5DigitId"":""82990"",""Description"":""Other business support service activities n.e.c.""}]"
24,GUJARAT,444,DANG,394720,26/12/2025,SAI SHRADDHA ENTERPRISE,"HOUSE NO-182, SAPUTARA FALIYU, SAPUTARA, HOUSE NO-182, ., DANGS","[{""NIC5DigitId"":""46632"",""Description"":""Wholesale of construction materials (sand, gravel etc.)""},{""NIC5DigitId"":""47521"",""Description"":""Retail sale of building material such as bricks, wood, sanitary equipment""},{""NIC5DigitId"":""68200"",""Description"":""Real estate activities on a fee or contract basis""},{""NIC5DigitId"":""78100"",""Description"":""Activities of employment placement agencies""}]"
24,GUJARAT,444,DANG,394710,31/12/2025,NIL MEDICAL AND GENRAL STORE,"NO-D-34, AHWA SARDAR BAZAR, AHWA, NO-D-34, 0, AHWA","[{""NIC5DigitId"":""47721"",""Description"":""Retail sale of pharmaceuticals, medical and orthopaedic goods and toilet articles""}]"
24,GUJARAT,444,DANG,394710,12/2/2026,Kirana dukhan vanar,"04 nichlu falhu, Jayrambhai, Kachan ghat rod, 04 nichlu falhu, Ahwa, Ahwa","[{""NIC5DigitId"":""47990"",""Description"":""Other retail sale not in stores, stalls or markets""}]"
24,GUJARAT,444,DANG,394710,26/06/2025,Mayur Mobiles pvt.Ltd.,"10, Gaykwad enterprise, Ambikanagar, 10, A, Ahwa","[{""NIC5DigitId"":""26201"",""Description"":""Manufacture of desktop computers, laptop computers, hand-held computers (e.g. PDA), mainframe computers and computer servers""}]"
24,GUJARAT,444,DANG,394730,25/06/2025,NEW GHAR SANSAR,"0, NAKA FALIYA NEAR RTO CHECK POST, WAGHAI, 0, WAGHAI, WAGHAI","[{""NIC5DigitId"":""22203"",""Description"":""Manufacture of plastic articles for the packing of goods (plastic bags, sacks, containers, boxes, cases, carboys, bottles etc)""},{""NIC5DigitId"":""22209"",""Description"":""Manufacture of other plastics products n.e.c""},{""NIC5DigitId"":""26516"",""Description"":""Manufacture of laboratory analytical instruments and miscellaneous laboratory apparatus for measuring and testing such as scales, balances, incubators etc.""},{""NIC5DigitId"":""46102"",""Description"":""Activities of commission agents dealing in wholesale trade inwood, paper, skin, leather and fur, fuel, petroleum products, chemicals, perfumery and cosmetics, glass, minerals, ores and metals""}]"
24,GUJARAT,444,DANG,394710,30/06/2025,LILABEN GENRAL STORE,"01, AT PO AHWA INDIRA COLONY AHWA DANGS, AHWA, 01, 0, AHWA","[{""NIC5DigitId"":""47110"",""Description"":""Retail sale in non-specialized stores with food, beverages or tobacco predominating""}]"
24,GUJARAT,444,DANG,394710,16/04/2025,TRUSHIKA GENERAL STORE,"01, SUKMAL, GHADVI ROAD, 01, AWHA, AHWA","[{""NIC5DigitId"":""47110"",""Description"":""Retail sale in non-specialized stores with food, beverages or tobacco predominating""}]"
24,GUJARAT,444,DANG,394710,21/04/2025,GAYAKWAD DATURAMBHAI ZULUBHAI,"01, NICHALU FALIYU, GHOGHLI ROAD, 01, AHWA, AHWA","[{""NIC5DigitId"":""47110"",""Description"":""Retail sale in non-specialized stores with food, beverages or tobacco predominating""}]"
24,GUJARAT,444,DANG,394710,5/5/2025,BROTHERS ELECTRICIAN,"AHWA MISSION COLONY, SAMARTH HOSPITAL, AHWADANGS ROAD, AHWA MISSION COLONY, AHWADANGS, THE DANG","[{""NIC5DigitId"":""27400"",""Description"":""Manufacture of electric lighting equipment""}]"
24,GUJARAT,444,DANG,394710,17/07/2025,Krisna Welding Workshop,"5, Near Bus Stand, Galkund, 5, Galkund, Ahwa","[{""NIC5DigitId"":""27102"",""Description"":""Manufacture of electric power distribution transformers, arc-welding transformers, fluorescent ballasts, transmission and distribution voltage regulators""}]"
24,GUJARAT,444,DANG,394710,19/07/2025,SHIV NOVELTY STORE,"01, NEAR BY JANKI ASHRAM, WAGHAI ROAD, 01, AHWA, AHWA","[{""NIC5DigitId"":""47890"",""Description"":""Retail sale via stalls and markets of other goods""}]"
24,GUJARAT,444,DANG,394710,2/7/2025,WAGH VANDANABEN JAYASINGBHAI,"50, GANDHI COLONI, GANDHI COLONI, 50, 01, AHWA","[{""NIC5DigitId"":""47711"",""Description"":""Retail sale of readymade garments, hosiery goods, other articles of clothing and clothing accessories such as gloves, ties, braces etc.""}]"
24,GUJARAT,444,DANG,394730,10/7/2025,NIRAANT,"25/1, Niraant, Vaghai Saputara main road, 25/1, 25/1, Ahwa","[{""NIC5DigitId"":""55101"",""Description"":""Hotels and Motels, inns, resorts providing short term lodging facilities; includes accommodation in house boats""},{""NIC5DigitId"":""56101"",""Description"":""Restaurants without bars""},{""NIC5DigitId"":""79120"",""Description"":""Tour operator activities""},{""NIC5DigitId"":""93210"",""Description"":""Activities of amusement parks and theme parks""},{""NIC5DigitId"":""46101"",""Description"":""Activities of commission agents, brokers dealing in wholesale trade of agricultural raw material, live animals, food, beverages, intoxicants and textiles""}]"
24,GUJARAT,444,DANG,394710,5/12/2025,Krunal General Store,"0, -, Gaurya, Chikatia, 0, Gaurya, Chikatia, Dang, Ahwadangs","[{""NIC5DigitId"":""10614"",""Description"":""Grain milling other than wheat, rice and dal""},{""NIC5DigitId"":""10799"",""Description"":""Other semi-processed, processed or instant foods n.e.c. except farinaceous products and malted foods and manufacturing activities like manufacture of egg powder, sambar powder etc. (this excludes the activities covered under 10619)""}]"
24,GUJARAT,444,DANG,394710,10/11/2025,JAY AMBE & SHIVSAKTI JANARAL STORS,"01, VALVI PUNYABHAI, GARKHADI  AHWA DANG, 01, AHWA, AHWA","[{""NIC5DigitId"":""66290"",""Description"":""Other activities auxiliary to insurance and pension funding""}]"
24,GUJARAT,444,DANG,394730,18/12/2025,KRUSHI SADHAN KENDRA,"wagai, main road, renj forest office near, wagai, renj forest office near, wagai","[{""NIC5DigitId"":""46539"",""Description"":""Wholesale of other agriculture machinery n.e.c.""}]"
24,GUJARAT,444,DANG,394730,25/11/2025,SPORTS KARATE ASSOCIATION DANG,"chikar, chikar, school nar chikar, chikar, 1, ahwa","[{""NIC5DigitId"":""84220"",""Description"":""Defence activities""},{""NIC5DigitId"":""88100"",""Description"":""Social work activities without accommodation for the elderly and disabled""}]"
24,GUJARAT,444,DANG,394716,9/10/2025,KRUNALBHAI SATISHBHAI THAKRE,"79, REVNEW FALIYU, REVNEW FALIYU, 79, JUNNER, SUBIR","[{""NIC5DigitId"":""11043"",""Description"":""Manufacture of mineral water""}]"
24,GUJARAT,444,DANG,394710,11/9/2025,HEMANT HARDWER AND CARTING,"AHWA SARDAR BAJAR, SARDAR BAJAR, AHWA, AHWA SARDAR BAJAR, 20, AHWA","[{""NIC5DigitId"":""32909"",""Description"":""Manufacture of other articles n.e.c.""}]"
24,GUJARAT,444,DANG,394730,20/11/2025,DHANANI HUSENBHAI ABDULMAJID,"MANDIR FALIYU, 0, 0, MANDIR FALIYU, 0, THE DANGS","[{""NIC5DigitId"":""49231"",""Description"":""Motorised road freight transport""}]"
24,GUJARAT,444,DANG,394716,25/06/2026,VIPUL CONSTRUCTION,"NICHALU FALIYU, DHONGIAMBA, MAHAL ROAD, NICHALU FALIYU, SUBIR, DHONGIAMBA","[{""NIC5DigitId"":""23912"",""Description"":""Manufacture of refractory bricks, blocks tiles and similar refractory ceramic constructional goods""}]"
24,GUJARAT,444,DANG,394715,4/7/2026,MOKASHI JAYESHBHAI,"01, KALUBHAI, BHAWADI ROAD, 01, 01, THE DANGS","[{""NIC5DigitId"":""01639"",""Description"":""Other post harvest crop activities, n.e.c.""}]"
24,GUJARAT,444,DANG,394716,4/5/2026,GRAHAK SEVA,"00, 00, 00, 00, 00, DANG","[{""NIC5DigitId"":""63992"",""Description"":""Activities of cyber café""}]"
24,GUJARAT,444,DANG,394730,16/05/2026,Nikita Dipeshkumar Bhoy,"4-16 Kh, Nikita Bhoy, Ashanagar, 4-16 Kh, 0, The Dangs","[{""NIC5DigitId"":""01462"",""Description"":""Production of eggs""}]"
24,GUJARAT,444,DANG,394710,18/05/2026,IMRAN SHEKH,"415, -, -, 415, -, Ahwa","[{""NIC5DigitId"":""49219"",""Description"":""Other urban or suburban passenger transport n.e.c.""}]"
24,GUJARAT,444,DANG,394710,15/06/2026,RAJESH RAMANBHAI GAVIT,"0, 0, nishal faliyu, 0, 0, ahwa","[{""NIC5DigitId"":""56291"",""Description"":""Activities of food service contractors (e.g. for transportation companies)""}]"
24,GUJARAT,444,DANG,394710,4/6/2026,JADAV SANTIRAMBHAI NANUBHAI,"00, Upalu faliyu, Prathmik School ni Same, 00, 00, Ahwa","[{""NIC5DigitId"":""49231"",""Description"":""Motorised road freight transport""}]"
24,GUJARAT,444,DANG,394710,2/7/2026,Shiv Enterprise,"00, PATEL PADA, DANG, 00, 00, AHWA","[{""NIC5DigitId"":""47219"",""Description"":""Retail sale of other food products n.e.c.""}]"
24,GUJARAT,444,DANG,394710,2/7/2026,GAVIT VINAYBHAI SANJAYBHAI,"GADHVI, AT POST GADHAVI TA AHWA DIST DANG, MAIN ROAD GADHAVI, GADHVI, AHWA, AHWA","[{""NIC5DigitId"":""62011"",""Description"":""Writing , modifying, testing of computer program to meet the needs of a particular client excluding web-page designing""}]"
24,GUJARAT,444,DANG,394710,1/7/2026,Mukeshbhai Madhubhai Pawar,"0, 0, ,Ambalia Ambalia, 0, 0, ahwa","[{""NIC5DigitId"":""49231"",""Description"":""Motorised road freight transport""}]"
24,GUJARAT,444,DANG,394716,14/07/2026,MADHAV CARTING & BUILDING MATERIAL SUPPLIER,"157, KHAMBHALA, NR BIJURPADA PRIMARY SCHOOL, 157, BIJURPADA, AHWA","[{""NIC5DigitId"":""46632"",""Description"":""Wholesale of construction materials (sand, gravel etc.)""}]"
24,GUJARAT,444,DANG,394730,14/07/2026,KGN CHICKEN SHOP,"-, SINGAL FALIYU, DINGARDA ROAD, -, -, WAGHAI","[{""NIC5DigitId"":""47213"",""Description"":""Retail sale of meat, meat products, poultry products, fish, other seafood and products thereof""}]"
24,GUJARAT,444,DANG,394710,14/07/2026,S P RESTAURANT,"0, Don Iriamba Faliyu, Morzira, 0, 0, Ahwa","[{""NIC5DigitId"":""56101"",""Description"":""Restaurants without bars""}]"
24,GUJARAT,444,DANG,394730,17/04/2026,HEMANT CSC CENTER,"12, MAHLE 02, MANMODI, 12, WAGHAI, SAPUTARA","[{""NIC5DigitId"":""62020"",""Description"":""Computer consultancy and computer facilities management activities""}]"
24,GUJARAT,444,DANG,394710,24/02/2026,FARMER,"AA, MAHALPADA, MAHALPADA, AA, AA, PIPALGHODI","[{""NIC5DigitId"":""96098"",""Description"":""General household maintenance activities like grooming of the floor, dusting, cleaning of utensils etc.""}]"
24,GUJARAT,444,DANG,394730,24/02/2026,Raut Ashvin bhai,"57, Raut Ashvinbhai, Khirmani, 57, Khirmani, Waghai","[{""NIC5DigitId"":""10509"",""Description"":""Manufacture of other dairy products n.e.c.""}]"
24,GUJARAT,444,DANG,394730,18/02/2026,Dragunova,"12 193 01, Naka Faliyu, -, 12 193 01, -, Waghai","[{""NIC5DigitId"":""56291"",""Description"":""Activities of food service contractors (e.g. for transportation companies)""}]"
24,GUJARAT,444,DANG,394710,23/02/2026,Wireman,"171, Ahwa, Ahwa aambapada, 171, Dang, Ahwa","[{""NIC5DigitId"":""47594"",""Description"":""Retail sale of refrigerators, washing machines and other electrical\/electronic household goods""}]"
24,GUJARAT,444,DANG,394716,23/02/2026,SAI AUTO PARTS & GARAGE,"SABRIDHAM ROAD, SUBIR, SABRIDHAM ROAD, SABRIDHAM ROAD, SUBIR, SUBIR","[{""NIC5DigitId"":""52109"",""Description"":""Storage and warehousing n.e.c.[Includes general merchandise warehouses and warehousing of furniture, automobiles, gas and oil, chemicals, textiles etc. Also included is storage of goods in foreign trade zones]""}]"
24,GUJARAT,444,DANG,394720,23/02/2026,Dwarikadhish restuarant,"Nawagam, Nawagam, Nawagam, Nawagam, Ahwa, Saputara","[{""NIC5DigitId"":""56102"",""Description"":""Cafeterias, fast-food restaurants and other food preparation in market stalls""}]"
24,GUJARAT,444,DANG,394730,21/02/2026,Sai electronics and electricals,"Shamghan, Galakhava Faliyu, Saputara road, Shamghan, Ahwa, Ahwa","[{""NIC5DigitId"":""47594"",""Description"":""Retail sale of refrigerators, washing machines and other electrical\/electronic household goods""}]"
24,GUJARAT,444,DANG,394730,27/04/2026,PAWAR VILASBHAI SHUKREBHAI,"0, LAVARIYA, WAGHAI, 0, 0, THE DANGS","[{""NIC5DigitId"":""49231"",""Description"":""Motorised road freight transport""}]"
24,GUJARAT,444,DANG,382450,11/5/2026,VAGHELA PARTHBHAI,"23, MAHAVIR JIN PACHHAL, BARWALA GHELASHA ROAD, 23, 01, AHMEDABAD","[{""NIC5DigitId"":""49224"",""Description"":""Taxi operation""}]"
24,GUJARAT,444,DANG,394730,20/05/2026,SHIV KRUPA PHOTO STUDIO,"PATEL FALIYU, -, -, PATEL FALIYU, -, WAGHAI","[{""NIC5DigitId"":""59121"",""Description"":""Post production activities of motion picture""}]"
24,GUJARAT,444,DANG,360490,13/05/2026,Kadri,"0, 0, 0, 0, 0, 0","[{""NIC5DigitId"":""47990"",""Description"":""Other retail sale not in stores, stalls or markets""}]"
24,GUJARAT,444,DANG,394716,27/05/2026,DESAI TRANSPORT,"110, -, -, 110, -, SUBIR","[{""NIC5DigitId"":""49110"",""Description"":""Passenger rail transport""}]"
24,GUJARAT,444,DANG,394715,26/05/2026,VIRAJIBHAI BABLABHAI GAMIT,"KOSIMDA, KOSIMDA, KOSIMDA, KOSIMDA, KOSIMDA, KOSIMDA","[{""NIC5DigitId"":""49231"",""Description"":""Motorised road freight transport""}]"
24,GUJARAT,444,DANG,394716,18/06/2026,Lakhan Sonajibhai Lasiyabhai,"0, Taklipada, Taklipada, 0, 0, Ahwa","[{""NIC5DigitId"":""47110"",""Description"":""Retail sale in non-specialized stores with food, beverages or tobacco predominating""}]"
24,GUJARAT,444,DANG,360050,20/06/2026,RADHE PAN & KIRANA,"., PARAMA, ., ., TA JASDAN, DIST RAJKOT","[{""NIC5DigitId"":""47110"",""Description"":""Retail sale in non-specialized stores with food, beverages or tobacco predominating""}]"
24,GUJARAT,444,DANG,394710,18/07/2026,ARJUN GENERAL STORS,"01, SUMANBHAI EDAIT, MORZIRA AHWA DANG, 01, AHWA, AHWA","[{""NIC5DigitId"":""32909"",""Description"":""Manufacture of other articles n.e.c.""}]"
24,GUJARAT,444,DANG,394710,23/07/2026,ASHWINIBEN SHASHIKANTBHAI SAVLE,"RANI FALIYU AHWA, RANI FALIYU AHWA, WAGHAI ROAD, RANI FALIYU AHWA, AHWA, AHWA","[{""NIC5DigitId"":""47214"",""Description"":""Retail sale of bakery products, dairy products and eggs""}]"
24,GUJARAT,444,DANG,394730,25/07/2026,THE DANGI ROOT MANUFACTURER CO.,"ground floor, rambhas, rambhas, ground floor, nichlu faliyu, dang","[{""NIC5DigitId"":""10612"",""Description"":""Rice milling""},{""NIC5DigitId"":""10801"",""Description"":""Manufacture of cattle feed""},{""NIC5DigitId"":""10795"",""Description"":""Grinding and processing of spices""}]"
24,GUJARAT,444,DANG,394730,3/8/2026,SAI RAM LEDISH TAILOR & CLOTHES,"6-111, Waghai, Main bazar petrol pump ni same, 6-111, Waghai, Waghai","[{""NIC5DigitId"":""14105"",""Description"":""Custom tailoring""},{""NIC5DigitId"":""47711"",""Description"":""Retail sale of readymade garments, hosiery goods, other articles of clothing and clothing accessories such as gloves, ties, braces etc.""}]"
24,GUJARAT,444,DANG,394715,23/07/2021,MAHESHBHAI MANSUBHAI VALVI,"AT POST, BHAVADI TALUKO WAGHAI DIST DANG, BHAVADI, AT POST, WAGHAI, AHWA","[{""NIC5DigitId"":""01631"",""Description"":""Preparation of crops for primary markets, i.e. cleaning, trimming, grading, disinfecting""}]"
24,GUJARAT,444,DANG,394710,4/5/2024,Krisha Tyres,"-, Patelpada, Main road, -, -, DANG","[{""NIC5DigitId"":""47190"",""Description"":""Other retail sale in non-specialized stores""}]"
24,GUJARAT,444,DANG,394710,28/07/2022,DINESHBHAI SURESHBHAI PAWAR,"183, AT POST PATEL PADA AHWA, PATEL PADA AHWA, 183, AHWA, AHWA","[{""NIC5DigitId"":""01639"",""Description"":""Other post harvest crop activities, n.e.c.""}]"
24,GUJARAT,444,DANG,394716,22/02/2023,PAMPASAROVAR GENERAL STORE,"JARSOL, JARSOL POST. SUBIR, SUBIR JARSOL PAMPASAROVA ROAD, JARSOL, SUBIR, SUBIR","[{""NIC5DigitId"":""47110"",""Description"":""Retail sale in non-specialized stores with food, beverages or tobacco predominating""}]"
24,GUJARAT,444,DANG,394710,13/10/2022,SHRI SURESHBHAI TUKABHAI DESHMUKH,"VILLAGE KARADIAMBA, DESHMUKH SURESHBHAI, CHINCHLI, VILLAGE KARADIAMBA, CHINCHALI, AHWA","[{""NIC5DigitId"":""47211"",""Description"":""Retail sale of cereals and pulses, tea, coffee, spices and flour""}]"
24,GUJARAT,444,DANG,394730,20/11/2021,NANA FOOTWARE,"0, 0, MAIN ROAD, 0, 0, AHWA","[{""NIC5DigitId"":""46413"",""Description"":""Wholesale of footwear""}]"
24,GUJARAT,444,DANG,394710,18/01/2023,SHREE AVDHUT TRADING,"GALKUND, AT. POST. GALKUND TA. AHWA DIST.DANG, AT. POST. GALKUND TA. AHWA DIS, GALKUND, AHWA, GALKUND","[{""NIC5DigitId"":""47110"",""Description"":""Retail sale in non-specialized stores with food, beverages or tobacco predominating""}]"
24,GUJARAT,444,DANG,394710,27/05/2022,JOSHI VIJAYBHAI MADHUKARBHAI,"7/34, DEVALPADA, NEAR MAHADEV MANDIR AHWA, 7/34, ahwa, ahwa","[{""NIC5DigitId"":""96095"",""Description"":""Activities of sauna and steam baths, massage salons etc.""}]"
24,GUJARAT,444,DANG,394710,19/09/2022,JAY MALSA COLLECTION,"ahwa, AHWA, MAIN ROAD, ahwa, AHWA, AHWA","[{""NIC5DigitId"":""47711"",""Description"":""Retail sale of readymade garments, hosiery goods, other articles of clothing and clothing accessories such as gloves, ties, braces etc.""}]"
24,GUJARAT,444,DANG,394716,2/8/2022,AARUSH KIRANA STORE,"NA, NA, SCHOOL ROAD, NA, SUBIR, AHWA","[{""NIC5DigitId"":""47110"",""Description"":""Retail sale in non-specialized stores with food, beverages or tobacco predominating""}]"
24,GUJARAT,444,DANG,394710,27/12/2021,GAYATRI MOBILE,"1, JAY AMBE, FRONT OF COURT, 1, 1, AHWA","[{""NIC5DigitId"":""47414"",""Description"":""Retail sale of telecommunication equipment""}]"
24,GUJARAT,444,DANG,394710,21/12/2022,SHIV SHAKTI TRADERS,"349, PATELPADA, MAINROAD PATELPADA, 349, AHWA, AHWA","[{""NIC5DigitId"":""46909"",""Description"":""Other non-specialised wholesale trade n.e.c.""}]"
24,GUJARAT,444,DANG,394710,19/01/2023,SAMARTH COMPUTER,"16, DANG SEVA MANDAL AHWA, MAIN ROAD, 16, AHWA, AHWA","[{""NIC5DigitId"":""62011"",""Description"":""Writing , modifying, testing of computer program to meet the needs of a particular client excluding web-page designing""}]"
24,GUJARAT,444,DANG,394730,29/04/2024,THAKRE NANDKISHOR CHANDUBHAI,"0, 0, samgahan, 0, 0, AHWA","[{""NIC5DigitId"":""46301"",""Description"":""Wholesale of fruits & vegetables""}]"
24,GUJARAT,444,DANG,394710,20/03/2023,Ravan Shaileshbhai Nanubhai,"Sop No 32, Sardar Market, Sop No  32, Sop No 32, Sardar Market, Ahwa","[{""NIC5DigitId"":""96093"",""Description"":""Shoe shiners, porters, valet car parkers etc.""}]"
24,GUJARAT,444,DANG,394716,4/1/2022,Pradip Gavali,"0, Bilbari, Bilbari, 0, Bilbari, Subir","[{""NIC5DigitId"":""55101"",""Description"":""Hotels and Motels, inns, resorts providing short term lodging facilities; includes accommodation in house boats""}]"
24,GUJARAT,444,DANG,394710,18/02/2023,SIDDHARTH TRANSPORT,"157, SAHYOG SOCIETY, SAHYOG SOCIETY, 157, 157, AHWA","[{""NIC5DigitId"":""49110"",""Description"":""Passenger rail transport""}]"
24,GUJARAT,444,DANG,394710,9/6/2022,JALARAM STORE,"MAIN ROAD, KESHAV COMPLEX NI SAME, MAIN ROAD, MAIN ROAD, AHWA, AHWA","[{""NIC5DigitId"":""94110"",""Description"":""Activities of business and employers membership organisations""}]"
24,GUJARAT,444,DANG,394715,18/01/2022,College Mitra,"2-57, shakuntala bhavan, raja faliyu, 2-57, 2-57, ahwa","[{""NIC5DigitId"":""85500"",""Description"":""Educational support services""}]"
24,GUJARAT,444,DANG,361002,8/7/2022,Sarkar mobile &multiple services,"Shop  6, Shivsha hostel, Valsura  main  road, Shop  6, Bedeswar, Jamnagar","[{""NIC5DigitId"":""13929"",""Description"":""Manufacture of other made-up textile articles, except apparel n.e.c.""},{""NIC5DigitId"":""13929"",""Description"":""Manufacture of other made-up textile articles, except apparel n.e.c.""},{""NIC5DigitId"":""14101"",""Description"":""Manufacture of all types of textile garments and clothing accessories""},{""NIC5DigitId"":""14101"",""Description"":""Manufacture of all types of textile garments and clothing accessories""}]"
24,GUJARAT,444,DANG,394710,7/11/2023,PRASHANTBHAI ANILBHAI BORSE,"Patelpada ahwa, Patelpada navapur road ahwa, Ahwa navapur road, Patelpada ahwa, Ahwa, Ahwa","[{""NIC5DigitId"":""45403"",""Description"":""Maintenance and repair of motor cycles, mopeds, scooters and three wheelers""}]"
24,GUJARAT,444,DANG,394710,18/03/2024,GAVLI PANKAJBHAI SUKEERAVBHAI,"23, AT ISDAR POST CHIKATIYA  TA  AHWA DIST DANG, SCHOOL NI SAME, 23, ISDAR, AHWA","[{""NIC5DigitId"":""47219"",""Description"":""Retail sale of other food products n.e.c.""}]"
24,GUJARAT,444,DANG,394710,8/11/2023,ISMAIL USMAN SHAH,"0, 0, main road, 0, 0, ahwa","[{""NIC5DigitId"":""46524"",""Description"":""Wholesale of telephone, mobile phone and communications equipment and parts""}]"
24,GUJARAT,444,DANG,394710,22/02/2023,R D Lodge,"R D Lodge, Keshav Kamal Complex, Main Road, R D Lodge, Ahwa, Ahwa","[{""NIC5DigitId"":""56210"",""Description"":""Event catering""}]"
24,GUJARAT,444,DANG,394710,22/06/2022,KARTIK FURNITURE AND PLY SUPPLIER,"PATELPADA, OPPOSITE G S BROTHERS, NAVAPUR, PATELPADA, AHWA, AHWA","[{""NIC5DigitId"":""47522"",""Description"":""Retail sale of hardware including paints, varnishes and lacquers and do - it - yourself materials and equipments""}]"
24,GUJARAT,444,DANG,394710,5/5/2024,DESHMUKH ENTERPRISE,"0, PATIL FALIYU, NAVAPUR ROAD, 0, GONDALVIHIR, AHWA","[{""NIC5DigitId"":""47110"",""Description"":""Retail sale in non-specialized stores with food, beverages or tobacco predominating""},{""NIC5DigitId"":""47712"",""Description"":""Retail sale of articles of fur and artificial fur""}]"
24,GUJARAT,444,DANG,394730,3/5/2024,GAVIT PRIYABEN NILESHBHAI,"0, AT.PO.WAGHAI, DUNGARDA ROAD, 0, 0, WAGHAI","[{""NIC5DigitId"":""96091"",""Description"":""Social activities such as escort services, marriage bureaus""}]"
24,GUJARAT,444,DANG,394730,9/3/2023,LAXMANBHAI TRANSPORTATION,"-, NISHAL FALIYU, NR PRIMARY SCHOOL, -, -, AHWA","[{""NIC5DigitId"":""49231"",""Description"":""Motorised road freight transport""}]"
24,GUJARAT,444,DANG,394710,22/11/2022,Global Enterprise,"1, NEAR HANUMAN TEMPLE, NAVAPUR ROAD, 1, A, AHWA","[{""NIC5DigitId"":""61900"",""Description"":""Other telecommunications activities""},{""NIC5DigitId"":""95111"",""Description"":""Repair and maintenance of computer and peripheral equipment""}]"
24,GUJARAT,444,DANG,394710,9/3/2023,Vishal Engineering work shop,"40, Prakashbhai, Nichalu faliya, 40, Nichalu faliya, Ahwa","[{""NIC5DigitId"":""27104"",""Description"":""Manufacture of electricity distribution and control apparatus (electrical apparatus for switching or protecting electrical circuits (e.g. switches, fuses, voltage limiters, surge suppressors, junction boxes etc.) for a voltage exceeding 1000 volts; similar apparatus (including relays, sockets etc.) for a voltage not exceeding 1000 volts; boards, panels, consoles, cabinets and other bases equipped with two or more of the above apparatus for electricity control or distribution of electricity including power capacitors.)""},{""NIC5DigitId"":""96091"",""Description"":""Social activities such as escort services, marriage bureaus""}]"
24,GUJARAT,444,DANG,394715,10/5/2022,KAYLESHBHAI SANATBHAI DESHMUKH,"At po VANKAN, Kalibel, KALIBel, At po VANKAN, Diat dangs, VANKAN","[{""NIC5DigitId"":""49224"",""Description"":""Taxi operation""}]"
24,GUJARAT,444,DANG,394710,17/12/2021,subhashbhai jatarbhai gaekwad,"0, gondalvihir, gondalvihir, 0, 0, ahwa","[{""NIC5DigitId"":""68200"",""Description"":""Real estate activities on a fee or contract basis""}]"
24,GUJARAT,444,DANG,394710,20/04/2024,Mita s food hub,"2, Mita s food hub, Mission pada, 2, 2, Ahwa","[{""NIC5DigitId"":""56102"",""Description"":""Cafeterias, fast-food restaurants and other food preparation in market stalls""}]"
24,GUJARAT,444,DANG,394720,9/12/2022,JOSHI CATERERS,"GROUND, 1, SAVSHANTI HOTEL PVT LTD, SAPUTARA, GROUND, 1, SAPUTARA, SAPUTARA","[{""NIC5DigitId"":""56102"",""Description"":""Cafeterias, fast-food restaurants and other food preparation in market stalls""}]"
24,GUJARAT,444,DANG,394710,26/09/2022,MANGALSMURTI TRADERS,"OPP.MAHADEV TEMPLE, DEVALPADA, AHWA, OPP.MAHADEV TEMPLE, AHWA, AHWA","[{""NIC5DigitId"":""46419"",""Description"":""Wholesale of other clothing items n.e.c.""}]"
24,GUJARAT,444,DANG,394730,22/03/2024,OM SAI TOWERS SPAIR PARTS & GARAGE,"AT-PIMPRI, AHWA, PIMPRI, AT-PIMPRI, ., DANG","[{""NIC5DigitId"":""96098"",""Description"":""General household maintenance activities like grooming of the floor, dusting, cleaning of utensils etc.""}]"
24,GUJARAT,444,DANG,394730,13/07/2023,MOTIRAMBHAI SONUBHAI CHAUHAN,"00, GIRA DABDAR, ZADI DUNGARADA, 00, 00, WAGHAI","[{""NIC5DigitId"":""32909"",""Description"":""Manufacture of other articles n.e.c.""}]"
24,GUJARAT,444,DANG,394730,4/5/2021,VIJAY HOTEL                                                  HOME STREET & GUEST HOUSE,"10/52, NAKA FALIYU, WAGHAI, 10/52, WAGHI NAKA, DANG","[{""NIC5DigitId"":""55101"",""Description"":""Hotels and Motels, inns, resorts providing short term lodging facilities; includes accommodation in house boats""},{""NIC5DigitId"":""55109"",""Description"":""Provision of short stay accommodation n.e.c. (e.g. holiday homes, private guest houses etc.)""},{""NIC5DigitId"":""56210"",""Description"":""Event catering""}]"
24,GUJARAT,444,DANG,394730,23/03/2023,ADITYA MILK TRANSPORT,"-, UPALU FALIYU, CHICHOND, -, -, WAGHAI","[{""NIC5DigitId"":""49231"",""Description"":""Motorised road freight transport""}]"
24,GUJARAT,444,DANG,396580,17/09/2022,HIREN BAKERS,"396/2, -, GODAVUN FALIYU, 396/2, VANSADA, NAVSARI","[{""NIC5DigitId"":""10719"",""Description"":""Manufacture of other bakery products n.e.c.""},{""NIC5DigitId"":""46201"",""Description"":""Wholesale of cereals & pulses""}]"
24,GUJARAT,444,DANG,394710,16/09/2022,KEVIN SUPER STORE,"MAIN ROAD AHWA, MAIN ROAD AHWA OPP KESHAV COMPLEX, MAIN ROAD, MAIN ROAD AHWA, AHWA, AHWA","[{""NIC5DigitId"":""96098"",""Description"":""General household maintenance activities like grooming of the floor, dusting, cleaning of utensils etc.""}]"
24,GUJARAT,444,DANG,394720,10/11/2022,STATIONARY,"B-5, NEW SHOPPING CENTRE, POST OFFICE LINE, B-5, B-5, AHWA","[{""NIC5DigitId"":""96098"",""Description"":""General household maintenance activities like grooming of the floor, dusting, cleaning of utensils etc.""}]"
24,GUJARAT,444,DANG,394710,29/09/2022,SHREE SAI KRUPA,"AHWA, SARDAR MARKET, SARDAR MARKEST, AHWA, AHWA, AHWA","[{""NIC5DigitId"":""96098"",""Description"":""General household maintenance activities like grooming of the floor, dusting, cleaning of utensils etc.""}]"
24,GUJARAT,444,DANG,394710,29/09/2022,GAYAKWAD COSMETIC,"-, KARBARI FALIYU, DHAVLIDHOD, -, -, AHWA","[{""NIC5DigitId"":""47733"",""Description"":""Retail sale of jewellery and immitation jewellery""}]"
24,GUJARAT,444,DANG,394730,6/2/2024,om sai,"chirapada, chirapada, vaghai saputara road chirapada, chirapada, ahwa, chirapada","[{""NIC5DigitId"":""16101"",""Description"":""Sawing and planing of wood""}]"
24,GUJARAT,444,DANG,394715,18/06/2024,ANJUBEN VIKRAMBHAI GAMIT,"12 AMBA FALIYU, BHENSKATRI, AMBA FALIYU, 12 AMBA FALIYU, AHWA, AHWA","[{""NIC5DigitId"":""47219"",""Description"":""Retail sale of other food products n.e.c.""}]"
24,GUJARAT,444,DANG,394710,23/12/2022,SURYAVANSHI RAMSINGBHAI UMAESINGBHAI,"01, AT PO LINGA, LINGA, 01, 0, LINGA","[{""NIC5DigitId"":""47219"",""Description"":""Retail sale of other food products n.e.c.""},{""NIC5DigitId"":""46304"",""Description"":""Wholesale of confectionery, bakery products and beverages other than intoxicants""}]"
24,GUJARAT,444,DANG,394716,11/2/2023,DESHMUKH TRANSPORT,"-, KARBHARI FALIYU, B/H ANGANWADI, -, -, SUBIR","[{""NIC5DigitId"":""49231"",""Description"":""Motorised road freight transport""}]"
24,GUJARAT,444,DANG,394715,30/12/2023,MADHAV CONSTRUCATION UDYOG,"0, GHODI, SARVAR, 0, WAGHAI, WAGHAI","[{""NIC5DigitId"":""05209"",""Description"":""Other operations relating to mining and agglomeration of lignite""}]"
24,GUJARAT,444,DANG,394715,1/2/2024,ANILBHAI KAJUBHAI GAVIT,"0, 0, ahwa, 0, 0, ahwa0","[{""NIC5DigitId"":""49231"",""Description"":""Motorised road freight transport""}]"
24,GUJARAT,444,DANG,394710,3/6/2023,GLORY CATARING SERVICE,"0, Lovely mandap decorators, Ahwa, 0, 0, Ahwa","[{""NIC5DigitId"":""74909"",""Description"":""Other professional, scientific and technical activities n.e.c.""}]"
24,GUJARAT,444,DANG,394715,6/1/2024,SITARAMBHAI RAMABHAI BHOYE,"0, HARI OM, KHATAL MAIN ROAD, 0, 4, WAGHAI","[{""NIC5DigitId"":""96098"",""Description"":""General household maintenance activities like grooming of the floor, dusting, cleaning of utensils etc.""}]"
24,GUJARAT,444,DANG,394710,14/06/2023,HARIYALI AGRO,"MAIN BAZAR, MAIN BAZAR, MAIN BAZAR, MAIN BAZAR, AHWA, AHWA","[{""NIC5DigitId"":""74909"",""Description"":""Other professional, scientific and technical activities n.e.c.""}]"
24,GUJARAT,444,DANG,394710,21/12/2022,HARSHABEN MAHENDRABHAI GAVANDE,"BANDHARPADA, Petrol pump, Ahwa main road, BANDHARPADA, Ahwa, Ahwa","[{""NIC5DigitId"":""58199"",""Description"":""Other publishing activities (including on-line) n.e.c.""}]"
24,GUJARAT,444,DANG,394710,13/12/2022,Babulal yadav,"1, Jawahar colony, Jawahar colony, 1, Jawahar colony, Ahwa","[{""NIC5DigitId"":""41001"",""Description"":""Construction of buildings carried out on own-account basis or on a fee or contract basis""}]"
24,GUJARAT,444,DANG,394710,22/12/2022,Gaykwad Sarsvtiben Ulubhai,"0, Opp. Keshav Kamal Complex, Main Road, Ahwa, Dangs, 0, 0, Ahwa","[{""NIC5DigitId"":""47722"",""Description"":""Retail sale of perfumery and cosmetic articles""}]"
24,GUJARAT,444,DANG,394715,31/01/2023,ANJALIBEN ASHVINBHAI GAVIT,"SAVARKHADI, SAVARKHADI, SAVARKHADI, SAVARKHADI, SAVARKHADI, TA WAGHAI","[{""NIC5DigitId"":""46203"",""Description"":""Wholesale of live animals and poultry""}]"
24,GUJARAT,444,DANG,385001,24/04/2024,trilour,"821,Bhagal, 821,Bhagal, 821,Bhagal (, 821,Bhagal, 821,Bhagal (, DANG","[{""NIC5DigitId"":""56210"",""Description"":""Event catering""}]"
24,GUJARAT,444,DANG,394730,4/1/2024,HITENDRA PAL SINGH,"1, MAIN BAZAR, MAIN BAZAR ROAD, 1, WAGHAI, WAGHAI","[{""NIC5DigitId"":""74909"",""Description"":""Other professional, scientific and technical activities n.e.c.""}]"
24,GUJARAT,444,DANG,394720,18/11/2022,JANSEVA CHARITABLE TRUST MALEGAM,"Malegam, Uplu falyu, Main, Malegam, 1, Ahwa","[{""NIC5DigitId"":""88100"",""Description"":""Social work activities without accommodation for the elderly and disabled""}]"
24,GUJARAT,444,DANG,394720,4/3/2023,BHASKARBHAI LAXMANBHAI BANGAL,"42, SHRREJI WELDING, TA AHWA, 42, POST GOTIYAMAL, AHWA","[{""NIC5DigitId"":""27102"",""Description"":""Manufacture of electric power distribution transformers, arc-welding transformers, fluorescent ballasts, transmission and distribution voltage regulators""},{""NIC5DigitId"":""25999"",""Description"":""Manufacture of other fabricated metal products n.e.c.""}]"
24,GUJARAT,444,DANG,394710,20/03/2023,BHARAT TAILOR,"105, BEHIND S.T. DEPO AHW, AHWA S.T. DEPO, 105, AHWA, AHWA","[{""NIC5DigitId"":""46419"",""Description"":""Wholesale of other clothing items n.e.c.""}]"
24,GUJARAT,444,DANG,394730,12/12/2022,SHIV SHAKTI MACHINERY,"0, APMC MARKET, OPP/BANK OF BARODA, 0, -, WAGHAI","[{""NIC5DigitId"":""46595"",""Description"":""Wholesale of machinery and equipment for the textile, wood and metal industries etc.""},{""NIC5DigitId"":""52220"",""Description"":""Service activities incidental to water transportation""}]"
24,GUJARAT,444,DANG,394710,20/03/2023,RAJ STATIONERY,"0, Raj stationary, Ahwa, 0, Main road, Ahwa","[{""NIC5DigitId"":""47613"",""Description"":""Retail sale of stationery office supplies such as pens, pencils, paper etc.""}]"
24,GUJARAT,444,DANG,383270,30/12/2022,PB InterGlobe,"Radhivad , Ta., Khedbrahma, Radhiwad, Radhivad , Ta., Sabarkantha, Sabarkantha","[{""NIC5DigitId"":""27104"",""Description"":""Manufacture of electricity distribution and control apparatus (electrical apparatus for switching or protecting electrical circuits (e.g. switches, fuses, voltage limiters, surge suppressors, junction boxes etc.) for a voltage exceeding 1000 volts; similar apparatus (including relays, sockets etc.) for a voltage not exceeding 1000 volts; boards, panels, consoles, cabinets and other bases equipped with two or more of the above apparatus for electricity control or distribution of electricity including power capacitors.)""}]"
24,GUJARAT,444,DANG,396580,20/12/2022,AYUSH  BAKER'S,"396/1, -, GODAVUN FALIYU, 396/1, VANSADA, NAVSARI","[{""NIC5DigitId"":""10619"",""Description"":""Other grain milling and processing n.e.c.""},{""NIC5DigitId"":""10719"",""Description"":""Manufacture of other bakery products n.e.c.""}]"
24,GUJARAT,444,DANG,394730,20/01/2023,RAJ TRADING,"0, 0, Opp - Govt.Hospital, 0, 0, THE DANGS","[{""NIC5DigitId"":""47711"",""Description"":""Retail sale of readymade garments, hosiery goods, other articles of clothing and clothing accessories such as gloves, ties, braces etc.""}]"
24,GUJARAT,444,DANG,394710,6/10/2022,MAYUR FOOTWARE,"AHWA MAIN ROAD, BESIDES AHWA POLICE STATION, MAIN  ROAD, AHWA MAIN ROAD, AHWA, AHWA","[{""NIC5DigitId"":""46413"",""Description"":""Wholesale of footwear""}]"
24,GUJARAT,444,DANG,394710,3/8/2022,Pravinbhai S. Gayakavad Centering work and Suppliers,"124-G, 0, Karbar Faliya, 124-G, Ahwa, Kotba","[{""NIC5DigitId"":""42904"",""Description"":""Construction of outdoor sports facilities""},{""NIC5DigitId"":""42909"",""Description"":""Other civil engineering projects n.e.c.""},{""NIC5DigitId"":""43900"",""Description"":""Other specialized construction activities""}]"
24,GUJARAT,444,DANG,394710,30/04/2024,CHAUDHARI KRUSHNABHAI MANUBHAI,"5, GHUBITA, NISHAL FALIYU, 5, 0, AHWA","[{""NIC5DigitId"":""41002"",""Description"":""Activities relating to alteration, addition, repair, maintenance carried out on own-account basis or on a fee or contract basis""}]"
24,GUJARAT,444,DANG,394730,31/12/2022,Lucky Motors,"., Lucky Motors, Polytechnic Road, ., Waghai, Waghai","[{""NIC5DigitId"":""45102"",""Description"":""Wholesale and retail sale of used motor vehicles""}]"
24,GUJARAT,444,DANG,394730,12/2/2024,S. S. ENTERPRISE,"DUNGARDA, JHARIYA (DUNGARDA), JHARIYA (DUNGARDA), DUNGARDA, WAGHAI, WAGHAI","[{""NIC5DigitId"":""77302"",""Description"":""Renting and operational leasing of agricultural and forestry machinery and equipment without operator""}]"
24,GUJARAT,444,DANG,394730,6/7/2023,DIGITAL SEVA KENDRA,"42, digital seva kendra, Eklavya English Medium school, 42, waghai, waghai","[{""NIC5DigitId"":""63992"",""Description"":""Activities of cyber café""}]"
24,GUJARAT,444,DANG,394710,31/01/2024,SAMARTH COMPUTERISED CLINICAL LABORATORY,"Shop No 1, opp. Site Hanumanmandir Panchli Colony, NAVAPUR ROAD, Shop No 1, AHWA, AHWA","[{""NIC5DigitId"":""86100"",""Description"":""Hospital activities""}]"
24,GUJARAT,444,DANG,394710,1/12/2023,Maa Karni Agency,"Shop-1, Ashirwad Complex, Saputara Road, Shop-1, 0, Dang","[{""NIC5DigitId"":""47214"",""Description"":""Retail sale of bakery products, dairy products and eggs""},{""NIC5DigitId"":""47222"",""Description"":""Retail sale of non-alcoholic beverages including icecream not for consumption on the premises""}]"
24,GUJARAT,444,DANG,394720,4/10/2023,Soham Computer & Zerox Center,"2, in Boating Parking, Boating Road, 2, Ahwa, Saputara","[{""NIC5DigitId"":""95111"",""Description"":""Repair and maintenance of computer and peripheral equipment""}]"
24,GUJARAT,444,DANG,394710,31/01/2024,SMITABEN VIJAYBHAI CHAUDHARI,"13, SUNSET POINT SOCIETY BESIDE SEVA DHAM, SUNSET POINT SOCIETY BESIDE SE, 13, AHWA, AHWA","[{""NIC5DigitId"":""42902"",""Description"":""Construction of waterways, harbours and river works, dredging of waterways""},{""NIC5DigitId"":""42903"",""Description"":""Construction of dams etc.""},{""NIC5DigitId"":""42909"",""Description"":""Other civil engineering projects n.e.c.""}]"
24,GUJARAT,444,DANG,394710,12/2/2024,Kinjal kriyana,"4, Nilsakya, Shcool Faliya, 4, 4, Ahwa","[{""NIC5DigitId"":""10307"",""Description"":""Canning of fruits and vegetables""}]"
24,GUJARAT,444,DANG,394710,20/10/2023,RATAN LAL CHAUDHARI,"02, AHWA MAIN ROAD, AHWA, 02, 0, AHWA","[{""NIC5DigitId"":""46302"",""Description"":""Wholesale of raw milk & dairy products""},{""NIC5DigitId"":""46305"",""Description"":""Wholesale of edible oils, fats, sugar and processed\/manufactured spices etc.""}]"
24,GUJARAT,444,DANG,394720,12/1/2024,BOSS COLLECTION,"BOSS COLLECTION, SAPUTARA, NASHIK SURAT HYWAY, BOSS COLLECTION, TAL AHWA, SAPUTARA","[{""NIC5DigitId"":""47711"",""Description"":""Retail sale of readymade garments, hosiery goods, other articles of clothing and clothing accessories such as gloves, ties, braces etc.""}]"
24,GUJARAT,444,DANG,394710,14/05/2024,SHIV ARDHANARESHWARI PRASADALAY,"01, SHIV ARDHANARESHWARI PRASADALAY, POST LINGA, 01, AT BILMAD TULSIGAD, AHAVA","[{""NIC5DigitId"":""46909"",""Description"":""Other non-specialised wholesale trade n.e.c.""}]"
24,GUJARAT,444,DANG,394710,6/9/2023,DHANANI SUPER MARKET,"--, DHANANI SUPER MARKET, OPP MAHADEV MANDIR, --, AHWA, DANG","[{""NIC5DigitId"":""47211"",""Description"":""Retail sale of cereals and pulses, tea, coffee, spices and flour""}]"
24,GUJARAT,444,DANG,394710,1/3/2024,Ranjitbhai Ramasubhai Pawar,"01, GAURYA, GAURYA MAIN ROAD, 01, 2, AHWA","[{""NIC5DigitId"":""87900"",""Description"":""Other residential care activities n.e.c.""}]"
24,GUJARAT,444,DANG,394730,20/03/2024,RATHOD PRIYANKESHBHAI RAMANBHAI,"0, 0, waghai, 0, 0, ahwa","[{""NIC5DigitId"":""49231"",""Description"":""Motorised road freight transport""}]"
24,GUJARAT,444,DANG,394715,8/1/2024,Vijaybhai Kalubhai Bhoye,"16, SARWAR, SARWAR MAIN ROAD, 16, 2, WAGHAI","[{""NIC5DigitId"":""10809"",""Description"":""Manufacture of other animal feeds n.e.c.""}]"
24,GUJARAT,444,DANG,394710,13/05/2024,SAURAV RAJAN VADKEL,"0, N/A, PWD COLONY, 0, 0, AHWA","[{""NIC5DigitId"":""41002"",""Description"":""Activities relating to alteration, addition, repair, maintenance carried out on own-account basis or on a fee or contract basis""}]"
24,GUJARAT,444,DANG,394730,20/10/2023,Kunvar Govindbhai Bhilabhai,"6/10, Hanuman faliyu, Hanuman faliyu, waghai, 6/10, AHWADANGS, Ahwa","[{""NIC5DigitId"":""96096"",""Description"":""Astrological and spiritualists’ activities""}]"
24,GUJARAT,444,DANG,394710,6/2/2024,ANSH DIGITAL POINT,"41, DHUM ANKUR SHANTARAMBHAI, AHWA, 41, D, AHWA","[{""NIC5DigitId"":""88100"",""Description"":""Social work activities without accommodation for the elderly and disabled""}]"
24,GUJARAT,444,DANG,394730,31/07/2023,PARVEZ SAVAKSA MIRZA,"0, Nishal Faliya, Zavda, 0, Zavda, Ta-Vaghai","[{""NIC5DigitId"":""47110"",""Description"":""Retail sale in non-specialized stores with food, beverages or tobacco predominating""}]"
24,GUJARAT,444,DANG,394710,4/5/2023,M/S ECOBASKET CONSULTANCY PRIVATE LIMITED,"78, Sakharam Bavajya Bhoye,Sakarpatal,Dangs, Sakharam Bavajya Bhoye,Sakarpa, 78, Ahwa, Gujarat","[{""NIC5DigitId"":""70200"",""Description"":""Management consultancy activities""}]"
24,GUJARAT,444,DANG,394730,28/11/2023,M/S WAGHAI TALUKA NATURAL FARM PRODUCT PRODUCER COMPANY LIMITED,"39, C/o Mangleshkumar Chimanbhai Bhoye, Near Bus Stop, 39, Near Bus Stop, Sakarpatal","[{""NIC5DigitId"":""47734"",""Description"":""Retail sale of flowers, plants, pet animals and pet food""},{""NIC5DigitId"":""46209"",""Description"":""Whole sale of other agriculture raw materials n.e.c.""}]"
24,GUJARAT,444,DANG,394730,4/9/2023,Nirmalaben Siddhrajbhai Patel,"25, Jamlapada, Saputara, 25, Waghai, Waghai","[{""NIC5DigitId"":""10799"",""Description"":""Other semi-processed, processed or instant foods n.e.c. except farinaceous products and malted foods and manufacturing activities like manufacture of egg powder, sambar powder etc. (this excludes the activities covered under 10619)""}]"
24,GUJARAT,444,DANG,394730,5/12/2023,AMITBHAI SUNILBHAI BARE,"12, Upalu falyu, Saputara, 12, Waghai, Waghai","[{""NIC5DigitId"":""10799"",""Description"":""Other semi-processed, processed or instant foods n.e.c. except farinaceous products and malted foods and manufacturing activities like manufacture of egg powder, sambar powder etc. (this excludes the activities covered under 10619)""},{""NIC5DigitId"":""46512"",""Description"":""Wholesale of software""}]"
24,GUJARAT,444,DANG,394710,9/1/2024,E TRADERS AND SUPPLIERS,"15 JADAV COMPLEX, 15 JADAV COMPLEX, MAIN ROAD, 15 JADAV COMPLEX, 1st floor, AHWA","[{""NIC5DigitId"":""47613"",""Description"":""Retail sale of stationery office supplies such as pens, pencils, paper etc.""}]"
24,GUJARAT,444,DANG,394720,10/1/2024,MANGAL SMRUTI BHARATGAS,"133, MANGAL SMRUTI BHARATGAS, SAPUTARA, 133, -, DANG","[{""NIC5DigitId"":""49231"",""Description"":""Motorised road freight transport""}]"
24,GUJARAT,444,DANG,394710,11/12/2023,AEMAN STEEL AND CEMENT,"DUNGRI FALIYA AHWA, DUNGRI FALIYA AHWA, AHWA, DUNGRI FALIYA AHWA, AHWA, AHWA","[{""NIC5DigitId"":""81299"",""Description"":""Other building and industrial cleaning activities""}]"
24,GUJARAT,444,DANG,394730,13/02/2024,prasant bamboo hand krafter,"upalu faliyu, ambapada, saputara road, upalu faliyu, waghai, ambapada","[{""NIC5DigitId"":""16239"",""Description"":""Manufacture of other wooden containers and products entirely or mainly of cane, rattan, bamboo, willow, fibre, leaves and grass n.e.c.""}]"
24,GUJARAT,444,DANG,394720,27/10/2023,GURUKRUPA KATHIYAWADI HOTEL,"MALEGAV TOLNAKA, MALEGAM, MALEGAM, MALEGAV TOLNAKA, GEB POWER HOUSE, SAPUTARA","[{""NIC5DigitId"":""56101"",""Description"":""Restaurants without bars""}]"
24,GUJARAT,444,DANG,394710,6/12/2023,MKB BRICS,"MULCHOND, MULCHOND, MULCHOND, MULCHOND, BHAVANDAGAD, AHWA","[{""NIC5DigitId"":""32909"",""Description"":""Manufacture of other articles n.e.c.""}]"
24,GUJARAT,444,DANG,394716,29/07/2021,ROSHNI EMPORIUM,"61,, ,, SASTA ANAJ DUKAN SAME,, 61,, BAZAR FALIYU,, PIPALDAHAD","[{""NIC5DigitId"":""46419"",""Description"":""Wholesale of other clothing items n.e.c.""}]"
24,GUJARAT,444,DANG,394720,5/2/2024,Shaileshbhai Bikhubhai Solanki,"Main Road Saputara, Near museum, Main Road saputara, Main Road Saputara, NA, Saputara","[{""NIC5DigitId"":""10301"",""Description"":""Sun-drying of fruit and vegetables""}]"
24,GUJARAT,444,DANG,396530,11/11/2020,vanoshadi nahari kendra,"33, WAGHAI, WAGHAI, 33, 33, WAGHAI","[{""NIC5DigitId"":""86909"",""Description"":""Other human health activities n.e.c. (including independent ambulance activities)""}]"
24,GUJARAT,444,DANG,394710,6/3/2024,AMRATBHAI SONYRAOBHAI BHOYE,"0, 0, savar, 0, 0, the dangs","[{""NIC5DigitId"":""78200"",""Description"":""Temporary employment agency activities""}]"
24,GUJARAT,444,DANG,394730,18/05/2024,M/S IMTIYAZ AGENCY,"FROUND FLOOR, SAI SHOPPING CENTER, MAIN MARKET ROAD, FROUND FLOOR, 0, WAGHAI","[{""NIC5DigitId"":""47110"",""Description"":""Retail sale in non-specialized stores with food, beverages or tobacco predominating""}]"
24,GUJARAT,444,DANG,394730,13/03/2024,M/S DREAM HIGH CHARITABLE TRUST,"., ., ., ., ., Ta.Waghai","[{""NIC5DigitId"":""88100"",""Description"":""Social work activities without accommodation for the elderly and disabled""},{""NIC5DigitId"":""88900"",""Description"":""Other social work activities without accommodation n.e.c.""},{""NIC5DigitId"":""10809"",""Description"":""Manufacture of other animal feeds n.e.c.""}]"
24,GUJARAT,444,DANG,396580,17/05/2023,ASHOKBHAI M BARAIYA,"NISHAL FALIYU, TADPADA, POST AMBABARI, NISHAL FALIYU, VANSDA, VANSDA","[{""NIC5DigitId"":""52294"",""Description"":""Weighing of goods""}]"
24,GUJARAT,444,DANG,394730,1/8/2024,Bhavnesh Nagar,"1, bajarfaliya, saputara road, 1, 1, samgahan","[{""NIC5DigitId"":""56101"",""Description"":""Restaurants without bars""}]"
24,GUJARAT,444,DANG,394716,28/08/2023,SHRI SITARAMBHAI SOMABHAI PAWAR,"00, VACHLU FALIYU, VACHLU FALIYU, 00, NEAR PANI TANKI, BHONDVIHIR","[{""NIC5DigitId"":""46301"",""Description"":""Wholesale of fruits & vegetables""}]"
24,GUJARAT,444,DANG,394710,5/12/2020,MATIKAM & A.P.P BRICKS,"11, Kalibel, Kalibel, 11, 11, Wghe","[{""NIC5DigitId"":""23921"",""Description"":""Manufacture of bricks""}]"
24,GUJARAT,444,DANG,394730,18/08/2023,M/S SAI AUTOMOBILES,"SHOP NO.934A, PLOT NO.103, OPP SEVA SADAN, SHOP NO.934A, WAGHAI, WAGHAI","[{""NIC5DigitId"":""45402"",""Description"":""Wholesale or retail sale of parts and accessories of motorcycles, mopeds, scooters and three wheelers""}]"
24,GUJARAT,444,DANG,394710,2/2/2023,AMBICA MANDAP DECORATION,"0, AMBICA MANDAP DECORATION, BHISIHYA, 0, 0, AHWA","[{""NIC5DigitId"":""74909"",""Description"":""Other professional, scientific and technical activities n.e.c.""}]"
24,GUJARAT,444,DANG,394730,27/09/2022,A H DHANANI,"C/o NATIONAL HARDWAR, E & BUILDING MATERIALS, WAGHAI, C/o NATIONAL HARDWAR, NEAR CHAR RASTA, WAGHAI","[{""NIC5DigitId"":""41001"",""Description"":""Construction of buildings carried out on own-account basis or on a fee or contract basis""}]"
24,GUJARAT,444,DANG,394710,31/03/2022,TUSHARBHAI YESHUBHAI BHOYE,"01, AT POST GAURYA CHIKTYA, GAURYA CHIKTYA, 01, AHWA, AHWA","[{""NIC5DigitId"":""01463"",""Description"":""Operation of poultry hatcheries""}]"
24,GUJARAT,444,DANG,394710,11/7/2022,DINESH AUTO PARTS,"0, MAIN ROAD, ., 0, ., DANGS","[{""NIC5DigitId"":""45300"",""Description"":""Sale of motor vehicle parts and accessories""}]"
24,GUJARAT,444,DANG,394710,30/03/2022,ATISHBHAI SHUKARBHAI CHAURYA,"01, AT POST SATI VANGAN, SATI VANGAN, 01, AHWA, AHWA","[{""NIC5DigitId"":""01639"",""Description"":""Other post harvest crop activities, n.e.c.""}]"
24,GUJARAT,444,DANG,394710,12/6/2024,PATEL ANILBHAI RANGILBHAI,"0, 0, 0, 0, 0, The dangs","[{""NIC5DigitId"":""58199"",""Description"":""Other publishing activities (including on-line) n.e.c.""}]"
24,GUJARAT,444,DANG,394710,28/09/2023,Dinesh Poltry Farm,"135, Barina mal, Barinamal, 135, 92, The Dang","[{""NIC5DigitId"":""01463"",""Description"":""Operation of poultry hatcheries""}]"
24,GUJARAT,444,DANG,394710,24/09/2023,Shivam  Online 01,"Shivam Online 01, SCHOOL NI BAJUMA, BUS STAND SAME, Shivam Online 01, BHAVANDAGAD, AHWA","[{""NIC5DigitId"":""84300"",""Description"":""Compulsory social security activities""}]"
24,GUJARAT,444,DANG,394710,11/3/2023,GAVIT TRANSPORT,"12, VAYDUN, CHINCHLI, 12, -, AHWA","[{""NIC5DigitId"":""49231"",""Description"":""Motorised road freight transport""}]"
24,GUJARAT,444,DANG,394730,21/06/2022,ZankarVision,"Opp  busstop, Zankarvision, Main Bazzar, Opp  busstop, 15, waghai","[{""NIC5DigitId"":""47420"",""Description"":""Retail sale of audio and video equipment in specialized stores""},{""NIC5DigitId"":""47594"",""Description"":""Retail sale of refrigerators, washing machines and other electrical\/electronic household goods""}]"
24,GUJARAT,444,DANG,394710,13/10/2022,Ganesh Electronic,"n/a, n/a, Ahwa misan pada hanuman madirn, n/a, n/a, dang","[{""NIC5DigitId"":""26109"",""Description"":""Manufacture of other electronic components n.e.c""}]"
24,GUJARAT,444,DANG,394710,28/11/2024,TULSIRAMBHAI K GAYAKWAD,"AMBAPADA AHWA, AMBAPADA AHWA, AMBAPADA AHWA, AMBAPADA AHWA, AHWA, AHWA","[{""NIC5DigitId"":""41002"",""Description"":""Activities relating to alteration, addition, repair, maintenance carried out on own-account basis or on a fee or contract basis""}]"
24,GUJARAT,444,DANG,394710,16/10/2021,SHIVAMBIKA TRADERS,"PLOT No.9-10, SHRI AMBIKANAGAR CO.OP.SOCIETY, PATELPADA, PLOT No.9-10, 2, AHWA","[{""NIC5DigitId"":""47190"",""Description"":""Other retail sale in non-specialized stores""},{""NIC5DigitId"":""47411"",""Description"":""Retail sale of computers and computer peripherals""},{""NIC5DigitId"":""47420"",""Description"":""Retail sale of audio and video equipment in specialized stores""},{""NIC5DigitId"":""47510"",""Description"":""Retail sale of textiles in specialized stores""},{""NIC5DigitId"":""47522"",""Description"":""Retail sale of hardware including paints, varnishes and lacquers and do - it - yourself materials and equipments""},{""NIC5DigitId"":""47531"",""Description"":""Retail sale of carpets, rugs, curtains and net curtains""},{""NIC5DigitId"":""47711"",""Description"":""Retail sale of readymade garments, hosiery goods, other articles of clothing and clothing accessories such as gloves, ties, braces etc.""},{""NIC5DigitId"":""47713"",""Description"":""Retail sale of footwear""},{""NIC5DigitId"":""47722"",""Description"":""Retail sale of perfumery and cosmetic articles""},{""NIC5DigitId"":""47911"",""Description"":""Retail sale via mail order houses""}]"
24,GUJARAT,444,DANG,394710,18/10/2021,SAPTARSHI TRADERS,"MISHANPADA, 0, AT POST AHWA, MISHANPADA, 0, DANG","[{""NIC5DigitId"":""46632"",""Description"":""Wholesale of construction materials (sand, gravel etc.)""}]"
24,GUJARAT,444,DANG,394710,24/11/2020,MATIKAM & 555 BRICKS,"13, Umarpada, Umarpada, 13, 13, Ahwa dang","[{""NIC5DigitId"":""23921"",""Description"":""Manufacture of bricks""}]"
24,GUJARAT,444,DANG,394730,2/1/2021,BHARTIBEN CHHITUBHAI PATEL,"3-32-2, ASHA NAGAR WAGHAI, ASHA NAGAR WAGHAI, 3-32-2, WAGHAI, WAGHAI","[{""NIC5DigitId"":""56291"",""Description"":""Activities of food service contractors (e.g. for transportation companies)""}]"
24,GUJARAT,444,DANG,394730,22/09/2020,The Dang Masala Gruh Udyog,"Dodipada road, The Dang masala Gruh udyog, Dodipada road, Dodipada road, Waghai, Waghai","[{""NIC5DigitId"":""10795"",""Description"":""Grinding and processing of spices""}]"
24,GUJARAT,444,DANG,394716,31/12/2020,HET MISSION MANGALM,"184, CHAUDHARI, PIPALAIDEVI, 184, SUBIR, PIPALAIDEVI","[{""NIC5DigitId"":""56292"",""Description"":""Operation of canteens or (e.g. for factories, offices, hospitals or schools) on a concession basis""}]"
24,GUJARAT,444,DANG,394730,9/7/2021,KRISHNA Enterprise,"5-14, RENJ OFFICE WAGHAI, RENJ OFFICE NI PACHAD, 5-14, 0, THE DANGS","[{""NIC5DigitId"":""46303"",""Description"":""Wholesale of meat, fish & eggs""}]"
24,GUJARAT,444,DANG,382445,21/06/2021,Chhanabhai Bharvad,"447, Janiya pir no tekro, Vatva, 447, Block B, Ahmedabad","[{""NIC5DigitId"":""49231"",""Description"":""Motorised road freight transport""}]"
24,GUJARAT,444,DANG,394710,27/01/2023,SUHEL ALLARAKHU PATHAN,"AT PO, MAIN ROAD NEAR POLICE STATION AHWA, MAIN ROAD NEAR POLICE, AT PO, AHWA, AHWA","[{""NIC5DigitId"":""14105"",""Description"":""Custom tailoring""}]"
24,GUJARAT,444,DANG,394730,10/10/2022,Milwala Samirbhai Basirbhai,"DARGAH ROAD, WAGHAI, WAGHAI, DARGAH ROAD, THE DANGH, WAGHAI","[{""NIC5DigitId"":""56103"",""Description"":""Ice cream mobile vendors, mobile food carts""}]"
24,GUJARAT,444,DANG,394730,12/9/2023,RAMDEV MOBILE SHOP,"., RAMDEV MOBILE SHOP, RAILWAY STATION ROAD, ., WAGHAI, WAGHAI","[{""NIC5DigitId"":""47594"",""Description"":""Retail sale of refrigerators, washing machines and other electrical\/electronic household goods""}]"
24,GUJARAT,444,DANG,394716,8/4/2024,RIYANSH FOOTWER,"MAHAL ROAD, SUBIR, MAHAL ROAD, MAHAL ROAD, SUBIR, SUBIR","[{""NIC5DigitId"":""15201"",""Description"":""Manufacture of leather footwear such as shoes, sandals, chappals, leather-cum-rubber\/plastic cloth sandles and chappals""}]"
24,GUJARAT,444,DANG,394716,14/05/2022,SHRI VINESHBHAI NAPRIYABHAI GAMIT,"00, Subir, Subir, 00, 00, The Dang","[{""NIC5DigitId"":""96098"",""Description"":""General household maintenance activities like grooming of the floor, dusting, cleaning of utensils etc.""}]"
24,GUJARAT,444,DANG,394730,28/12/2022,RAJ AUTO,"Nishal faliyu, Dodipada road, Dodipada road, Nishal faliyu, Waghai, Waghai","[{""NIC5DigitId"":""45102"",""Description"":""Wholesale and retail sale of used motor vehicles""}]"
24,GUJARAT,444,DANG,394710,20/10/2021,RAMANBHAI ZUBLYABHAI BARDE,"01, AT POST JAVTALA PANDAVA, PANDAVA, 01, AHWA, AHWA","[{""NIC5DigitId"":""78200"",""Description"":""Temporary employment agency activities""}]"
24,GUJARAT,444,DANG,394710,8/12/2020,MATIKAM & B.S.P BRICKS,"11, Gorva, Gorva, 11, 11, Ahwa","[{""NIC5DigitId"":""23921"",""Description"":""Manufacture of bricks""}]"
24,GUJARAT,444,DANG,396590,5/8/2023,MAHESH VEGITABLE TRANSPORT,"-, GAMIT FALIYU, VANSDA, -, -, VANSDA","[{""NIC5DigitId"":""49110"",""Description"":""Passenger rail transport""}]"
24,GUJARAT,444,DANG,394715,29/05/2023,Ganvit Varshaben Kasubhai,"87, TEKPADA, TEKPADA, 87, 0, WAGHAI","[{""NIC5DigitId"":""17099"",""Description"":""Manufacture of other paper products n.e.c.""}]"
24,GUJARAT,444,DANG,394710,16/05/2023,MANTHAN GENERAL STORE,"1, JAMLAPADA POST. GADHAVI, MAHAL ROAD, 1, AHWA, JAMLAPADA","[{""NIC5DigitId"":""47110"",""Description"":""Retail sale in non-specialized stores with food, beverages or tobacco predominating""}]"
24,GUJARAT,444,DANG,394730,28/12/2022,DHANANI MOHMADAYAZ NASEERBHAI,"Rajendra pura faliyu, Anganwadi kendra, Aanganwadi road, Rajendra pura faliyu, Waghai, Waghai","[{""NIC5DigitId"":""63999"",""Description"":""Other information service activities n.e.c.""}]"
24,GUJARAT,444,DANG,394710,2/12/2022,PAWAR SURENDRABHAI,"Ambapada, PWD office, Main Circle, Ambapada, Ahwa, Ahwa","[{""NIC5DigitId"":""49223"",""Description"":""Rental of private cars with driver""}]"
24,GUJARAT,444,DANG,396580,28/06/2021,"KINJAL TRAVELS, VANSDA","103, ASHOKBHAI MAHARUBHAI THAKARE, MANDIR FALIYU, VANSDA CHARANVADA, 103, Vansda, Vansda","[{""NIC5DigitId"":""79110"",""Description"":""Travel agency activities""}]"
24,GUJARAT,444,DANG,394730,11/4/2022,Navarambhai kasanjibhai rabari,"91/2, Ashanagar, Railway station, 91/2, Waghai, Waghai","[{""NIC5DigitId"":""49231"",""Description"":""Motorised road freight transport""}]"
24,GUJARAT,444,DANG,394716,12/2/2025,Diva Ravishbhai,"456, Hadol, Hadol, 456, Hadol, Hadol","[{""NIC5DigitId"":""47211"",""Description"":""Retail sale of cereals and pulses, tea, coffee, spices and flour""}]"
24,GUJARAT,444,DANG,394730,12/2/2025,CHAUDHARI CHAMPAKBHAI CHINTUBHAI,"181, BINIAVAN FALIYU, CHIKAR JHAVDASAJA, 181, 0, THE DANGS","[{""NIC5DigitId"":""43123"",""Description"":""Clearing of building sites, earth moving: excavation, landfill, levelling and grading of construction sites, trench digging, rock removal, blasting etc.""}]"
24,GUJARAT,444,DANG,394730,13/01/2021,R S U Y MAHALAXMI SAKHI MANDAL WAGHAI,"12-179-1, SAPUTARA ROAD WAGHAI, SAPUTARA ROAD WAGHAI, 12-179-1, WAGHAI, WAGHAI","[{""NIC5DigitId"":""56292"",""Description"":""Operation of canteens or (e.g. for factories, offices, hospitals or schools) on a concession basis""}]"
24,GUJARAT,444,DANG,394730,7/2/2025,Pavar Pintubhai Mandhyabhai,"0, 0, waghai, 0, 0, ahwa","[{""NIC5DigitId"":""49231"",""Description"":""Motorised road freight transport""}]"
24,GUJARAT,444,DANG,394710,19/04/2025,DON HILLS P.V. RESTORENT,"01, ERIAMBA FALIYU, GIRA DHOD ROAD, 01, AHWA, DON","[{""NIC5DigitId"":""56101"",""Description"":""Restaurants without bars""}]"
24,GUJARAT,444,DANG,394715,13/02/2025,AJITA BASKET MAKER,"-, OPP RENJ FOREST OFFICE, AMLI FALIYU, -, -, CHICHINAGAONTHA","[{""NIC5DigitId"":""16233"",""Description"":""Manufacture of market basketry, grain storage bins and similar products made of bamboo or reed""}]"
24,GUJARAT,444,DANG,394710,13/02/2025,NIGAHE KARAM GENERAL STORE,"D 245, AHWA, MAIN ROAD, D 245, AHWA, AHWA","[{""NIC5DigitId"":""96098"",""Description"":""General household maintenance activities like grooming of the floor, dusting, cleaning of utensils etc.""}]"
24,GUJARAT,444,DANG,394710,19/04/2025,JAY JALARAM SAKHI MANDAL,"2, DANG SEVA MANDAL AHWA, MAIN ROAD, 2, 2, AHWA","[{""NIC5DigitId"":""47212"",""Description"":""Retail sale of fresh or preserved fruit and vegetables""},{""NIC5DigitId"":""56102"",""Description"":""Cafeterias, fast-food restaurants and other food preparation in market stalls""}]"
24,GUJARAT,444,DANG,394710,11/9/2021,M/S SANKET RAMESHCHANDRA SHAH,"Survey No.1069/A,, Opp. Forest Office, Ahwa Road, Survey No.1069/A,, Waghai, Ahwa","[{""NIC5DigitId"":""47300"",""Description"":""Retail sale of automotive fuel in specialized stores [includes the activity of petrol filling stations.""}]"
24,GUJARAT,444,DANG,394710,26/11/2024,VAGH SUNILBHAI VITTHALBHAI,"PATELPADA, PATELPADA, BEHIND MILPADA SCHOOL, PATELPADA, AHWA, AHWA","[{""NIC5DigitId"":""45102"",""Description"":""Wholesale and retail sale of used motor vehicles""}]"
24,GUJARAT,444,DANG,394720,5/12/2024,VANRAVAN RESORT,"SURVEY NO 23,, VANRAVAN RESORT, JOGBAARI ROAD, SURVEY NO 23,, DANG, SHAAMMGHAN","[{""NIC5DigitId"":""55101"",""Description"":""Hotels and Motels, inns, resorts providing short term lodging facilities; includes accommodation in house boats""}]"
24,GUJARAT,444,DANG,394710,7/12/2020,MATIKAM & K.B.K BRICKS,"55, Subir, Subir, 55, 55, Subir","[{""NIC5DigitId"":""23921"",""Description"":""Manufacture of bricks""}]"
24,GUJARAT,444,DANG,394710,29/11/2024,VIRANG KIRANA STORE,"40, 0, PATEL FALIYU, 40, AHWA, 0","[{""NIC5DigitId"":""47211"",""Description"":""Retail sale of cereals and pulses, tea, coffee, spices and flour""},{""NIC5DigitId"":""47214"",""Description"":""Retail sale of bakery products, dairy products and eggs""},{""NIC5DigitId"":""47219"",""Description"":""Retail sale of other food products n.e.c.""}]"
24,GUJARAT,444,DANG,394716,1/7/2024,KHURKHUTIYA MUKESHBHAI HARESHBHAI,"1, Uplu faliyu, Uplu faliyu, 1, 1, Jogthawa","[{""NIC5DigitId"":""46303"",""Description"":""Wholesale of meat, fish & eggs""}]"
24,GUJARAT,444,DANG,394710,17/07/2024,KAMLESHBHAI FATESINGBHAI NAYAKDA,"00, MISSIONPADA, MISSIONPADA, 00, 00, DANG","[{""NIC5DigitId"":""47110"",""Description"":""Retail sale in non-specialized stores with food, beverages or tobacco predominating""}]"
24,GUJARAT,444,DANG,394710,9/7/2024,Dineshbhai Kalubhai Bhoye,"0, nichlu fadiyu, kahandalghodi, 0, 0, the dangs","[{""NIC5DigitId"":""27102"",""Description"":""Manufacture of electric power distribution transformers, arc-welding transformers, fluorescent ballasts, transmission and distribution voltage regulators""}]"
24,GUJARAT,444,DANG,396580,15/12/2022,AAROHI BAKERS,"396/3, -, GODAVUN FALIYU, 396/3, VANSADA, NAVSARI","[{""NIC5DigitId"":""10712"",""Description"":""Manufacture of biscuits, cakes, pastries, rusks etc.""}]"
24,GUJARAT,444,DANG,394710,9/2/2024,AR WELDING CENTRE,"DAM FALIYU, BHISYA, DAM ROAD, DAM FALIYU, AHWA, BHISYA","[{""NIC5DigitId"":""27102"",""Description"":""Manufacture of electric power distribution transformers, arc-welding transformers, fluorescent ballasts, transmission and distribution voltage regulators""}]"
24,GUJARAT,444,DANG,394730,13/02/2023,JADAV VEG TRANSPORT,"613, SINGAL FALIYU, RALWAY STATION, 613, -, WAGHAI","[{""NIC5DigitId"":""49231"",""Description"":""Motorised road freight transport""}]"
24,GUJARAT,444,DANG,394710,12/1/2024,Rise mill,"15, Ak rise mil, Pull faliyu, 15, 2, Ahwa","[{""NIC5DigitId"":""96010"",""Description"":""Washing and (dry-) cleaning of textile and fur products""}]"
24,GUJARAT,444,DANG,394710,1/7/2023,MAHALE ROHINIBEN VISHVNATHABHAI,"611, Ahwa, Hanuman mandir road, 611, Ahwadangs, Ahwa","[{""NIC5DigitId"":""96096"",""Description"":""Astrological and spiritualists’ activities""}]"
24,GUJARAT,444,DANG,394710,5/7/2023,SAGAR CONSTRUCTION,"CHINCHALI, AHWA, THE DANGS, CHINCHALI, AHWA, AHWA","[{""NIC5DigitId"":""68200"",""Description"":""Real estate activities on a fee or contract basis""}]"
24,GUJARAT,444,DANG,394730,19/04/2023,DIVYESHBHAI PRAVINBHAI PATEL,"0, 0, RTO NAKA, 0, 0, WAGHAI","[{""NIC5DigitId"":""49223"",""Description"":""Rental of private cars with driver""}]"
24,GUJARAT,444,DANG,394715,20/07/2023,KIRANA SHOOP,"153, KHATAL, MAHADEV TEMPLE, 153, 00, AHWA","[{""NIC5DigitId"":""47110"",""Description"":""Retail sale in non-specialized stores with food, beverages or tobacco predominating""}]"
24,GUJARAT,444,DANG,394710,20/09/2022,SHIVAM GRAPHICS,"DEVALPADA, DEVALPADA, OPP.POLICE STATION, DEVALPADA, AHWA, AHWA","[{""NIC5DigitId"":""63992"",""Description"":""Activities of cyber café""}]"
24,GUJARAT,444,DANG,394730,15/07/2023,UMESHBHAI BANSIBHAI MAHALE,"1 73 1 GULAKHAV, 0, 0, 1 73 1 GULAKHAV, FALIYU SAMGAHAN, FALIYU SAMGAHAN","[{""NIC5DigitId"":""47810"",""Description"":""Retail sale via stalls and markets of food, beverages and tobacco products""}]"
24,GUJARAT,444,DANG,394710,6/7/2023,UMANGKUMAR CHUNILALBHAI MISTRI,"00, PWD COLONY, PWD COLONY, 00, 00, AHWA","[{""NIC5DigitId"":""16231"",""Description"":""Manufacture of wooden boxes, barrels, vats, tubs, packing cases etc.""}]"
24,GUJARAT,444,DANG,396230,11/8/2023,KHUSHI ENTERPRISES,"303 SPRING CITY TYPE, D NEAR POLICE STATION MASAT, ., 303 SPRING CITY TYPE, ., DADRA & NAGAR HAVELI","[{""NIC5DigitId"":""96098"",""Description"":""General household maintenance activities like grooming of the floor, dusting, cleaning of utensils etc.""}]"
24,GUJARAT,444,DANG,394710,29/02/2024,MAHALE MIHEERBHAI SUNILBHAI,"PWD COLONY, MAIN ROAD PWD COLONY AHWA, MAIN ROAD AHWA, PWD COLONY, AHWA, AHWA","[{""NIC5DigitId"":""96095"",""Description"":""Activities of sauna and steam baths, massage salons etc.""}]"
24,GUJARAT,444,DANG,394730,16/08/2022,PAWAR VEG TRANSPORT,"-, CHIKHALI, SAMGAHAN SAJA, -, -, AHWA","[{""NIC5DigitId"":""49231"",""Description"":""Motorised road freight transport""}]"
24,GUJARAT,444,DANG,394715,4/9/2023,ANGEL XEROX AND ONLINE CENTER,"AT POST KALIBEL, KALIBEL, BARDA FALIYU, AT POST KALIBEL, MAIN ROAD, KALIBEL","[{""NIC5DigitId"":""62099"",""Description"":""Other information technology and computer service activities n.e.c""}]"
24,GUJARAT,444,DANG,394710,5/9/2023,SHRI SANJAYKUMAR SHASHIKANTBHAI PATEL,"Baripada baripada, Nadagchond the Dangs, Ahwa, Baripada baripada, Waghai, Ahwa","[{""NIC5DigitId"":""41001"",""Description"":""Construction of buildings carried out on own-account basis or on a fee or contract basis""}]"
24,GUJARAT,444,DANG,394716,4/9/2023,CHAUDHARI RAMANBHAI CHANDUBHAI,"JUNNER, JUNNER, JUNNER, JUNNER, SUBIR, SUBIR","[{""NIC5DigitId"":""47110"",""Description"":""Retail sale in non-specialized stores with food, beverages or tobacco predominating""}]"
24,GUJARAT,444,DANG,394730,25/08/2022,CHAUDHARI KIRANBHAI CHHAGANBHAI,"2/84, rajendrapur faliyu, krushi univar c t, 2/84, 0, waghai","[{""NIC5DigitId"":""49224"",""Description"":""Taxi operation""}]"
24,GUJARAT,444,DANG,394710,18/04/2023,BHAGARE SHANKARBHAI MOHANBHAI,"ahwa, ahwa, ahwa, ahwa, ahwa, ahwa","[{""NIC5DigitId"":""96098"",""Description"":""General household maintenance activities like grooming of the floor, dusting, cleaning of utensils etc.""}]"
24,GUJARAT,444,DANG,394710,14/09/2023,BHOYE FOOD CORNER,"-, HEDIPADA, OPP BUS STAND, -, -, JAKHANA","[{""NIC5DigitId"":""49232"",""Description"":""Non-motorised road freight transport""}]"
24,GUJARAT,444,DANG,394710,7/3/2024,RAGHAV CONSTRUCTION,"136, S/O. KUVAR ANADBHAI D, KALAMVIHIR, 136, KALAMVIHIR, AHWA","[{""NIC5DigitId"":""68200"",""Description"":""Real estate activities on a fee or contract basis""}]"
24,GUJARAT,444,DANG,394730,13/03/2024,KRUTI JAN SEVA KENDRA,"1, KRUTI JAN SEVA KENDRA, DANG, 1, WAGHAI, WAGHAI","[{""NIC5DigitId"":""63992"",""Description"":""Activities of cyber café""}]"
24,GUJARAT,444,DANG,394710,22/07/2023,SAHEEN PLASTIC WARE,"0, MAIN ROAD, OPP. NEW POLICE STATION, AHVA, DEVALPADA, 0, AHVA, AHVA","[{""NIC5DigitId"":""22204"",""Description"":""Manufacture of bathing tubs, wash-basins, lavatory pans and covers,flushing cisterns and similar sanitary-ware of plastics""}]"
24,GUJARAT,444,DANG,394720,18/09/2023,SHAKUNTLABEN VIRENDRASINH RADHAV,"B-13, NEW SHOPPING CENTER, IN FRONT OF SHILPI HILL RESORT, B-13, 0, SAPUTARA","[{""NIC5DigitId"":""47640"",""Description"":""Retail sale of games and toys in specialized stores""},{""NIC5DigitId"":""16299"",""Description"":""Manufacture of other wood products n.e.c.""}]"
24,GUJARAT,444,DANG,394710,6/6/2023,GAVIT TRANSPORT,"-, SAMGAVHAN, SAPUTARA ROAD, -, -, AHWA","[{""NIC5DigitId"":""49231"",""Description"":""Motorised road freight transport""}]"
24,GUJARAT,444,DANG,394710,1/3/2023,DANGS COMPUTER CONSULTANCY AHWA,"VAKIL COLONY AHWA, AHWA, NEAR SAI MANDIR, VAKIL COLONY AHWA, AHWA, AHAWA","[{""NIC5DigitId"":""47411"",""Description"":""Retail sale of computers and computer peripherals""},{""NIC5DigitId"":""62020"",""Description"":""Computer consultancy and computer facilities management activities""}]"
24,GUJARAT,444,DANG,394720,3/9/2022,Sandesh Provision Stores,"C-11, New Shopping Centre, Ahwa, C-11, Ahwa, Dang","[{""NIC5DigitId"":""47211"",""Description"":""Retail sale of cereals and pulses, tea, coffee, spices and flour""}]"
24,GUJARAT,444,DANG,394720,21/12/2023,YOGESH TRANSPORT,"-, AT POST GOTIYAMAL, AHWA, -, -, AHWA","[{""NIC5DigitId"":""49110"",""Description"":""Passenger rail transport""}]"
24,GUJARAT,444,DANG,394710,21/01/2023,UJEFABHAI R SHEKH,"114/8, VAKIL COLONY BUS DEPO, AHWA, 114/8, ., THE DANGS","[{""NIC5DigitId"":""49231"",""Description"":""Motorised road freight transport""}]"
24,GUJARAT,444,DANG,394716,1/8/2022,DESAI ENTERPRISES,"66, ., TAKI NE SAME, 66, UPALU FALIYU GAWHAN, GAWHAN","[{""NIC5DigitId"":""47810"",""Description"":""Retail sale via stalls and markets of food, beverages and tobacco products""},{""NIC5DigitId"":""01463"",""Description"":""Operation of poultry hatcheries""}]"
24,GUJARAT,444,DANG,394710,16/10/2022,NIKHIL K VASANI,"0, DEVALPADA, -, 0, -, Dangs","[{""NIC5DigitId"":""49211"",""Description"":""Urban or suburban passenger bus transport (excluding chartered bus)""},{""NIC5DigitId"":""49221"",""Description"":""Long-distance bus services""},{""NIC5DigitId"":""49223"",""Description"":""Rental of private cars with driver""},{""NIC5DigitId"":""49224"",""Description"":""Taxi operation""},{""NIC5DigitId"":""49229"",""Description"":""Other non urban passenger land transport n.e.c.""},{""NIC5DigitId"":""62013"",""Description"":""Providing software support and maintenance to the clients""},{""NIC5DigitId"":""70100"",""Description"":""Activities of head offices""},{""NIC5DigitId"":""70200"",""Description"":""Management consultancy activities""},{""NIC5DigitId"":""71100"",""Description"":""Architectural and engineering activities and related technical consultancy""},{""NIC5DigitId"":""81100"",""Description"":""Combined facilities support activities""},{""NIC5DigitId"":""81210"",""Description"":""General cleaning of buildings""},{""NIC5DigitId"":""96010"",""Description"":""Washing and (dry-) cleaning of textile and fur products""},{""NIC5DigitId"":""08106"",""Description"":""Operation of sand or gravel pits, basalt \/ porphyry, clay (ordinary), crushing and breaking of stone for use as a flux or raw material in lime or cement, manufacture or as building material, road metal or ballast and other materials for construction""},{""NIC5DigitId"":""08992"",""Description"":""Mining and quarrying of abrasive materials (pumice stone, emery, corundum,garnet and other natural abrasives)""}]"
24,GUJARAT,444,DANG,394730,4/12/2023,NANAK AUTO CENTRE,"-, -, WAGHAI VANSDA ROAD, -, -, WAGHAI","[{""NIC5DigitId"":""45200"",""Description"":""Maintenance and repair of motor vehicles""}]"
24,GUJARAT,444,DANG,394710,9/2/2024,SOMA KIRANA STORE,"0, SOMA KIRANA STORE, PIPLAYDEVI RODE, 0, PO.PIPLDHAD, SUBIR","[{""NIC5DigitId"":""47110"",""Description"":""Retail sale in non-specialized stores with food, beverages or tobacco predominating""}]"
24,GUJARAT,444,DANG,394710,11/1/2024,Mayadeviben Balubhai Gavli,"1027, -, Resthouse Road Opp D S P House, 1027, Ahwa, Dang","[{""NIC5DigitId"":""47711"",""Description"":""Retail sale of readymade garments, hosiery goods, other articles of clothing and clothing accessories such as gloves, ties, braces etc.""}]"
24,GUJARAT,444,DANG,394730,24/03/2023,THAKARE MUKESHBHAI HIRAJIBHAI,"DAWAKHANA FALIYU, READY MADE GARMENTS, CHAUHAN FALIYU ROAD, DAWAKHANA FALIYU, TA AHWA, AHWA","[{""NIC5DigitId"":""47711"",""Description"":""Retail sale of readymade garments, hosiery goods, other articles of clothing and clothing accessories such as gloves, ties, braces etc.""}]"
24,GUJARAT,444,DANG,394716,30/05/2024,PAWAR KAMLESHBHAI ISHVARBHAI,"00, BURTHADI, SINGANA ROAD, 00, 00, THE DANGS","[{""NIC5DigitId"":""96010"",""Description"":""Washing and (dry-) cleaning of textile and fur products""}]"
24,GUJARAT,444,DANG,394710,1/6/2023,ANNPURNA AGRO CENTER,"00, MANDIR FALIYU, MANDIR FALIYU, 00, 00, AHWA","[{""NIC5DigitId"":""46309"",""Description"":""Wholesale of other basic\/manufactured food stuffs n.e.c.""}]"
24,GUJARAT,444,DANG,394730,29/05/2024,DRUV FLOFLOURING,"1, Rajendrapur faliyu, Waghai, 1, 1, Waghai","[{""NIC5DigitId"":""56292"",""Description"":""Operation of canteens or (e.g. for factories, offices, hospitals or schools) on a concession basis""}]"
24,GUJARAT,444,DANG,394710,7/6/2024,Vishal Plastic and Electric,"13, Vishal, Navapur, 13, 13, Ahwa","[{""NIC5DigitId"":""88900"",""Description"":""Other social work activities without accommodation n.e.c.""}]"
24,GUJARAT,444,DANG,394730,12/9/2022,YADGAR TRADING,"-, -, B/H S T DEPOT, -, -, WAGHAI","[{""NIC5DigitId"":""46203"",""Description"":""Wholesale of live animals and poultry""}]"
24,GUJARAT,444,DANG,394730,19/07/2024,AMBICA HARDWARE,"SHOP NO 5, AMBICA HARDWARE, SAPUTARA ROAD, SHOP NO 5, OPP DIVYANSHI XEROX, SAMGAHAN","[{""NIC5DigitId"":""46633"",""Description"":""Wholesale of hardware and sanitary fittings and fixtures and flat glass including tools such as hammers, saws, screwdrivers and other hand tools""}]"
24,GUJARAT,444,DANG,382330,31/05/2024,SUTHAR KIRTIBHAI,"56, MARUTI PARK SOCIETY, NIKOL ROAD, 56, 01, AHEMDABAD","[{""NIC5DigitId"":""95240"",""Description"":""Repair of furniture and home furnishings""}]"
24,GUJARAT,444,DANG,394730,14/08/2023,Poultry Farming,"0, 0, UPLU FALIYA, 0, 0, WAGHAI","[{""NIC5DigitId"":""01620"",""Description"":""Support activities for animal production""}]"
24,GUJARAT,444,DANG,394710,17/01/2023,SHREE AMBIKA JEWELLERS,"SHREE AMBIKA JEWELLE, NAND VILA COMPLEXE, AHWA CITY ROAD, SHREE AMBIKA JEWELLE, AHWA MAIN ROAD, AHWA","[{""NIC5DigitId"":""45300"",""Description"":""Sale of motor vehicle parts and accessories""}]"
24,GUJARAT,444,DANG,394710,29/09/2023,ALTAF FARUKBHAI BOLIYA,"0, 0, ahwa, 0, 0, ahwa","[{""NIC5DigitId"":""49231"",""Description"":""Motorised road freight transport""}]"
24,GUJARAT,444,DANG,394710,8/5/2023,RAVIBHAI L GAVIT,"70, Near Bus Stop, -, 70, 70, DANG","[{""NIC5DigitId"":""82990"",""Description"":""Other business support service activities n.e.c.""}]"
24,GUJARAT,444,DANG,394730,7/3/2024,MEET FASHION,"2, Bhoye Building, Saputara Road, 2, Waghai, Waghai","[{""NIC5DigitId"":""47711"",""Description"":""Retail sale of readymade garments, hosiery goods, other articles of clothing and clothing accessories such as gloves, ties, braces etc.""}]"
24,GUJARAT,444,DANG,394720,29/02/2024,PAWAR JYOTIBEN KAILASHBHAI,"XEROX MACHINERY, NAVAGAM, SAPUTARA- NAVAGAM ROAD, XEROX MACHINERY, AHWA, SAPUTARA","[{""NIC5DigitId"":""62011"",""Description"":""Writing , modifying, testing of computer program to meet the needs of a particular client excluding web-page designing""},{""NIC5DigitId"":""18129"",""Description"":""Other service activities related to printing n.e.c.""}]"
24,GUJARAT,444,DANG,394716,14/10/2023,GIRISH PAINTER,"-, VACHLU FALIYU, NR TRAN RASTA, -, -, THE DANGS","[{""NIC5DigitId"":""49232"",""Description"":""Non-motorised road freight transport""}]"
24,GUJARAT,444,DANG,394710,27/10/2023,DINESH VEGETABLE SELLER,"38, BHANDAR CHOWK AHWA, MAIN ROAD AHWA, 38, BHANDAR CHOWK AHWA, AHWA","[{""NIC5DigitId"":""47212"",""Description"":""Retail sale of fresh or preserved fruit and vegetables""}]"
24,GUJARAT,444,DANG,394720,24/04/2023,VAIBHAV LAXMI PETROLEUM,"1, VAIBHAV LAXMI PETROLEUM, SAPUTARA NASIK ROAD, 1, 1, DANG","[{""NIC5DigitId"":""47300"",""Description"":""Retail sale of automotive fuel in specialized stores [includes the activity of petrol filling stations.""}]"
24,GUJARAT,444,DANG,394710,1/9/2023,PAWAR CHANDABEN ROBINBHAI,"MELGAM, MALEGAM, MALEGAM, MELGAM, AHWA, AHWA","[{""NIC5DigitId"":""47110"",""Description"":""Retail sale in non-specialized stores with food, beverages or tobacco predominating""}]"
24,GUJARAT,444,DANG,394730,15/02/2024,Shree Deep agro centre,"Shop no 5, Zhawda, Main road, Shop no 5, Waghai, Zhawda","[{""NIC5DigitId"":""47190"",""Description"":""Other retail sale in non-specialized stores""}]"
24,GUJARAT,444,DANG,394730,2/11/2022,Laxmi mamta ice candy,"0, Ashanagar, Near water tank, 0, Waghai, Waghai","[{""NIC5DigitId"":""10799"",""Description"":""Other semi-processed, processed or instant foods n.e.c. except farinaceous products and malted foods and manufacturing activities like manufacture of egg powder, sambar powder etc. (this excludes the activities covered under 10619)""}]"
24,GUJARAT,444,DANG,394730,6/5/2024,Snehlata agency,"1, Shamghan, Men rode shamghan, 1, Dang, Dang","[{""NIC5DigitId"":""47594"",""Description"":""Retail sale of refrigerators, washing machines and other electrical\/electronic household goods""}]"
24,GUJARAT,444,DANG,394710,11/12/2020,MATIKAM & DHARMIK BRICKS,"15, Mulchond, Mulchond, 15, 15, Ahwa","[{""NIC5DigitId"":""23921"",""Description"":""Manufacture of bricks""}]"
24,GUJARAT,444,DANG,394730,9/11/2021,INDRISH AGENCY,"0, IDRISH AGENCY, Naka faliya, 0, Waghai, Waghai","[{""NIC5DigitId"":""25119"",""Description"":""Manufacture of other structural metal products""},{""NIC5DigitId"":""25994"",""Description"":""Manufacture of metal household articles (plates, saucers, pots, kettles, saucepans, frying pans and other non-electrical utensils, small hand-operated kitchen appliances and accessories)""},{""NIC5DigitId"":""22208"",""Description"":""Manufacture of ploymer\/ synthetic \/ PVC water storage tanks""},{""NIC5DigitId"":""22209"",""Description"":""Manufacture of other plastics products n.e.c""},{""NIC5DigitId"":""46499"",""Description"":""Wholesale of other households goods, n.e.c. [Includes wholesale of household equipment and appliances, n.e.c; photographic equipment, games, toys and sports goods (also includes bicycles, cycle rickshaw, tonga & other non-mechanised vehicles); leather goods and travel accessories; cleaning materials etc.]""},{""NIC5DigitId"":""47592"",""Description"":""Retail sale of household utensils and cutlery, crockery, glassware, china and pottery""},{""NIC5DigitId"":""47593"",""Description"":""Retail sale of gas stoves, cooking\/kitchen appliances""},{""NIC5DigitId"":""47711"",""Description"":""Retail sale of readymade garments, hosiery goods, other articles of clothing and clothing accessories such as gloves, ties, braces etc.""},{""NIC5DigitId"":""31001"",""Description"":""Manufacture of furniture made of wood""},{""NIC5DigitId"":""31003"",""Description"":""Manufacture of furniture primarily of metal""},{""NIC5DigitId"":""49231"",""Description"":""Motorised road freight transport""},{""NIC5DigitId"":""56291"",""Description"":""Activities of food service contractors (e.g. for transportation companies)""},{""NIC5DigitId"":""77291"",""Description"":""Renting of tent, furniture, pottery and glass, kitchen and tableware, utensils, household electrical and electronic equipments etc.""},{""NIC5DigitId"":""13921"",""Description"":""Manufacture of curtains, bed covers and furnishings""},{""NIC5DigitId"":""13924"",""Description"":""Manufacture of bedding, quilts pillows, sleeping bags etc.""},{""NIC5DigitId"":""14201"",""Description"":""Manufacture of wearing apparel and clothing accessories made of fur""},{""NIC5DigitId"":""15201"",""Description"":""Manufacture of leather footwear such as shoes, sandals, chappals, leather-cum-rubber\/plastic cloth sandles and chappals""},{""NIC5DigitId"":""46411"",""Description"":""Wholesale of textiles, fabrics, yarn, household linen, articles of clothing, floor coverings and tapestry, sports clothes""},{""NIC5DigitId"":""46413"",""Description"":""Wholesale of footwear""},{""NIC5DigitId"":""46419"",""Description"":""Wholesale of other clothing items n.e.c.""}]"
24,GUJARAT,444,DANG,394715,25/12/2021,BHAVINBHAI SHUKARBHAI BHOYE,"106, AT POST AMLI FALIYU KALIBEL, AMLI FALIYU KALIBEL, 106, WAGHAI, WAGHAI","[{""NIC5DigitId"":""01639"",""Description"":""Other post harvest crop activities, n.e.c.""}]"
24,GUJARAT,444,DANG,394730,31/08/2020,VANVASI AYURVEDIK,"3, JAMLAPADA, JAMLAPDA, 3, 3, WAGHAI","[{""NIC5DigitId"":""86909"",""Description"":""Other human health activities n.e.c. (including independent ambulance activities)""}]"
24,GUJARAT,444,DANG,394710,28/03/2024,VANVIHAR STAY HOMES,"AT BORKHAL, POST BORKHAL, SAPUTARA ROAD, AT BORKHAL, AHWA, BORKHAL","[{""NIC5DigitId"":""77299"",""Description"":""Renting of other personal and household goods n.e.c.""}]"
24,GUJARAT,444,DANG,394730,8/4/2024,SHRI ANPURNACHARITABLE TRUST,"11, NAYNESHKUMAR MADHUBHAI BHOYE, Dodipada Waghai TA-Waghai DIST, 11, 13, Waghai","[{""NIC5DigitId"":""88100"",""Description"":""Social work activities without accommodation for the elderly and disabled""}]"
24,GUJARAT,444,DANG,394730,27/04/2024,RIYAN ELECTRONICS,"RIYAN ELECTRONICS, SAMGAHAN, WAGHAI-SAPUTARA MAIN ROAD, RIYAN ELECTRONICS, OPP.CHC HOSPITAL SAMGAHAN, SAPUTARA","[{""NIC5DigitId"":""47594"",""Description"":""Retail sale of refrigerators, washing machines and other electrical\/electronic household goods""},{""NIC5DigitId"":""95210"",""Description"":""Repair of consumer electronics""}]"
24,GUJARAT,444,DANG,394710,18/04/2024,UNITY CONSTRUCTION,"EDUCATION COLONY, NEAR SBI BANK, SBI ROAD, EDUCATION COLONY, RANGUPAVAN, AHWA","[{""NIC5DigitId"":""41001"",""Description"":""Construction of buildings carried out on own-account basis or on a fee or contract basis""}]"
24,GUJARAT,444,DANG,394730,7/9/2020,UNIQUE E DIGITAL SEVA KENDRA,"10, ABOVE SONU CIMENT AGENCY, NEAR OLD POLICE STATION, 10, MAIN BAJAR, WAGHAI","[{""NIC5DigitId"":""62099"",""Description"":""Other information technology and computer service activities n.e.c""}]"
24,GUJARAT,444,DANG,394710,7/12/2020,MATIKAM & B.D.D BRICKS,"50, Bhvdghd, Bhvdghd, 50, 50, Ahwa","[{""NIC5DigitId"":""23921"",""Description"":""Manufacture of bricks""}]"
24,GUJARAT,444,DANG,394730,24/11/2021,KURESHI EJAJ HAJISHAKUR,"-, -, BEHIND S T DEPOT, -, -, WAGHAI","[{""NIC5DigitId"":""46203"",""Description"":""Wholesale of live animals and poultry""}]"
24,GUJARAT,444,DANG,394710,28/11/2020,MATIKAM & S.H.P BRICKS,"25, Mulchond, Mulchond, 25, 25, Ahwa","[{""NIC5DigitId"":""23921"",""Description"":""Manufacture of bricks""}]"
24,GUJARAT,444,DANG,394716,22/09/2021,ASHIRAWAD MANDAP DECORATION,"7, ,, TA. SUBIR, JAMNYMAL,, 7, JAMNYMAL, PO. SHINGANA,, AHWA","[{""NIC5DigitId"":""74109"",""Description"":""Other specialized design activities n.e.c.""},{""NIC5DigitId"":""82990"",""Description"":""Other business support service activities n.e.c.""},{""NIC5DigitId"":""94910"",""Description"":""Activities of religious organizations""}]"
24,GUJARAT,444,DANG,394710,27/11/2020,MATIKAM & NAND BRICKS,"25, Thathra, Thathra, 25, 25, Wghe","[{""NIC5DigitId"":""23921"",""Description"":""Manufacture of bricks""}]"
24,GUJARAT,444,DANG,394710,4/4/2024,Gautambhai kanubhai patel,"45, PWD colony, Mochiwad, 45, ,, Ahwa","[{""NIC5DigitId"":""49223"",""Description"":""Rental of private cars with driver""}]"
24,GUJARAT,444,DANG,394710,20/09/2022,DEEP GANERAL STORE AHWA,"PATELPADA, AHWA CHECK POST, AHWA, PATELPADA, AHWA, AHWA","[{""NIC5DigitId"":""87900"",""Description"":""Other residential care activities n.e.c.""}]"
24,GUJARAT,444,DANG,304716,31/10/2022,VALVI VEG TRANSPORT,"35, CEMP SAID SUBIR, THE DANG, 35, -, SUBIR","[{""NIC5DigitId"":""49231"",""Description"":""Motorised road freight transport""}]"
24,GUJARAT,444,DANG,394730,17/09/2022,N.S.P BAKERS,"88, NANIDABDAR, SAKARPATAL, 88, -, DANG","[{""NIC5DigitId"":""47214"",""Description"":""Retail sale of bakery products, dairy products and eggs""}]"
24,GUJARAT,444,DANG,394710,17/05/2023,Kevin medical and general store,"00, Kevin medical and general store, SUBIR, 00, 0, GHANIAMBA","[{""NIC5DigitId"":""47721"",""Description"":""Retail sale of pharmaceuticals, medical and orthopaedic goods and toilet articles""},{""NIC5DigitId"":""47990"",""Description"":""Other retail sale not in stores, stalls or markets""}]"
24,GUJARAT,444,DANG,394730,6/4/2024,M/S AMBICA EDUCATION AND CHERITABLE TRUST,"11, DODIPADA, WAGHAI, 11, 13, WAGHAI","[{""NIC5DigitId"":""85500"",""Description"":""Educational support services""}]"
24,GUJARAT,444,DANG,394716,10/7/2020,SHIV SHAKTI GENERAL STORE,"0, GRAMYA VISTAR, BAZAR FALIYU, 0, SUBIR, AHWA","[{""NIC5DigitId"":""46305"",""Description"":""Wholesale of edible oils, fats, sugar and processed\/manufactured spices etc.""}]"
24,GUJARAT,444,DANG,394710,13/07/2023,GHUMARE MERRYBEN SHAILESHBHAI,"MISSION COLONY, MISSION COLONY KABRASTAN ROAD AHWA, KABRASTAN ROAD, MISSION COLONY, AHWA, AHWA","[{""NIC5DigitId"":""47110"",""Description"":""Retail sale in non-specialized stores with food, beverages or tobacco predominating""}]"
24,GUJARAT,444,DANG,394730,27/07/2022,PURVI AGENCY,"0, PURVI AGENCY, SHAMGAN, 0, 0, AHWA","[{""NIC5DigitId"":""47211"",""Description"":""Retail sale of cereals and pulses, tea, coffee, spices and flour""},{""NIC5DigitId"":""47214"",""Description"":""Retail sale of bakery products, dairy products and eggs""},{""NIC5DigitId"":""47222"",""Description"":""Retail sale of non-alcoholic beverages including icecream not for consumption on the premises""},{""NIC5DigitId"":""49231"",""Description"":""Motorised road freight transport""},{""NIC5DigitId"":""61900"",""Description"":""Other telecommunications activities""}]"
24,GUJARAT,444,DANG,394716,26/05/2022,PAWAR NIRMESHBHAI BHILUBHAI,"0, NICHALU FALIYU, SAVARDA, 0, 0, DANG","[{""NIC5DigitId"":""49232"",""Description"":""Non-motorised road freight transport""}]"
24,GUJARAT,444,DANG,394710,23/02/2024,MAHENDRA AND TARUN KIRANA STORE,"53, BORKHAL, SAPUTARA ROAD BORKHAL, 53, BORKHAL, BORKHAL","[{""NIC5DigitId"":""46309"",""Description"":""Wholesale of other basic\/manufactured food stuffs n.e.c.""}]"
24,GUJARAT,444,DANG,394730,17/04/2024,BHARATBHAI SUBEDARBHAI CHAUHAN,"-, -, SINGAL FALIYU, -, -, SURAT","[{""NIC5DigitId"":""47594"",""Description"":""Retail sale of refrigerators, washing machines and other electrical\/electronic household goods""}]"
24,GUJARAT,444,DANG,394730,4/1/2023,GRACY BAKERS,"0, NANI DABDAR, -, 0, NANI DABDAR, DANG","[{""NIC5DigitId"":""10712"",""Description"":""Manufacture of biscuits, cakes, pastries, rusks etc.""}]"
24,GUJARAT,444,DANG,394710,3/12/2020,MATIKAM & K.B.K BRICKS,"35, Vaki, Vaki, 35, 35, Ahwa","[{""NIC5DigitId"":""23921"",""Description"":""Manufacture of bricks""}]"
24,GUJARAT,444,DANG,394730,20/05/2021,MAHALAXMI CONSTRUCTION PROP SHRI RAJESHKUMAR ARVINDBHAI PATEL,"0, 0, WAGHAI, 0, 0, WAGHAI","[{""NIC5DigitId"":""49231"",""Description"":""Motorised road freight transport""},{""NIC5DigitId"":""42909"",""Description"":""Other civil engineering projects n.e.c.""}]"
24,GUJARAT,444,DANG,394716,8/4/2024,ISHAN LADIES TAILOR,"MAHAL ROAD, SUBIR, MAHAL ROAD, MAHAL ROAD, SUBIR, SUBIR","[{""NIC5DigitId"":""14105"",""Description"":""Custom tailoring""}]"
24,GUJARAT,444,DANG,394730,28/06/2021,DIGITAL SEVA CSC,"DIGITAL SEVA,CSC, SHOP NO. 2, TA AHWA, DIGITAL SEVA,CSC, SAMGAHAN, AHWA","[{""NIC5DigitId"":""62099"",""Description"":""Other information technology and computer service activities n.e.c""},{""NIC5DigitId"":""63999"",""Description"":""Other information service activities n.e.c.""},{""NIC5DigitId"":""85500"",""Description"":""Educational support services""}]"
24,GUJARAT,444,DANG,394710,22/07/2024,Thakare General Stores,"123, Pipaldahad, Subir, 123, 123, Subir","[{""NIC5DigitId"":""47110"",""Description"":""Retail sale in non-specialized stores with food, beverages or tobacco predominating""}]"
24,GUJARAT,444,DANG,394710,27/01/2023,GAYATRI  LADIES TELOR,"ahwa, GAYATRI LEDIS TAILER, AHWA MAIN ROAD, ahwa, AHWA, AHWA","[{""NIC5DigitId"":""14101"",""Description"":""Manufacture of all types of textile garments and clothing accessories""}]"
24,GUJARAT,444,DANG,394716,23/02/2024,BARDE PRAKASHBHAI ULUSYABHAI,"54, UPALU FALIYU, GURUDIYA PIPALDAHAD, 54, GURUDIYA, SUBIR","[{""NIC5DigitId"":""56291"",""Description"":""Activities of food service contractors (e.g. for transportation companies)""}]"
24,GUJARAT,444,DANG,394710,23/02/2023,JAY TULJABHAVANI CARTING,"22, MISION COLONY AHWA, MAIN ROAD AHWA, 22, AHWA, AHWA","[{""NIC5DigitId"":""30999"",""Description"":""Manufacture of other transport equipments n.e.c. such as pushcarts, handcarts etc""}]"
24,GUJARAT,444,DANG,394710,25/07/2023,PAWAR SHITALBEN SURESHBHAI,"BANDHARPADA, BANDHARPADA AHWA TA. AHWA DIST.DANG, MAIN RAOD AHWA, BANDHARPADA, AHWA, AHWA","[{""NIC5DigitId"":""47110"",""Description"":""Retail sale in non-specialized stores with food, beverages or tobacco predominating""}]"
24,GUJARAT,444,DANG,394715,18/06/2023,Jadav Cyber And Zerox,"153, Kalibel, Panchayt faliya, 153, Kalibel, Waghai","[{""NIC5DigitId"":""63992"",""Description"":""Activities of cyber café""}]"
24,GUJARAT,444,DANG,394730,24/08/2022,JAY AMBEEKA CLOTH STORE,"Main Bazar, Waghai, Waghai, Main Bazar, Waghai, Waghai","[{""NIC5DigitId"":""47711"",""Description"":""Retail sale of readymade garments, hosiery goods, other articles of clothing and clothing accessories such as gloves, ties, braces etc.""}]"
24,GUJARAT,444,DANG,394730,22/03/2021,BALAJI CONSTRUCTION,"0, 0, AMBIKA SHOPPING CENTER, 0, 0, AHWA","[{""NIC5DigitId"":""71100"",""Description"":""Architectural and engineering activities and related technical consultancy""},{""NIC5DigitId"":""41001"",""Description"":""Construction of buildings carried out on own-account basis or on a fee or contract basis""},{""NIC5DigitId"":""41002"",""Description"":""Activities relating to alteration, addition, repair, maintenance carried out on own-account basis or on a fee or contract basis""}]"
24,GUJARAT,444,DANG,394710,17/11/2023,Digital Zone,"42, Upalu Faliyu, Village area, Near Primary School Sati, 42, Upalu Faliyu, Ahwa, Ahwa","[{""NIC5DigitId"":""62099"",""Description"":""Other information technology and computer service activities n.e.c""}]"
24,GUJARAT,444,DANG,394710,17/07/2023,JAY MALHAR TOP COLLECTION,"09, SARDAR MARKET, MAIN ROAD SARDAR MARKET, 09, AHWA, AHWA","[{""NIC5DigitId"":""14101"",""Description"":""Manufacture of all types of textile garments and clothing accessories""}]"
24,GUJARAT,444,DANG,394710,19/08/2023,MUKESH CARTING AND CONSTRUCTION,"0, 0, AHWA, 0, 0, AHWA","[{""NIC5DigitId"":""68200"",""Description"":""Real estate activities on a fee or contract basis""}]"
24,GUJARAT,444,DANG,394710,14/10/2023,ASHIF SHAH TRANSPORT,"514, RANI FALIYU, RANI FALIYU, 514, 514, AHWA","[{""NIC5DigitId"":""49110"",""Description"":""Passenger rail transport""}]"
24,GUJARAT,444,DANG,394710,20/01/2024,HARI OM SWEET MART,"0, HARI OM SWEET MART, MAIN BAZAR, 0, 0, DANG","[{""NIC5DigitId"":""47215"",""Description"":""Retail sale of sugar confectionery and sweetmeat""}]"
24,GUJARAT,444,DANG,394710,19/11/2024,MAHAKAL MAYNGKUMAR KISHORBHAI,"AMBAPADA, AMBAPADA, AMBAPADA, AMBAPADA, AHWA, AHWA","[{""NIC5DigitId"":""16212"",""Description"":""Manufacture of particle board and fibreboard including densified wood""}]"
24,GUJARAT,444,DANG,394710,19/11/2024,GAVIT HETALKUMARI MADHUKARBHAI,"DEVALPADA AHWA, DEVALPADA, MAIN ROAD DEVALPADA, DEVALPADA AHWA, AHWA, AHWA","[{""NIC5DigitId"":""13999"",""Description"":""Manufacture of other textiles\/textile products n.e.c.""}]"
24,GUJARAT,444,DANG,394730,21/11/2024,RANJITBHAI MAHENDRABHAI CHAUDHARI,"0, ANGANVADI, MAIN ROAD, 0, 0, AHWA","[{""NIC5DigitId"":""49110"",""Description"":""Passenger rail transport""}]"
24,GUJARAT,444,DANG,394730,9/12/2024,YAHYA GARMENTS,"12, WAGHAI, RAILWAY  STATION ROAD, 12, WAGHAI, WAGHAI","[{""NIC5DigitId"":""47711"",""Description"":""Retail sale of readymade garments, hosiery goods, other articles of clothing and clothing accessories such as gloves, ties, braces etc.""}]"
24,GUJARAT,444,DANG,394710,18/11/2024,MAHESH ENTERPRISE,"18-2, MAHESH ENTERPRISE, JAMANYA, 18-2, 00, JAMANYA","[{""NIC5DigitId"":""63992"",""Description"":""Activities of cyber café""}]"
24,GUJARAT,444,DANG,394710,3/10/2024,Rachana Art foundation,"39, Pipalyamal chankhal ahwa dang, Ahwa, 39, 39, Ahwa","[{""NIC5DigitId"":""30203"",""Description"":""Manufacture of railway or tramway rolling stock, not self-propelled (passenger coaches, goods vans tank wagons, self-discharging vans and wagons, workshop vans, crane vans, tenders etc.""},{""NIC5DigitId"":""16293"",""Description"":""Manufacture of wooden agricultural implements""},{""NIC5DigitId"":""20212"",""Description"":""Manufacture of disinfectants (for agricultural and other use)""},{""NIC5DigitId"":""01612"",""Description"":""Operation of agricultural irrigation equipment""}]"
24,GUJARAT,444,DANG,394710,29/06/2024,ITU TRANSPORT,"35, GAYKHAS, GAYKHAS, 35, 35, AHWA","[{""NIC5DigitId"":""45200"",""Description"":""Maintenance and repair of motor vehicles""}]"
24,GUJARAT,444,DANG,394710,12/8/2024,GANGODA UMESHBHAI GULABBHAI,"37, Sendriamba, Sendriamba, 37, Ahwa, Ahwa","[{""NIC5DigitId"":""62020"",""Description"":""Computer consultancy and computer facilities management activities""}]"
24,GUJARAT,444,DANG,394730,8/9/2023,RATHOD JYOTIBEN BHUPENDRBHAI,"194, RAMBHAS, SAPUTARA, 194, WAGHAI, WAGHAI","[{""NIC5DigitId"":""10799"",""Description"":""Other semi-processed, processed or instant foods n.e.c. except farinaceous products and malted foods and manufacturing activities like manufacture of egg powder, sambar powder etc. (this excludes the activities covered under 10619)""}]"
24,GUJARAT,444,DANG,394710,15/03/2024,HOTEL MAA SHAKTI,"SHOP NO 05, MAA SHAKTI SHOPPING CENTRE, AHWA - SAPUTARA ROAD, SHOP NO 05, OPPOSITE TO SHREEJI STEEL AHWA, AHWA","[{""NIC5DigitId"":""55101"",""Description"":""Hotels and Motels, inns, resorts providing short term lodging facilities; includes accommodation in house boats""}]"
24,GUJARAT,444,DANG,394730,20/03/2024,SHRI MAYURBHAI GHANSHYAMBHAI PATEL,"1-60, AMBIKA SADAN, BAJAR FALIYU, 1-60, 0, WAGHAI","[{""NIC5DigitId"":""42909"",""Description"":""Other civil engineering projects n.e.c.""},{""NIC5DigitId"":""43299"",""Description"":""Other construction projects n.e.c.""}]"
24,GUJARAT,444,DANG,394710,28/02/2024,madhuli travels,"AT, MADHULI TRAVELS, AHWA, AT, AHWA, AHWA","[{""NIC5DigitId"":""79110"",""Description"":""Travel agency activities""}]"
24,GUJARAT,444,DANG,394710,17/07/2023,BHOYE RAXABEN PARESHBHAI,"121, AMBAPADA AHWA, AMBAPADA AHWA, 121, AHWA, AHWA","[{""NIC5DigitId"":""96020"",""Description"":""Hairdressing and other beauty treatment""}]"
24,GUJARAT,444,DANG,394710,26/07/2023,WAGH SHARDABEN SUBHASHBHAI,"MISSION COLONY AHWA, AHWA, KABRASTAN ROAD, MISSION COLONY AHWA, AHWA, AHWA","[{""NIC5DigitId"":""47110"",""Description"":""Retail sale in non-specialized stores with food, beverages or tobacco predominating""}]"
24,GUJARAT,444,DANG,394710,21/09/2022,DIGITAL SEWA CSC JANSEWA KENDRA,"SHOP NO 1, GAJENDRA CHAUDHARI, BAJAR ROAD, SHOP NO 1, GALKUND, AHWA","[{""NIC5DigitId"":""62099"",""Description"":""Other information technology and computer service activities n.e.c""},{""NIC5DigitId"":""63999"",""Description"":""Other information service activities n.e.c.""},{""NIC5DigitId"":""85500"",""Description"":""Educational support services""}]"
24,GUJARAT,444,DANG,394710,4/8/2024,KRISHNAVI ENTERPRISE,"0, KABRASTHAN ROAD, AHWA-DANG, 0, AHWA, DANG","[{""NIC5DigitId"":""20238"",""Description"":""Manufacture of “agarbatti” and other preparations which operate by burning""}]"
24,GUJARAT,444,DANG,394716,18/01/2024,Honey Sports,"Pipaldahad, Pipaldahad, Subir, Pipaldahad, Subir, Ahwa","[{""NIC5DigitId"":""96093"",""Description"":""Shoe shiners, porters, valet car parkers etc.""}]"
24,GUJARAT,444,DANG,394716,12/3/2024,DWARKANAND ENTERPRISE,"158-C,, SABRIDHAM,, SABARIDAM, 158-C,, Subir, Dangs,, DANG","[{""NIC5DigitId"":""10798"",""Description"":""Processing of salt into food-grade salt, e.g. iodized salt""}]"
24,GUJARAT,444,DANG,394730,19/02/2024,Juma Jadam Pathan,"1, Baaj, Saputara road, 1, 1, Baaj","[{""NIC5DigitId"":""46301"",""Description"":""Wholesale of fruits & vegetables""}]"
24,GUJARAT,444,DANG,394710,31/07/2024,BAGUL AKASHBHAI AMADBHAI,"KOTBA, POST DHAVLIDOD, SAVARPADA FALIYU, KOTBA, KOTBA, AHWA","[{""NIC5DigitId"":""47190"",""Description"":""Other retail sale in non-specialized stores""}]"
24,GUJARAT,444,DANG,394730,31/07/2024,NAYAKA JIGNESHBHAI RAMESHBHAI,"0, 0, MAIN ROAD, 0, 0, THE DANGS","[{""NIC5DigitId"":""46301"",""Description"":""Wholesale of fruits & vegetables""}]"
24,GUJARAT,444,DANG,394710,17/06/2024,NAVDEEP ENTERPRISE,"SHOP 15, JADAV COMPLEX, MAIN ROAD, SHOP 15, AHWA, AHWA","[{""NIC5DigitId"":""47190"",""Description"":""Other retail sale in non-specialized stores""}]"
24,GUJARAT,444,DANG,394716,11/6/2024,prashansa service station,"pipaldahad, prashansha service station, main road, pipaldahad, subir, pipaldahad","[{""NIC5DigitId"":""46909"",""Description"":""Other non-specialised wholesale trade n.e.c.""}]"
24,GUJARAT,444,DANG,394710,13/06/2024,RONAK VASAN BHANDAR,"0, RONAK VASAN BHANDAR, SARDAR BAZAR MAIN ROAD, 0, 0, AHWA","[{""NIC5DigitId"":""47592"",""Description"":""Retail sale of household utensils and cutlery, crockery, glassware, china and pottery""}]"
24,GUJARAT,444,DANG,394710,5/8/2024,YOGESHBHAI SITARAMBHAI BHOYE,"0, 0, kotba, 0, 0, the dangs","[{""NIC5DigitId"":""47711"",""Description"":""Retail sale of readymade garments, hosiery goods, other articles of clothing and clothing accessories such as gloves, ties, braces etc.""}]"
24,GUJARAT,444,DANG,394730,8/8/2025,RAMAJBHAI SOMABHAI CHAUDHARI,"00, JAMANPADA ZAVDA, RAMBHAS, 00, 00, DANG","[{""NIC5DigitId"":""43123"",""Description"":""Clearing of building sites, earth moving: excavation, landfill, levelling and grading of construction sites, trench digging, rock removal, blasting etc.""}]"
24,GUJARAT,444,DANG,394716,12/8/2025,Yuna kirana store,"B, Malangdev, Malangdev, B, B, Subir","[{""NIC5DigitId"":""96098"",""Description"":""General household maintenance activities like grooming of the floor, dusting, cleaning of utensils etc.""}]"
24,GUJARAT,444,DANG,394716,31/01/2025,RTTEA CENTER,"LAVCHALI, RT TEA & COFEE, MAIN ROAD, LAVCHALI, LAVCHALI, AHWA","[{""NIC5DigitId"":""47211"",""Description"":""Retail sale of cereals and pulses, tea, coffee, spices and flour""}]"
24,GUJARAT,444,DANG,394716,2/1/2025,TRISHA LADIES TAILOR,"NISHANA, TRISHA LADIES TAILOR, MAIN ROAD, NISHANA, NISHANA, AHWA","[{""NIC5DigitId"":""47711"",""Description"":""Retail sale of readymade garments, hosiery goods, other articles of clothing and clothing accessories such as gloves, ties, braces etc.""}]"
24,GUJARAT,444,DANG,394710,31/01/2025,VISHAL FURNITUR MART,"091, NO, PWD COLONY BEHIND CHILDRN HOME, 091, 001, AHWA","[{""NIC5DigitId"":""31001"",""Description"":""Manufacture of furniture made of wood""}]"
24,GUJARAT,444,DANG,394730,31/01/2025,VICKY HARSHADKUMAR SHAH,"-, VICKY HARSHADKUMAR SHAH, MAIN ROAD, -, -, THE DANGS","[{""NIC5DigitId"":""47190"",""Description"":""Other retail sale in non-specialized stores""},{""NIC5DigitId"":""47211"",""Description"":""Retail sale of cereals and pulses, tea, coffee, spices and flour""}]"
24,GUJARAT,444,DANG,394720,20/02/2025,Sai Dray Food,"Saputara, Saputara, Saputara, Saputara, Gujrat, Saputara","[{""NIC5DigitId"":""47219"",""Description"":""Retail sale of other food products n.e.c.""},{""NIC5DigitId"":""56292"",""Description"":""Operation of canteens or (e.g. for factories, offices, hospitals or schools) on a concession basis""}]"
24,GUJARAT,444,DANG,394710,15/04/2025,NARESH CONSTRUCTION,"GAVTHAN FALIYU, NANDANPEDA, NANDANPEDA, GAVTHAN FALIYU, NANDANPEDA, NANDANPEDA","[{""NIC5DigitId"":""68200"",""Description"":""Real estate activities on a fee or contract basis""}]"
24,GUJARAT,444,DANG,394716,29/01/2025,PRAKASH AUTO GARAGE,"MOKHAMAL, PRAKASH AUTO GARAGE, MAIN ROAD, MOKHAMAL, SUBIR, AHWA","[{""NIC5DigitId"":""45200"",""Description"":""Maintenance and repair of motor vehicles""}]"
24,GUJARAT,444,DANG,394716,11/2/2025,Riteshbhai,"305, Dagadiyaamba, Subir, 305, Shabari Dham, Subir","[{""NIC5DigitId"":""10712"",""Description"":""Manufacture of biscuits, cakes, pastries, rusks etc.""}]"
24,GUJARAT,444,DANG,394715,13/02/2025,GAVIT NAINESHBHAI SITARAMBHAI,"00, DIVDYAVAN, DIVDYAVAN, 00, 00, DANGS","[{""NIC5DigitId"":""49231"",""Description"":""Motorised road freight transport""}]"
24,GUJARAT,444,DANG,394716,10/2/2025,Amitbhai,"187, Kakshala, kakshala, 187, kakshala, Subir","[{""NIC5DigitId"":""56102"",""Description"":""Cafeterias, fast-food restaurants and other food preparation in market stalls""}]"
24,GUJARAT,444,DANG,394730,13/01/2025,LA'JAVAB TEA & COFFEE,"04, MAIN BAZAR WAGHAI, MAIN BAZAR, 04, 486, WAGHAI","[{""NIC5DigitId"":""56302"",""Description"":""Tea\/coffee shops""}]"
24,GUJARAT,444,DANG,394716,13/01/2025,ADIWASI LADIES TAILOR,"SUBIR, ADIWASI LADIES TAILOR, MAIN ROAD`, SUBIR, SUBIR, AHWA","[{""NIC5DigitId"":""47711"",""Description"":""Retail sale of readymade garments, hosiery goods, other articles of clothing and clothing accessories such as gloves, ties, braces etc.""}]"
24,GUJARAT,444,DANG,394716,30/01/2025,DRASHTI AUTO GARAGE,"PIPALDAHA, DRASHTI AUTO GARAGE, MAIN ROAD, PIPALDAHA, PIPALDAHAD, AHWA","[{""NIC5DigitId"":""47300"",""Description"":""Retail sale of automotive fuel in specialized stores [includes the activity of petrol filling stations.""}]"
24,GUJARAT,444,DANG,394730,22/04/2025,ARYA FURNITURE,"WAGHAI SINGAL FALIYU, WAGHAI SINGAL FALIYU, SINGAL FALIYU, WAGHAI SINGAL FALIYU, WAGHAI SINGAL FALIYU, WAGHAI","[{""NIC5DigitId"":""47591"",""Description"":""Retail sale of household furniture""},{""NIC5DigitId"":""46493"",""Description"":""Wholesale of furniture and fixtures""}]"
24,GUJARAT,444,DANG,394730,1/4/2025,Padhiyar Food Products,"Gundvalal, Near Samgahan, Nadagchondh, Saputara Road, Gundvalal, Waghai, Gundvalal","[{""NIC5DigitId"":""10306"",""Description"":""Manufacture of pickles, chutney etc.""},{""NIC5DigitId"":""10719"",""Description"":""Manufacture of other bakery products n.e.c.""},{""NIC5DigitId"":""10796"",""Description"":""Manufacture of papads, appalam and similar food products""},{""NIC5DigitId"":""01640"",""Description"":""Seed processing for propagation""}]"
24,GUJARAT,444,DANG,394710,18/01/2025,BHOLE PAN,"MAIN ROAD, SARDAR BAZAR NI PACHAL, MAIN ROAD, MAIN ROAD, AHWA, AHWA","[{""NIC5DigitId"":""47110"",""Description"":""Retail sale in non-specialized stores with food, beverages or tobacco predominating""}]"
24,GUJARAT,444,DANG,394710,12/12/2024,CHAUHAN CONSTRUCTION,"AA, BHANDHARPADA, BHANDHARPADA, AA, AA, AHWA","[{""NIC5DigitId"":""42903"",""Description"":""Construction of dams etc.""}]"
24,GUJARAT,444,DANG,394710,25/03/2025,kavya live cake shop,"patelpada, patelpada, navapoor, patelpada, 00, ahwa","[{""NIC5DigitId"":""10712"",""Description"":""Manufacture of biscuits, cakes, pastries, rusks etc.""}]"
24,GUJARAT,444,DANG,394710,25/06/2025,Chaudhari Ranjeetbhai Ramubhai,"0, Vakarya, Vakarya, 0, Galkund, Ahwa","[{""NIC5DigitId"":""95111"",""Description"":""Repair and maintenance of computer and peripheral equipment""}]"
24,GUJARAT,444,DANG,394715,24/06/2025,SHREE MAHESH PETROLEUM,"SURVEY NO 119, MOJE PIMPRI, PIMPRI, SURVEY NO 119, AHWA, DANG","[{""NIC5DigitId"":""47300"",""Description"":""Retail sale of automotive fuel in specialized stores [includes the activity of petrol filling stations.""}]"
24,GUJARAT,444,DANG,394730,26/06/2025,pathan naiyumkhan kayumkhan,"1050, dargah faliyu, vaghai, 1050, vaghai, dang","[{""NIC5DigitId"":""49300"",""Description"":""Transport via pipeline""}]"
24,GUJARAT,444,DANG,394710,7/5/2025,PAWAR SUNILBHAI SHIVDASBHAI,"21, BUS STAND FALIYU, THE DANGS, 21, WAHUTIYA, NAKATIA HANVANT","[{""NIC5DigitId"":""49300"",""Description"":""Transport via pipeline""}]"
24,GUJARAT,444,DANG,396590,16/05/2025,Khodal krupa Enterprise,"House No. 69, Nichalu Faliya, Kureliya, House No. 69, 0, Vansda","[{""NIC5DigitId"":""42902"",""Description"":""Construction of waterways, harbours and river works, dredging of waterways""},{""NIC5DigitId"":""25999"",""Description"":""Manufacture of other fabricated metal products n.e.c.""}]"
24,GUJARAT,444,DANG,394710,31/07/2025,divya photography,"305/36, patelpada, mainroad, 305/36, dang, ahwa","[{""NIC5DigitId"":""96091"",""Description"":""Social activities such as escort services, marriage bureaus""}]"
24,GUJARAT,444,DANG,394710,18/07/2025,Shiv kariyana stores,"42, Svd complex, Navapure rode,saputara carcal, 42, Ahwa, Ahwa","[{""NIC5DigitId"":""47990"",""Description"":""Other retail sale not in stores, stalls or markets""}]"
24,GUJARAT,444,DANG,394710,3/1/2026,PAWAR AJAYBHAI SUKARYABHAI,"00, AT RAVCHOND, RAVCHONDH NICHALU FALIYU, 00, DANG, DANG","[{""NIC5DigitId"":""96097"",""Description"":""Activities of aaya, dhai, governess, baby sitter etc.""}]"
24,GUJARAT,444,DANG,394710,3/1/2026,Munawwar Hanif Shaikh,"234-1, Patelpada, Ahwa, 234-1, 0, The Dangs","[{""NIC5DigitId"":""47213"",""Description"":""Retail sale of meat, meat products, poultry products, fish, other seafood and products thereof""}]"
24,GUJARAT,444,DANG,394715,6/2/2026,BLLESING FLOOR MILL,"01, NEAR BY SCHOOL, WGHAIM ROAD, 01, WAGHAI, WAGHAI","[{""NIC5DigitId"":""10614"",""Description"":""Grain milling other than wheat, rice and dal""}]"
24,GUJARAT,444,DANG,394730,10/2/2026,amitbhai somabhai pawar,"-, aherdi, saputara, -, -, waghai","[{""NIC5DigitId"":""49219"",""Description"":""Other urban or suburban passenger transport n.e.c.""}]"
24,GUJARAT,444,DANG,394716,3/2/2026,GAMANBHAI NARUBHAI THAKARE,"0, MAIN ROAD, MAIN ROAD, 0, SUBIR, SUBIR","[{""NIC5DigitId"":""46532"",""Description"":""Wholesale of ploughs, manure spreaders, seeders, harvesters, threshers""}]"
24,GUJARAT,444,DANG,394710,5/2/2026,Aryan fashion zhone,"Javahar colony 10/2, Javahar colony, Javahar colony, Javahar colony 10/2, Sardar bazhar, Ahwa","[{""NIC5DigitId"":""63999"",""Description"":""Other information service activities n.e.c.""}]"
24,GUJARAT,444,DANG,394730,13/01/2026,FARMER,"AA, PULI KENDRA, PULI KENDRA, AA, AA, WAGHAI","[{""NIC5DigitId"":""45101"",""Description"":""Wholesale and retail sale of new vehicles (passenger motor vehicles, ambulances, minibuses, jeeps, trucks, trailers and semi-trailers)""}]"
24,GUJARAT,444,DANG,394730,13/01/2026,FARMER,"AA, UPLU FLAIIYU, THE DANG GUJARAT, AA, AA, MALIN","[{""NIC5DigitId"":""96098"",""Description"":""General household maintenance activities like grooming of the floor, dusting, cleaning of utensils etc.""}]"
24,GUJARAT,444,DANG,394720,14/01/2026,KAVYANS KARIYANA STORE,"000, KOTAMDAR, KOTAMDAR, 000, AHWA, AHWA","[{""NIC5DigitId"":""47990"",""Description"":""Other retail sale not in stores, stalls or markets""}]"
24,GUJARAT,444,DANG,394730,28/04/2026,SOLANKI AVINASHKUMAR CHIMANBHAI,"00, DARGAH FALIYU, WAGHAI, 00, 00, WAGHAI","[{""NIC5DigitId"":""49231"",""Description"":""Motorised road freight transport""}]"
24,GUJARAT,444,DANG,394716,8/5/2026,VIJAY,"SUBIR, 0, 0, SUBIR, 0, THE DANGS","[{""NIC5DigitId"":""01612"",""Description"":""Operation of agricultural irrigation equipment""}]"
24,GUJARAT,444,DANG,394716,8/5/2026,AYUSH AUTO GARAGE,"MAHAL, MAHAL, NEAR MAHAL ECO TOURISAM GATE, MAHAL, MAHAL, SUBIR","[{""NIC5DigitId"":""45200"",""Description"":""Maintenance and repair of motor vehicles""}]"
24,GUJARAT,444,DANG,394720,22/04/2026,SURTI OMLET CENTER,"01, SAPUTARA - NASHIK ROAD, OPP.THE LAKE, DEEPAK FAST FOOD, 01, 01, SAPUTARA","[{""NIC5DigitId"":""56101"",""Description"":""Restaurants without bars""},{""NIC5DigitId"":""56102"",""Description"":""Cafeterias, fast-food restaurants and other food preparation in market stalls""},{""NIC5DigitId"":""56104"",""Description"":""Restaurant and bar activities connected to transportation, when carried out by separate units""},{""NIC5DigitId"":""56292"",""Description"":""Operation of canteens or (e.g. for factories, offices, hospitals or schools) on a concession basis""},{""NIC5DigitId"":""56302"",""Description"":""Tea\/coffee shops""}]"
24,GUJARAT,444,DANG,394710,22/04/2026,SHIVAM DIGITAL SERVICE,"SHOP NO.1, MALVISH SHOPPING, SHIKSHAN COLONY ROAD, SHOP NO.1, AHWA, AHWA","[{""NIC5DigitId"":""63992"",""Description"":""Activities of cyber café""}]"
24,GUJARAT,444,DANG,394716,29/04/2026,SHAILESHABHAI SHANKARBHAI PAVAR,"KHOKHARI, KHOKHARI, KHOKHARI, KHOKHARI, SUBIR, SUBIR","[{""NIC5DigitId"":""46301"",""Description"":""Wholesale of fruits & vegetables""}]"
24,GUJARAT,444,DANG,394730,11/5/2026,FARJANABEN FIROZBHAI DHANANI,"ASHANANGAR FALIYU, WAGHAI, ASHANAGAR, ASHANANGAR FALIYU, WAGHAI, WAGHAI","[{""NIC5DigitId"":""49229"",""Description"":""Other non urban passenger land transport n.e.c.""}]"
24,GUJARAT,444,DANG,394730,30/04/2026,HANSA MILK TRANSPORT,"59, SILOTMAL, -, 59, -, WAGHAI","[{""NIC5DigitId"":""49229"",""Description"":""Other non urban passenger land transport n.e.c.""}]"
24,GUJARAT,444,DANG,394716,26/12/2025,ATUL CONTRUCTION,"422, MANDIR FALIYU, MANDIR FALIYU, 422, 422, AHWA","[{""NIC5DigitId"":""46632"",""Description"":""Wholesale of construction materials (sand, gravel etc.)""}]"
24,GUJARAT,444,DANG,394710,30/12/2025,LAKY PARLOUR AND CUTLERY,"AA, JAKHANA KOTAMDAR MAIN ROAD, THE DANG GUJARAT, AA, AA, JAKHANA","[{""NIC5DigitId"":""96098"",""Description"":""General household maintenance activities like grooming of the floor, dusting, cleaning of utensils etc.""}]"
24,GUJARAT,444,DANG,394716,20/11/2025,NENCY LADIES TAILOR,"PIPALDAHAD, PIPALDAHAD, MAIN ROAD PIPALDAHAD, PIPALDAHAD, SUBIR, SUBIR","[{""NIC5DigitId"":""14101"",""Description"":""Manufacture of all types of textile garments and clothing accessories""}]"
24,GUJARAT,444,DANG,394716,21/11/2025,PREET CLINIC,"AA, NEAR CRICKET GROUND, NEAR CRICKET GROUND, AA, AA, PIPALDAHAD","[{""NIC5DigitId"":""96098"",""Description"":""General household maintenance activities like grooming of the floor, dusting, cleaning of utensils etc.""}]"
24,GUJARAT,444,DANG,394710,20/11/2025,JUNED ENTERPRISES,"JUNED ENTERPRISES, MISSION PADA, DANG, JUNED ENTERPRISES, BEHIND HANUMAN TAMPLE, AHWA","[{""NIC5DigitId"":""53200"",""Description"":""Courier activities""}]"
24,GUJARAT,444,DANG,394715,18/11/2025,TUMBADA MAHESHBHAI SOMALBHAI,"00, nichalu faliyu, kakarda, 00, 000, the dang","[{""NIC5DigitId"":""49300"",""Description"":""Transport via pipeline""}]"
24,GUJARAT,444,DANG,394715,25/11/2025,GAVIT MAHIMABEN RAHULBHAI,"01, GAVIT MAHIMABEN, PIMPARI AHWA DANG, 01, AHWA, AHWA","[{""NIC5DigitId"":""56291"",""Description"":""Activities of food service contractors (e.g. for transportation companies)""}]"
24,GUJARAT,444,DANG,394710,13/12/2025,Mayuri Ladies Tailor  & Sadi Dress Center,"0, Missionpada, Ahwa, 0, Ahwa, Ahwa","[{""NIC5DigitId"":""14105"",""Description"":""Custom tailoring""}]"
24,GUJARAT,444,DANG,394716,5/12/2025,RAGHUVANSHI NOVELTY,"03, SUBIR, NAVAPUR ROAD SUBIR, 03, SUBIR, SUBIR","[{""NIC5DigitId"":""47522"",""Description"":""Retail sale of hardware including paints, varnishes and lacquers and do - it - yourself materials and equipments""}]"
24,GUJARAT,444,DANG,394710,12/12/2025,PAWAR VISHALBHAI SULUBHAI,"KALAMVIHAR, KODMAL, KALAMVIHAR, KALAMVIHAR, 002, DANG","[{""NIC5DigitId"":""49223"",""Description"":""Rental of private cars with driver""}]"
24,GUJARAT,444,DANG,394710,26/12/2025,NIRMAL VINAYCHANDRA DABHI,"00, AHWA, AHWA, 00, 00, THE DANGS","[{""NIC5DigitId"":""49231"",""Description"":""Motorised road freight transport""}]"
24,GUJARAT,444,DANG,394710,6/6/2025,DHARTIDHAN KIRANA STORE,"SAHID SMARAK, BESIDE TALUKA SCHOOL, AHWA, SAHID SMARAK, AHWA, AHWA","[{""NIC5DigitId"":""46909"",""Description"":""Other non-specialised wholesale trade n.e.c.""}]"
24,GUJARAT,444,DANG,394730,12/6/2025,Electrical,"Chirapada, Chirapada, Samgahan, Chirapada, Baripada, The Dangs","[{""NIC5DigitId"":""27400"",""Description"":""Manufacture of electric lighting equipment""}]"
24,GUJARAT,444,DANG,394710,30/05/2025,TANDEL KANTABEN SOMABHAI,"474, shramjivi Vasahat, Rani faliyu, 474, Ahwa, Ahwa","[{""NIC5DigitId"":""10719"",""Description"":""Manufacture of other bakery products n.e.c.""}]"
24,GUJARAT,444,DANG,394710,21/05/2025,LAXMANBHAI RAMDASBHAI PAWAR,"00, ukhatiya, ukhatiya, 00, 00, The Dangs","[{""NIC5DigitId"":""49231"",""Description"":""Motorised road freight transport""}]"
24,GUJARAT,444,DANG,394715,28/05/2025,Pawar Vijaybhai Gamanbhai,"0, 0, 0, 0, 0, the dangs","[{""NIC5DigitId"":""49231"",""Description"":""Motorised road freight transport""}]"
24,GUJARAT,444,DANG,394710,20/06/2025,SAI KRUPA PROVISIONAL STORE,"AA, MEN ROAD, MAHITI KACHERI NI SAME, AA, AA, AHWA","[{""NIC5DigitId"":""96098"",""Description"":""General household maintenance activities like grooming of the floor, dusting, cleaning of utensils etc.""}]"
24,GUJARAT,444,DANG,394730,20/06/2025,PURWA SE,"Ground Floor, Zankar Vision, Main Bazar, Opposite Waghai Bu, Ground Floor, Waghai, Waghai","[{""NIC5DigitId"":""47110"",""Description"":""Retail sale in non-specialized stores with food, beverages or tobacco predominating""},{""NIC5DigitId"":""47912"",""Description"":""Retail sale via e-commerce""}]"
24,GUJARAT,444,DANG,394710,17/06/2025,Ankitkumar Ratilal Dhimmar,"0, Bandharpada, Bandharpada, 0, 0, Ahwa","[{""NIC5DigitId"":""47110"",""Description"":""Retail sale in non-specialized stores with food, beverages or tobacco predominating""}]"
24,GUJARAT,444,DANG,394720,5/7/2025,JAY AMBE SWASAHAY JUTH GOTIYAMAL,"0, JAY AMBE SWASAHAY JUTH GOTIYAMAL, GOTIYAMAL, 0, 0, AHWA","[{""NIC5DigitId"":""56292"",""Description"":""Operation of canteens or (e.g. for factories, offices, hospitals or schools) on a concession basis""}]"
24,GUJARAT,444,DANG,394710,5/7/2025,ROSHNI CONSTRUCTION,"AT DON POST MORZIRA, DON, MAIN ROAD DON, AT DON POST MORZIRA, AHWA, AHWA","[{""NIC5DigitId"":""41002"",""Description"":""Activities relating to alteration, addition, repair, maintenance carried out on own-account basis or on a fee or contract basis""}]"
24,GUJARAT,444,DANG,394710,9/7/2025,FARMER,"AA, DHAVLIDOD, THE DANG GUJARAT, AA, AA, DHAVLIDOD","[{""NIC5DigitId"":""96098"",""Description"":""General household maintenance activities like grooming of the floor, dusting, cleaning of utensils etc.""}]"
24,GUJARAT,444,DANG,394730,3/10/2025,MG SARAV SEVA KENDR,"0,1, KALA AMBA, SAPUTARA, 0,1, AHWA, AHWA","[{""NIC5DigitId"":""74201"",""Description"":""Commercial and consumer photograph production""}]"
24,GUJARAT,444,DANG,394710,20/08/2025,Creative Unisex salon,"02, MAIN ROAD, AHWA, 02, 0, AHWA","[{""NIC5DigitId"":""96020"",""Description"":""Hairdressing and other beauty treatment""}]"
24,GUJARAT,444,DANG,394710,6/10/2025,CHAUHAN RAGHUNATHBHAI JANYABHAI,"0, SAMGHAN, SAPUTARA ROAD, 0, 0, SAMGAHAN","[{""NIC5DigitId"":""47110"",""Description"":""Retail sale in non-specialized stores with food, beverages or tobacco predominating""},{""NIC5DigitId"":""47591"",""Description"":""Retail sale of household furniture""}]"
24,GUJARAT,444,DANG,394710,25/10/2025,FARMER,"AA, KOTBA, KOTBA, AA, AA, VANSDA","[{""NIC5DigitId"":""47990"",""Description"":""Other retail sale not in stores, stalls or markets""}]"
24,GUJARAT,444,DANG,394715,24/10/2025,Hemlata Poultry Farm,"39, Vachalu Faliyu, Tekpada, 39, Kalibel, Waghai","[{""NIC5DigitId"":""10802"",""Description"":""Manufacture of poultry feed""},{""NIC5DigitId"":""46203"",""Description"":""Wholesale of live animals and poultry""},{""NIC5DigitId"":""01462"",""Description"":""Production of eggs""},{""NIC5DigitId"":""01463"",""Description"":""Operation of poultry hatcheries""}]"
24,GUJARAT,444,DANG,394710,21/08/2025,MUKESHBHAI GAMAJBHAI BHOYE,"Ghghali, Ghoghali, Ghoghali, Ghghali, Ahwa, Ahwa","[{""NIC5DigitId"":""79110"",""Description"":""Travel agency activities""}]"
24,GUJARAT,444,DANG,394710,21/08/2025,MANOHARBHAI RUPJIBHAI PATEL,"SATI, AT. SATI POST. BHAVANDAGAD TA. AHWA DIST.DANG, SATI ROAD, SATI, AHWA, AHWA","[{""NIC5DigitId"":""79110"",""Description"":""Travel agency activities""}]"
24,GUJARAT,444,DANG,394730,21/08/2025,GAVIT KAMLESHBHAI MATUBHAI,"00, 00, RAMBHASH, 00, 00, VAGHAI","[{""NIC5DigitId"":""45102"",""Description"":""Wholesale and retail sale of used motor vehicles""}]"
24,GUJARAT,444,DANG,394710,26/10/2025,FARMER,"AA, NICHALU FLAIYU, NICHALU FLAIYU, AA, AA, RAVCHOND","[{""NIC5DigitId"":""96098"",""Description"":""General household maintenance activities like grooming of the floor, dusting, cleaning of utensils etc.""}]"
24,GUJARAT,444,DANG,394710,10/11/2025,DHARA BEAUTY PARLOUR,"AA, JUNI MEDICAL COLONY, JUNI MEDICAL COLONY, AA, AA, AHWA","[{""NIC5DigitId"":""96098"",""Description"":""General household maintenance activities like grooming of the floor, dusting, cleaning of utensils etc.""}]"
24,GUJARAT,444,DANG,394710,8/10/2025,BAGUL JAYSHRIBEN HEMANTBHAI,"JAGRUTI SOCIETY, DUNGRI FALIYU, Ahwa, JAGRUTI SOCIETY, 0, Ahwa","[{""NIC5DigitId"":""42209"",""Description"":""Construction of utility projects n.e.c.""}]"
24,GUJARAT,444,DANG,394715,8/10/2025,GAMIT JITENDRAKUMAR AVASYABHAI,"SAJUPADA, AT. SAJUPADA POST. BARDIPADA TA. SUBIR DIST.DANG, MAIN ROAD, SAJUPADA, SUBIR, SUBIR","[{""NIC5DigitId"":""79110"",""Description"":""Travel agency activities""}]"
24,GUJARAT,444,DANG,394710,26/08/2025,BHARKADEVI ICE CREAM,"AA, JADAV COMPLEX, NAVAPUR ROAD, AA, AA, AHWA","[{""NIC5DigitId"":""96098"",""Description"":""General household maintenance activities like grooming of the floor, dusting, cleaning of utensils etc.""}]"
24,GUJARAT,444,DANG,394730,23/08/2025,FARMER,"AA, 1 ST STREET, 1 ST STEET, AA, AA, CHIKHLI SAMGAHAN","[{""NIC5DigitId"":""96098"",""Description"":""General household maintenance activities like grooming of the floor, dusting, cleaning of utensils etc.""}]"
24,GUJARAT,444,DANG,389151,24/08/2025,Sharad paan and colddrink,"0, jahl bahwan, jakriya road, 0, Dahod Taluka, Dahod","[{""NIC5DigitId"":""47990"",""Description"":""Other retail sale not in stores, stalls or markets""}]"
24,GUJARAT,444,DANG,394716,29/08/2025,KANU BHOYE,"26, BHOYE KANUBHAI, POSMAL SUBIR DANG, 26, SUBIR, AHWA","[{""NIC5DigitId"":""32909"",""Description"":""Manufacture of other articles n.e.c.""}]"
24,GUJARAT,444,DANG,394730,6/10/2025,MAZDA RESTORENT,"NEAR RAMBHAS FARM, NEAR RAMBHAS FARM, WAGHAI SAPUTARA ROAD, NEAR RAMBHAS FARM, WAGHAI SAPUTARA ROAD, DOKPATAL","[{""NIC5DigitId"":""10750"",""Description"":""Manufacture of prepared meals and dishes""}]"
24,GUJARAT,444,DANG,394730,23/01/2026,chandrakantbhai ramubhai gavit,"-, SUPDAHAD, NADAGCHOND, -, -, WAGHAI","[{""NIC5DigitId"":""49229"",""Description"":""Other non urban passenger land transport n.e.c.""}]"
24,GUJARAT,444,DANG,394730,23/01/2026,PANKITBHAI RAMJIBHAI PAWAR,"-, KUDKAS, AHWA ROAD, -, -, WAGHAI","[{""NIC5DigitId"":""49226"",""Description"":""Passenger transport by man- or animal-drawn vehicles""}]"
24,GUJARAT,444,DANG,394716,16/01/2026,PRASHANT DIGITAL SOLUTION'S,"MAIN ROAD, PRASHANT DIGITAL SOLUTION'S, PIPALDAHAD RURAL, MAIN ROAD, PIPALDAHAD RURAL, SUBIR","[{""NIC5DigitId"":""62020"",""Description"":""Computer consultancy and computer facilities management activities""}]"
24,GUJARAT,444,DANG,394730,26/01/2026,SAURAV VANSAN BHANDAR,"A, NA, SINGAL FALYU, A, B, WAGHAI","[{""NIC5DigitId"":""32909"",""Description"":""Manufacture of other articles n.e.c.""}]"
24,GUJARAT,444,DANG,394710,24/02/2026,ANKIT LOGISTICS,"VANGAN, VANGAN POST BHAVANDAGAD, VANGAN ROAD, VANGAN, AHWA, AHWA","[{""NIC5DigitId"":""49222"",""Description"":""Charters, excursions and other occasional coach services""}]"
24,GUJARAT,444,DANG,394730,12/4/2026,Nevil General Store,"A9, Nevil General Store, Nishal faliyu, A9, Waghai, Waghai","[{""NIC5DigitId"":""47990"",""Description"":""Other retail sale not in stores, stalls or markets""}]"
24,GUJARAT,444,DANG,394720,2/3/2026,SANA ENTERPRISES,"SANA ENTERPRISES, NEAR KGM BIRYANI, SAPUTARA, SANA ENTERPRISES, SAI BAJAR, DANG","[{""NIC5DigitId"":""47211"",""Description"":""Retail sale of cereals and pulses, tea, coffee, spices and flour""},{""NIC5DigitId"":""47213"",""Description"":""Retail sale of meat, meat products, poultry products, fish, other seafood and products thereof""},{""NIC5DigitId"":""47219"",""Description"":""Retail sale of other food products n.e.c.""},{""NIC5DigitId"":""47222"",""Description"":""Retail sale of non-alcoholic beverages including icecream not for consumption on the premises""},{""NIC5DigitId"":""47521"",""Description"":""Retail sale of building material such as bricks, wood, sanitary equipment""},{""NIC5DigitId"":""47990"",""Description"":""Other retail sale not in stores, stalls or markets""},{""NIC5DigitId"":""41001"",""Description"":""Construction of buildings carried out on own-account basis or on a fee or contract basis""}]"
24,GUJARAT,444,DANG,394710,2/3/2026,Uzma enterprises,"1, 1, Dutt nagar, 1, 1, Ahwa","[{""NIC5DigitId"":""47593"",""Description"":""Retail sale of gas stoves, cooking\/kitchen appliances""}]"
24,GUJARAT,444,DANG,394730,27/02/2026,SHREE ATMA NIRBHAR ADIVASI MAHILA KHEDUT UTPADAK PRODUCER COMPANY LIMITED,"FLAT NO. 931/18, Shree Atma Nirbhar, OPP. C. H. C. WAGHAI, FLAT NO. 931/18, Waghai, The Dangs","[{""NIC5DigitId"":""46101"",""Description"":""Activities of commission agents, brokers dealing in wholesale trade of agricultural raw material, live animals, food, beverages, intoxicants and textiles""}]"
24,GUJARAT,444,DANG,394710,16/05/2026,E TRADERS AND SUPPLIERS,"Patel pada, Near Char rasta, Main Road, Patel pada, Patel pada, Ahwa","[{""NIC5DigitId"":""96010"",""Description"":""Washing and (dry-) cleaning of textile and fur products""},{""NIC5DigitId"":""31009"",""Description"":""Manufacture of other furniture n.e.c.""},{""NIC5DigitId"":""46493"",""Description"":""Wholesale of furniture and fixtures""},{""NIC5DigitId"":""81100"",""Description"":""Combined facilities support activities""}]"
24,GUJARAT,444,DANG,394710,29/05/2026,General Kirana Store,"12, Majirpada, Majirpada Ahwa Dang, 12, Ahwa, Ahwa","[{""NIC5DigitId"":""10796"",""Description"":""Manufacture of papads, appalam and similar food products""}]"
24,GUJARAT,444,DANG,394716,27/05/2026,VEDHANSHI AGRO CENTER WAHUTIYA,"Wahutiya, Wahutiya, Gavhan To Garkhadi Road, Wahutiya, Subir, Ahwa","[{""NIC5DigitId"":""66290"",""Description"":""Other activities auxiliary to insurance and pension funding""}]"
24,GUJARAT,444,DANG,394710,3/6/2026,M K STORES,"00, KESHAV COMPLEX, MAIN ROAD, 00, 00, DANGS","[{""NIC5DigitId"":""47230"",""Description"":""Retail sale of tobacco products in specialized stores""}]"
24,GUJARAT,444,DANG,394716,11/6/2026,Gamit Jignisaben Vipulbhai,"0, 85,Gamit Faliyu Singana, 85,Gamit Faliyu Singana, 0, 0, Singana","[{""NIC5DigitId"":""23912"",""Description"":""Manufacture of refractory bricks, blocks tiles and similar refractory ceramic constructional goods""}]"
24,GUJARAT,444,DANG,394730,11/6/2026,Krishna ledish trelar,"1-15, Galakhav faliyu, gramyavistar,, NH,no- 8 ,surat nashik Road, 1-15, 15, Samgahan","[{""NIC5DigitId"":""14105"",""Description"":""Custom tailoring""}]"
24,GUJARAT,444,DANG,384421,14/06/2026,Thakor Tejalben Rahul,"12, 21, 12, 12, 12, 384421","[{""NIC5DigitId"":""53100"",""Description"":""Postal activities""}]"
24,GUJARAT,444,DANG,394716,15/06/2026,Roshani Tailor,"0, Bajar Faliyu, -, 0, Subir, Subir","[{""NIC5DigitId"":""14105"",""Description"":""Custom tailoring""}]"
24,GUJARAT,444,DANG,394710,15/06/2026,V.G.S BRICKS & CARTING,"0, Chikatiya, Chikatiya, 0, 0, Ahwa","[{""NIC5DigitId"":""23921"",""Description"":""Manufacture of bricks""}]"
24,GUJARAT,444,DANG,394716,18/06/2026,SHREE MAHALAKSHMI ECLECTRIC,"01, GAVIT JALAMYABHAI, PIPALDAHAD SUBIR DANG, 01, SUBIR, AHWA","[{""NIC5DigitId"":""32909"",""Description"":""Manufacture of other articles n.e.c.""}]"
24,GUJARAT,444,DANG,394715,9/6/2026,MARUTI SOLAR SERVICE,"01, PAWAR UMESHBHAI, DAVDAHAD AHWA DANG, 01, AHWA, AHWA","[{""NIC5DigitId"":""32909"",""Description"":""Manufacture of other articles n.e.c.""}]"
24,GUJARAT,444,DANG,394716,15/07/2026,D AND D GENERAL STORE,"01, KARANJPADA, PIPALDAHAD ROAD, 01, SUBIR, SUBIR","[{""NIC5DigitId"":""47110"",""Description"":""Retail sale in non-specialized stores with food, beverages or tobacco predominating""}]"
24,GUJARAT,444,DANG,394720,10/7/2026,Dipak toy Shop,"Jolly fast food, deepak kumar, Jolly fast food SaputaraGujrat, Jolly fast food, Saputara, Dhang","[{""NIC5DigitId"":""47990"",""Description"":""Other retail sale not in stores, stalls or markets""}]"
24,GUJARAT,444,DANG,394710,26/06/2026,MS.Yadav Ushal pav & Nasta Center,"Bandar chok, Mahiti Kendra office, Wagai to subir Road, Bandar chok, mahiti kendra inside, Ahwa","[{""NIC5DigitId"":""56103"",""Description"":""Ice cream mobile vendors, mobile food carts""}]"
24,GUJARAT,444,DANG,394710,25/06/2026,GANGURDE KARSANBHAI VASANTBHAI,"0, garmal, nishal faliyu, 0, garmal, ahwa","[{""NIC5DigitId"":""47110"",""Description"":""Retail sale in non-specialized stores with food, beverages or tobacco predominating""}]"
24,GUJARAT,444,DANG,394710,20/06/2026,ATV SAPUTARA,"No, No, Jahid Hospet, No, No, Ahwa","[{""NIC5DigitId"":""45101"",""Description"":""Wholesale and retail sale of new vehicles (passenger motor vehicles, ambulances, minibuses, jeeps, trucks, trailers and semi-trailers)""}]"
24,GUJARAT,444,DANG,394710,30/06/2026,DANG DAYRI GUJARATI NEWS,"121, PATELKISHORBHAI, AHWA SANSET POINT, 121, AHWA, AHWA","[{""NIC5DigitId"":""74203"",""Description"":""Activities of photojournalists""}]"
24,GUJARAT,444,DANG,394710,30/06/2026,VAN DANG NEWS GUJARATI HINDI,"01, GULAMNABI SHAIKH, AHWA, 01, AHWA, AHWA","[{""NIC5DigitId"":""74203"",""Description"":""Activities of photojournalists""}]"
24,GUJARAT,444,DANG,394710,2/7/2026,DEV COMPUTER AND ELECTRONICS,"1, THAKUR VILLA, MISSION PADA, 1, 1, AHWA","[{""NIC5DigitId"":""95111"",""Description"":""Repair and maintenance of computer and peripheral equipment""}]"
24,GUJARAT,444,DANG,394710,29/07/2026,Mehul footwear,"Second floor, Nandvila comlex ahwa, Main road ahwa, Second floor, The dangs, Ahwa","[{""NIC5DigitId"":""47713"",""Description"":""Retail sale of footwear""}]"
24,GUJARAT,444,DANG,394730,29/07/2026,OM SAI MANDAP DECORETORS,"-, NICHLU FALIYU, NR HANUMANJI TEMPLE, -, -, WAGHAI","[{""NIC5DigitId"":""74102"",""Description"":""Activities of interior decorators""}]"
24,GUJARAT,444,DANG,394710,30/07/2026,SHREE RAM FRUIT CENTRE,"01, YADAV KAPURBHAI, AHWA AHWA DANG, 01, AHWA, AHWA","[{""NIC5DigitId"":""32909"",""Description"":""Manufacture of other articles n.e.c.""}]"
24,GUJARAT,444,DANG,394710,5/8/2026,DANELBHAI RAMESHBHAI PAWAR,"DIWANTEMBRUN, DIWANTEMBRUN, MAIN ROAD DIWANTEMBRUN, DIWANTEMBRUN, AHWA, AHWA","[{""NIC5DigitId"":""49229"",""Description"":""Other non urban passenger land transport n.e.c.""}]"
24,GUJARAT,444,DANG,394710,13/11/2025,SOLANKI RAJESHBHAI SUKDEVBHAI,"PWD COLONY, PWD COLONY, BEHIND REMAND HOME NI PASAD, PWD COLONY, AHWA, AHWADANGS","[{""NIC5DigitId"":""41002"",""Description"":""Activities relating to alteration, addition, repair, maintenance carried out on own-account basis or on a fee or contract basis""}]"
24,GUJARAT,444,DANG,394710,20/11/2025,BACHCHHAV SATISHKUMAR ASHOKBHAI,"DEVALPADA AHWA, DEVALAPDA AHWA, DEVALPADA AHWA, DEVALPADA AHWA, AHWA, AHWA","[{""NIC5DigitId"":""27400"",""Description"":""Manufacture of electric lighting equipment""}]"
24,GUJARAT,444,DANG,394730,4/10/2025,Eva chocolate shop,"1 parking, Near museum, Nashik raod, 1 parking, 1, Ahwa","[{""NIC5DigitId"":""47190"",""Description"":""Other retail sale in non-specialized stores""}]"
24,GUJARAT,444,DANG,394715,28/10/2025,BAGUL KAMLESHBHAI MANUBHAI,"SAJUPADA, SAJUPADA, MAIN ROAD SAJUPADA, SAJUPADA, SUBIR, SUBIR","[{""NIC5DigitId"":""47110"",""Description"":""Retail sale in non-specialized stores with food, beverages or tobacco predominating""}]"
24,GUJARAT,444,DANG,394710,28/10/2025,MAHESHBHAI GANPATBHAI GAYKWAD,"149, UPLU FALIYU, DHALIDOD, 149, A, AHWA","[{""NIC5DigitId"":""49231"",""Description"":""Motorised road freight transport""}]"
24,GUJARAT,444,DANG,394730,3/11/2025,DIP STUDIO  AND  ZEROX  SHOP,"NEAR BY BUS STATION, DIP STUDIO, InThe Street in Front BusDepo, NEAR BY BUS STATION, WAGHAI, WAGHAI","[{""NIC5DigitId"":""82192"",""Description"":""Document preparation, typing, word processing and desktop publishing sevices""}]"
24,GUJARAT,444,DANG,394710,18/11/2025,PRANJAL ENTERPRISE,"PIPALGHODI, PIPALGHODI, PIPALGHODI, PIPALGHODI, AHWA, AHWA","[{""NIC5DigitId"":""41001"",""Description"":""Construction of buildings carried out on own-account basis or on a fee or contract basis""}]"
24,GUJARAT,444,DANG,394716,28/11/2025,ROSHANI CONSTRUCTION,"BARDIPADA, AT. BARDIPADA POST. KHAMBHALA TA. SUBIR, MAIN ROAD BARDIPADA, BARDIPADA, SUBIR, SUBIR","[{""NIC5DigitId"":""41001"",""Description"":""Construction of buildings carried out on own-account basis or on a fee or contract basis""}]"
24,GUJARAT,444,DANG,394710,28/11/2025,WHOLE SELL BUSINESS,"12/18 shikshakcolony, RANGUPAVAN PASE, THE DANGS, 12/18 shikshakcolony, 1, AHWA","[{""NIC5DigitId"":""45401"",""Description"":""Wholesale or retail sale of new motorcycles, mopeds, scooters and three wheelers""}]"
24,GUJARAT,444,DANG,394710,29/11/2025,SAGAR ENTERPRISE,"27, AHWA PATELPADA, DANG SEVA MANDAL, 27, PATELPADA, AHWA","[{""NIC5DigitId"":""01612"",""Description"":""Operation of agricultural irrigation equipment""}]"
24,GUJARAT,444,DANG,394710,29/11/2025,Solnki Sumanben Sureshbhai,"0, Bandarpada, Shesirav mandir pase, 0, 0, Ahwa","[{""NIC5DigitId"":""43900"",""Description"":""Other specialized construction activities""}]"
24,GUJARAT,444,DANG,394716,17/07/2025,PAWAR GENERAL STORE,"63/1,, ,, DUDH DERI NI BAJUMA, 63/1,, BAZAR FALIYU, SUBIR","[{""NIC5DigitId"":""10614"",""Description"":""Grain milling other than wheat, rice and dal""},{""NIC5DigitId"":""46305"",""Description"":""Wholesale of edible oils, fats, sugar and processed\/manufactured spices etc.""}]"
24,GUJARAT,444,DANG,394716,21/07/2025,PINK MOBILE SERVICE,"01, PINK MOBILE SERVICE, UPLU FALIYU, 01, 00, PIPALDAHA","[{""NIC5DigitId"":""63992"",""Description"":""Activities of cyber café""}]"
24,GUJARAT,444,DANG,394710,22/07/2025,Shree Ji Kariyana Stores,"AHWA (MISHANPADA), ADARSH COLONY, ADARSH COLONY, AHWA (MISHANPADA), MISHANPADA, AHWA","[{""NIC5DigitId"":""47110"",""Description"":""Retail sale in non-specialized stores with food, beverages or tobacco predominating""},{""NIC5DigitId"":""47190"",""Description"":""Other retail sale in non-specialized stores""}]"
24,GUJARAT,444,DANG,394720,24/07/2025,VAGH NURSERY FARM,"8, Mohpada, Saputara Road, 8, Saputara, Ahwa","[{""NIC5DigitId"":""46205"",""Description"":""Wholesale of flowers and plants""}]"
24,GUJARAT,444,DANG,394716,26/07/2025,FARMER,"AA, PIPLAIDEVI, THE DANG GUJARAT, AA, AA, PIPLAIDEVI","[{""NIC5DigitId"":""96098"",""Description"":""General household maintenance activities like grooming of the floor, dusting, cleaning of utensils etc.""}]"
24,GUJARAT,444,DANG,394710,8/7/2025,SHINDE BHARATBHAI TARACHANDBHAI,"DUNGRI FALIYA AHWA, DUNGRI FALIYA AHWA, DUNGRI FALIYA AHWA, DUNGRI FALIYA AHWA, AHWA, AHWA","[{""NIC5DigitId"":""96098"",""Description"":""General household maintenance activities like grooming of the floor, dusting, cleaning of utensils etc.""}]"
24,GUJARAT,444,DANG,394710,23/07/2025,SNEHABEN CHANDRAKANTBHAI GAVIT,"SUNDA, AT.SUNDA POST. TA. AHWA DIST.DANG, SUNDA MAIN ROAD, SUNDA, AHWA, AHWA","[{""NIC5DigitId"":""46302"",""Description"":""Wholesale of raw milk & dairy products""}]"
24,GUJARAT,444,DANG,394730,9/10/2025,PURNA RESTURANT,"45, Mayadevi, Mayadevi, 45, Waghai, Waghai","[{""NIC5DigitId"":""56101"",""Description"":""Restaurants without bars""},{""NIC5DigitId"":""56102"",""Description"":""Cafeterias, fast-food restaurants and other food preparation in market stalls""},{""NIC5DigitId"":""56103"",""Description"":""Ice cream mobile vendors, mobile food carts""}]"
24,GUJARAT,444,DANG,394730,13/10/2025,GREEN VILLA HOME STAY - BARIPADA,"5, GREEN VILLA HOME STAY, WAGHAI -SAPUTARA ROAD, 5, AHWA, SAPUTARA","[{""NIC5DigitId"":""55101"",""Description"":""Hotels and Motels, inns, resorts providing short term lodging facilities; includes accommodation in house boats""},{""NIC5DigitId"":""55109"",""Description"":""Provision of short stay accommodation n.e.c. (e.g. holiday homes, private guest houses etc.)""}]"
24,GUJARAT,444,DANG,394730,13/10/2025,SONAMOTI CATTLE FEED,"Shop No.2, SONAMOTI CATTLE FEED, KUNDA SILOTMAL ROAD, Shop No.2, ., WAGHAI","[{""NIC5DigitId"":""10801"",""Description"":""Manufacture of cattle feed""}]"
24,GUJARAT,444,DANG,394730,12/10/2025,DIGITAL SEVA KENDRA NANAPADA,"A, UPLU FALIYU, NANAPADA, A, B, DANG","[{""NIC5DigitId"":""62013"",""Description"":""Providing software support and maintenance to the clients""}]"
24,GUJARAT,444,DANG,394730,9/10/2025,VAISHALI DHABA,"AA, SAPUTARA MAIN ROAD, SAPUTARA MAIN ROAD, AA, AA, CHIKHALI","[{""NIC5DigitId"":""96098"",""Description"":""General household maintenance activities like grooming of the floor, dusting, cleaning of utensils etc.""}]"
24,GUJARAT,444,DANG,394710,9/10/2025,GANESH KIRANA AND GENERAL,"211, SITARAM VISPUTE, MAIN BAZAR CHINCHALI, 211, CHINCHALI, CHINCHALI","[{""NIC5DigitId"":""47219"",""Description"":""Retail sale of other food products n.e.c.""}]"
24,GUJARAT,444,DANG,394710,9/10/2025,GAYAKWAD NIKITAKUMARI TULSIRAMBHAI,"AMBAPADA, AMBAPADA AHWA TA. AHWA DIST.DANG, AMBAPADA ROAD, AMBAPADA, AHWA, AHWA","[{""NIC5DigitId"":""86202"",""Description"":""Dental practice activities""}]"
24,GUJARAT,444,DANG,394710,16/10/2025,VADU BROTHERS,"21, SOMLU HOUSE, SAPUTARA ROAD, 21, BORKHAL, THE DANGS","[{""NIC5DigitId"":""63999"",""Description"":""Other information service activities n.e.c.""}]"
24,GUJARAT,444,DANG,396580,15/10/2025,ASHIRVAD TREDS,"1, KHAMBHALA, POST FALIYU, 1, VANSDA, VANSDA","[{""NIC5DigitId"":""46631"",""Description"":""Wholesale of wood in the rough and products of primary processing of wood""}]"
24,GUJARAT,444,DANG,394730,8/9/2025,MALKANI HANIFBHAI GAFARBHAI,"0, 0, RAJENDRAPUR, 0, 0, THE DANGS","[{""NIC5DigitId"":""47613"",""Description"":""Retail sale of stationery office supplies such as pens, pencils, paper etc.""}]"
24,GUJARAT,444,DANG,394710,8/9/2025,Raut Sureshbhai Ganpatbhai,"0, 0, AHWA, 0, 0, AHWA","[{""NIC5DigitId"":""49231"",""Description"":""Motorised road freight transport""}]"
24,GUJARAT,444,DANG,394715,19/10/2025,FARMAR,"AA, DAVDAHAD, THE DANG GUJARAT, AA, AA, AHWA","[{""NIC5DigitId"":""96098"",""Description"":""General household maintenance activities like grooming of the floor, dusting, cleaning of utensils etc.""}]"
24,GUJARAT,444,DANG,394715,17/06/2025,GAVIT PRASHANTBHAI MADHUBHAI,"0, DIVDYAWAN, MAIN ROAD, 0, 0, AHWA","[{""NIC5DigitId"":""43123"",""Description"":""Clearing of building sites, earth moving: excavation, landfill, levelling and grading of construction sites, trench digging, rock removal, blasting etc.""}]"
24,GUJARAT,444,DANG,394720,17/06/2025,OM SAI CHAI NASHTA CENTER,"SAPUTARA, GUJRAT, SURAT ROAD, SAPUTARA, 1, SAPUTARA","[{""NIC5DigitId"":""56302"",""Description"":""Tea\/coffee shops""}]"
24,GUJARAT,444,DANG,394710,16/06/2025,ALKABEN R DESAI,"PWD COLONY AHWA, PWD COLONY AHWA, PWD COLONY SADAR BAZAR, PWD COLONY AHWA, AHWA, AHWA","[{""NIC5DigitId"":""62099"",""Description"":""Other information technology and computer service activities n.e.c""}]"
24,GUJARAT,444,DANG,394730,16/05/2025,RAZA SCRAP,"AA, RAJENDRAPUR, RAJENDRAPUR, AA, AA, WAGHAI","[{""NIC5DigitId"":""45101"",""Description"":""Wholesale and retail sale of new vehicles (passenger motor vehicles, ambulances, minibuses, jeeps, trucks, trailers and semi-trailers)""}]"
24,GUJARAT,444,DANG,394710,3/5/2025,JAGDSIHBHAI BHARATBHAI KANAT,"AHWA ASHRAM ROAD, AHWA, AHWA, AHWA ASHRAM ROAD, AHWA, DANG","[{""NIC5DigitId"":""47300"",""Description"":""Retail sale of automotive fuel in specialized stores [includes the activity of petrol filling stations.""}]"
24,GUJARAT,444,DANG,394710,5/5/2025,HARDIK CHINESE AND PUNJABI RESTAURANT,"AA, PATEL PADA, SAPUTARA CHOKDI, AA, AA, AHWA","[{""NIC5DigitId"":""56101"",""Description"":""Restaurants without bars""}]"
24,GUJARAT,444,DANG,394710,21/06/2025,GAYATRI STORE,"143, GAYATRI, BANDHARPADA, 143, 13, AHWA","[{""NIC5DigitId"":""47990"",""Description"":""Other retail sale not in stores, stalls or markets""}]"
24,GUJARAT,444,DANG,394710,3/6/2025,CHISHTI ELECTRONICS,"FUVARA SARKAL, ASHRAM ROAD AHWA, ASHRAM ROAD  AHWA, FUVARA SARKAL, AHWA, AHWA","[{""NIC5DigitId"":""26600"",""Description"":""Manufacture of irradiation, electromedical and electrotherapeutic equipment""}]"
24,GUJARAT,444,DANG,394710,31/05/2025,Sanjivani Medical and General Store,"Shop No.1, Opp Sardar Bazar Building, Main Road Ahwa, Shop No.1, Ahwa, Ahwa","[{""NIC5DigitId"":""47411"",""Description"":""Retail sale of computers and computer peripherals""},{""NIC5DigitId"":""47613"",""Description"":""Retail sale of stationery office supplies such as pens, pencils, paper etc.""},{""NIC5DigitId"":""47721"",""Description"":""Retail sale of pharmaceuticals, medical and orthopaedic goods and toilet articles""},{""NIC5DigitId"":""56210"",""Description"":""Event catering""}]"
24,GUJARAT,444,DANG,394716,20/05/2025,KHYATI COLD DRINKS,"BARDIPADA, KHYATI COLD DRINKS, MAIN ROAD, BARDIPADA, KHAMBHLA, AHWA","[{""NIC5DigitId"":""47214"",""Description"":""Retail sale of bakery products, dairy products and eggs""}]"
24,GUJARAT,444,DANG,394716,20/05/2025,DHRUVI KIRANA STORE,"BARDIPADA, DHRUVI KIRANA STORE, MAIN ROAD, BARDIPADA, KHAMBHLA, AHWA","[{""NIC5DigitId"":""47219"",""Description"":""Retail sale of other food products n.e.c.""}]"
24,GUJARAT,444,DANG,394710,3/6/2025,ASHABEN MANABHAI PAWAR,"15, GONDALVIHIR, GONDALVIHIR, 15, 1, AHWA","[{""NIC5DigitId"":""47110"",""Description"":""Retail sale in non-specialized stores with food, beverages or tobacco predominating""}]"
24,GUJARAT,444,DANG,394716,23/06/2025,PAWAR SHILABEN SHIVRAMBHAI,"29, AT. MOKHAMAL POST.TA. SUBIR DIST.DANG, MAIN ROAD, 29, SUBIR, SUBIR","[{""NIC5DigitId"":""75000"",""Description"":""Veterinary activities""}]"
24,GUJARAT,444,DANG,394710,3/2/2021,JANSHI BEAUTY PARLOUR,"POLICELINE, BESIDE TB HOSOITAL, AHWA, POLICELINE, DANG, AHWA","[{""NIC5DigitId"":""96020"",""Description"":""Hairdressing and other beauty treatment""},{""NIC5DigitId"":""96020"",""Description"":""Hairdressing and other beauty treatment""}]"
24,GUJARAT,444,DANG,394730,2/6/2021,MAHMADRASUL MAHMADRAFIK SAIYED,"4-73, ., Asha Nagar, 4-73, ., Waghai","[{""NIC5DigitId"":""52294"",""Description"":""Weighing of goods""}]"
24,GUJARAT,444,DANG,394730,2/9/2020,VANOSHADI DABDAR,"25, DABDAR WAGHAI, WAGHAI, 25, 25, WAGHAI`","[{""NIC5DigitId"":""86909"",""Description"":""Other human health activities n.e.c. (including independent ambulance activities)""}]"
24,GUJARAT,444,DANG,394730,31/08/2020,AYURVEDIK  MAHADIK,"7, WAGHAI, WAGHAI, 7, 7, AHWA","[{""NIC5DigitId"":""86909"",""Description"":""Other human health activities n.e.c. (including independent ambulance activities)""}]"
24,GUJARAT,444,DANG,394716,18/11/2024,MOHAN CONSTRUCTION,"0, MOHAN CONSTRUCTION, PADALKHADI, 0, PADALKHADI, TA. SUBIR","[{""NIC5DigitId"":""42909"",""Description"":""Other civil engineering projects n.e.c.""},{""NIC5DigitId"":""41001"",""Description"":""Construction of buildings carried out on own-account basis or on a fee or contract basis""}]"
24,GUJARAT,444,DANG,394710,18/11/2024,NIGAHE KARAM CUNTRACTION,"533, RANI FALIYU, GEB BORD, 533, 533, AHWA","[{""NIC5DigitId"":""49110"",""Description"":""Passenger rail transport""}]"
24,GUJARAT,444,DANG,394730,20/09/2024,PRAVIN PROVISION STORES,"14, AMRAT VALLABH PATEL, BAZAR STREET WAGHAI, 14, WAGHAI, WAGHAI","[{""NIC5DigitId"":""47110"",""Description"":""Retail sale in non-specialized stores with food, beverages or tobacco predominating""}]"
24,GUJARAT,444,DANG,394730,20/09/2024,S D TRADING CO,"26, DHANAJI B LADE, NEAR BUS DEPO WAGHAI, 26, WAGHAI, WAGHAI","[{""NIC5DigitId"":""47110"",""Description"":""Retail sale in non-specialized stores with food, beverages or tobacco predominating""}]"
24,GUJARAT,444,DANG,394710,23/03/2023,DIVYESH TRANSPORT,"-, AHWA, AHWA, -, -, AHWA","[{""NIC5DigitId"":""49231"",""Description"":""Motorised road freight transport""}]"
24,GUJARAT,444,DANG,394710,7/12/2020,MATIKAM & R.K.P BRICKS,"25, Borigavtha, Borigavtha, 25, 25, Ahwa","[{""NIC5DigitId"":""23921"",""Description"":""Manufacture of bricks""}]"
24,GUJARAT,444,DANG,394710,22/04/2024,Pushpendrasinh Bhikampalsinh Kushvav,"000, Patelpada, Saputara road, 000, 000, Ahwa","[{""NIC5DigitId"":""10791"",""Description"":""Processing and blending of tea including manufacture of instant tea""}]"
24,GUJARAT,444,DANG,394730,1/9/2020,AYURVAIDIK  DABDAR GIRA,"17, GIRA DABDAR, DABDAR GIRA, 17, 17, WAGHAI","[{""NIC5DigitId"":""86909"",""Description"":""Other human health activities n.e.c. (including independent ambulance activities)""}]"
24,GUJARAT,444,DANG,394730,31/08/2020,Vanoshadi  Udhoyog,"5, Sakarpatal, sakarpatal, 5, 5, waghai","[{""NIC5DigitId"":""86909"",""Description"":""Other human health activities n.e.c. (including independent ambulance activities)""}]"
24,GUJARAT,444,DANG,394730,28/06/2021,SAI ZEROX AND GRAPHICS,"WAGHAI, SAI ZEROX AND GRAPHICS, OPP MILK DAIRY WAGHAI, WAGHAI, WAGHAI, WAGHAI","[{""NIC5DigitId"":""62099"",""Description"":""Other information technology and computer service activities n.e.c""}]"
24,GUJARAT,444,DANG,394730,17/08/2023,PATEL KESHVBHAI SHSHIKANTBHAI,"BAPA SITARAM NASTA H, AT.BARIPADA, SAPUTARA -WAGHAI MAIN ROAD, BAPA SITARAM NASTA H, TA.AHWA, SAPUTARA","[{""NIC5DigitId"":""10616"",""Description"":""Manufacture of cereal breakfast foods obtained by roasting or swelling cereal grains""}]"
24,GUJARAT,444,DANG,394710,18/02/2025,Laxmi Garments,"Kel, Kel, Nakatiya hanvant, Kel, Kel, Subir","[{""NIC5DigitId"":""47990"",""Description"":""Other retail sale not in stores, stalls or markets""}]"
24,GUJARAT,444,DANG,394710,18/02/2025,JALARAM XEROX AND STATIONERY,"9, PAWAR COMPLEX, MAIN ROAD, 9, AHWA, AHWA","[{""NIC5DigitId"":""47613"",""Description"":""Retail sale of stationery office supplies such as pens, pencils, paper etc.""}]"
24,GUJARAT,444,DANG,394710,14/04/2025,CONTRACTOR,"AA, P W D COLONY, P W D COLONY, AA, AA, AHWA","[{""NIC5DigitId"":""41001"",""Description"":""Construction of buildings carried out on own-account basis or on a fee or contract basis""}]"
24,GUJARAT,444,DANG,394716,13/02/2025,GAVIT ONLINE AND XEROX,"PIPALDAHAD, PIPALDAHAD, SUBIR, PIPALDAHAD, SUBIR, PIPALDAHAD","[{""NIC5DigitId"":""13131"",""Description"":""Finishing of cotton and blended cotton textiles.""}]"
24,GUJARAT,444,DANG,394710,21/02/2025,PRANAV ENTEPRISES,"IDAN GARDEN  SOCIETY, IDAN GARDEN PARK SOCIETY, AHWA, IDAN GARDEN  SOCIETY, 01, AHWA","[{""NIC5DigitId"":""47990"",""Description"":""Other retail sale not in stores, stalls or markets""}]"
24,GUJARAT,444,DANG,494710,12/2/2025,MADHAV TRAVELS,"-, BHAVANDAGAD, Bhavandagad, -, -, Ahwa","[{""NIC5DigitId"":""79110"",""Description"":""Travel agency activities""}]"
24,GUJARAT,444,DANG,394710,16/12/2025,FARMER,"AA, NIRGUDMAL, THE DANG GUJARAT, AA, AA, NIRGUDMAL","[{""NIC5DigitId"":""96098"",""Description"":""General household maintenance activities like grooming of the floor, dusting, cleaning of utensils etc.""}]"
24,GUJARAT,444,DANG,394710,24/12/2025,JADAV TRANSPORT,"-, KADMAL, KADMAL, -, -, AHWA","[{""NIC5DigitId"":""49226"",""Description"":""Passenger transport by man- or animal-drawn vehicles""}]"
24,GUJARAT,444,DANG,394716,24/12/2025,MAGANBHAI CHHAGANBHAI KUNVAR,"0, PATEL FALIYU SABRIDHAM, PATEL FALIYU, 0, SCHOOL, DANG","[{""NIC5DigitId"":""46301"",""Description"":""Wholesale of fruits & vegetables""}]"
24,GUJARAT,444,DANG,394710,2/1/2026,GAYKAWAD ARUNBHAI MADHUKARBHAI,"2, AT.KARADIAMBA POST CHINCHALI TA. AHWA DIST DANG, MAIN ROAD KARADIAMBA, 2, AHWA, AHWA","[{""NIC5DigitId"":""47110"",""Description"":""Retail sale in non-specialized stores with food, beverages or tobacco predominating""}]"
24,GUJARAT,444,DANG,394710,2/1/2026,MADHAV TRADERS,"934/A, MAIN ROAD NEW POLICE STATION, WAGHAI, 934/A, WAGHAI, DANG","[{""NIC5DigitId"":""46639"",""Description"":""Wholesale of other construction equipment n.e.c.""},{""NIC5DigitId"":""82990"",""Description"":""Other business support service activities n.e.c.""}]"
24,GUJARAT,444,DANG,394710,20/02/2025,GAVIT SANDIPBHAI SONIRAVBHAI,"01, NEAR BY SCHOOL, GADAT ROAD, 01, AHWA, AHWA","[{""NIC5DigitId"":""41001"",""Description"":""Construction of buildings carried out on own-account basis or on a fee or contract basis""}]"
24,GUJARAT,444,DANG,394730,10/1/2025,SIMONSBHAI ANILBHAI WAGHAMARE,"00, NICHALU FALIYU, CHINCHOD, 00, 0, DAGUNIA","[{""NIC5DigitId"":""49231"",""Description"":""Motorised road freight transport""}]"
24,GUJARAT,444,DANG,394730,13/02/2025,ISHWAR BASKET,"-, NEAR BUS STAND, VACHALU FALIYU, -, -, KUDKAS","[{""NIC5DigitId"":""16233"",""Description"":""Manufacture of market basketry, grain storage bins and similar products made of bamboo or reed""}]"
24,GUJARAT,444,DANG,394715,13/04/2025,SHAKSHI MISSION MANGALAM WSHG CHICHINAGAVTHA,"CHICHINAGAVTHA, CHICHINAGAVTHA, CHICHINAGAVTHA, CHICHINAGAVTHA, Vaghai, CHICHINAGAVTHA","[{""NIC5DigitId"":""16294"",""Description"":""Manufacture of various articles made of bamboo, cane and grass""}]"
24,GUJARAT,444,DANG,394710,18/12/2025,Csc center vanar,"04, Gaykwad Yamunaben, Mu vanar po galkund ta ahwa di, 04, Galkund, Dang","[{""NIC5DigitId"":""62099"",""Description"":""Other information technology and computer service activities n.e.c""}]"
24,GUJARAT,444,DANG,394710,23/08/2023,GAMIT RINABEN GANESHBHAI,"SUNSET POINT AHWA, NEAR SEVANTHDAY SCHOOL, SUNSET POINT ROAD, SUNSET POINT AHWA, AHWA, AHWA","[{""NIC5DigitId"":""47190"",""Description"":""Other retail sale in non-specialized stores""}]"
24,GUJARAT,444,DANG,394710,7/11/2022,Gaykwad B M,"12, Gess Agnecy side, Main Road, 12, 1, Ahwa","[{""NIC5DigitId"":""68200"",""Description"":""Real estate activities on a fee or contract basis""}]"
24,GUJARAT,444,DANG,394730,15/11/2022,TAQWA EARTHMOVERS,"1/91, rajendrapur pani ni, waghai, 1/91, 0, THE DANGS","[{""NIC5DigitId"":""77303"",""Description"":""Renting and operational leasing of construction and civil-engineering machinery and equipment without operator""}]"
24,GUJARAT,444,DANG,394710,30/09/2022,SHRI SURESHBHAI LAXMANBHAI DALVI,"KAMAD, KAMAD, GALKUND, KAMAD, GALKUND, AHWA","[{""NIC5DigitId"":""59201"",""Description"":""Activities of sound recording in studio or elsewhere""}]"
24,GUJARAT,444,DANG,360004,12/1/2023,ASHAPURA MARKETING,"OPP SHRIDHAR CHHATRA, SWAMI NARAYAN NAGAR-2, OPP SHIRDHAR CHHATRALAYA, OPP SHRIDHAR CHHATRA, RAJKOT, RAJKOT","[{""NIC5DigitId"":""27400"",""Description"":""Manufacture of electric lighting equipment""}]"
24,GUJARAT,444,DANG,394716,18/04/2023,GANESH TRANSPORT,"-, PIPALAIDEVI, PIPALAIDEVI, -, -, SUBIR","[{""NIC5DigitId"":""49110"",""Description"":""Passenger rail transport""}]"
24,GUJARAT,444,DANG,394710,30/05/2022,Rohankumar Thakorbhai Bhagat,"BANDHARPADA,, BEHIND PETROL PUMP, MAIN ROAD, BANDHARPADA,, DANG, AHWA","[{""NIC5DigitId"":""79110"",""Description"":""Travel agency activities""}]"
24,GUJARAT,444,DANG,394720,25/03/2022,PRAJAPATI DIPAKKUMAR JAYANTILAL,"0, 0, MAIN ROAD, 0, 0, THE DANGS","[{""NIC5DigitId"":""10614"",""Description"":""Grain milling other than wheat, rice and dal""}]"
24,GUJARAT,444,DANG,394710,15/09/2022,SANJAYBHAI BALUBHAI VALVI,"113k, GAMIT FALIYA, Nakatiyahanvat road, 113k, subir, AHWA","[{""NIC5DigitId"":""47521"",""Description"":""Retail sale of building material such as bricks, wood, sanitary equipment""},{""NIC5DigitId"":""47613"",""Description"":""Retail sale of stationery office supplies such as pens, pencils, paper etc.""}]"
24,GUJARAT,444,DANG,394730,25/03/2023,DHANANI HARDWARE AND PLYWOOD,"01, WAGHAI, WAGHAI MAIN ROAD, 01, 01, WAGHAI","[{""NIC5DigitId"":""47522"",""Description"":""Retail sale of hardware including paints, varnishes and lacquers and do - it - yourself materials and equipments""}]"
24,GUJARAT,444,DANG,394715,23/02/2023,MAHENDRABHAI USYABHAI CHAUDHARI,"1/33, RAJA FALIYA, MAIN ROAD PIMPRI, 1/33, 3, AHWA","[{""NIC5DigitId"":""10612"",""Description"":""Rice milling""}]"
24,GUJARAT,444,DANG,394716,18/09/2022,Shreya General store,"At Biliamba, Po keshbandh, School, At Biliamba, Subir, Biliamba","[{""NIC5DigitId"":""56304"",""Description"":""Mobile beverage vendors""}]"
24,GUJARAT,444,DANG,394730,23/03/2023,CHAUDHARI MUKESH BABUBHAI,"128, NAVI COLONY, PIPALWADA, 128, TAPI, VYARA","[{""NIC5DigitId"":""28212"",""Description"":""Manufacture of ploughs, manure spreaders, seeders, harrows and similar agricultural machinery for soil preparation, planting or fertilizing, harvesting or threshing machinery""}]"
24,GUJARAT,444,DANG,394716,9/1/2023,ANIVANT MILK TRANSPORT,"-, LAVCHALI, PIPLAI DEVI ROAD, -, -, SUBIR","[{""NIC5DigitId"":""49231"",""Description"":""Motorised road freight transport""}]"
24,GUJARAT,444,DANG,394730,28/11/2022,Dips star computer Academy,"-, singal faliyu, singal faliyu, -, waghai, waghai","[{""NIC5DigitId"":""62099"",""Description"":""Other information technology and computer service activities n.e.c""}]"
24,GUJARAT,444,DANG,394729,15/09/2023,KISHNA DRYFRUITS,"SAPUTARA, SAPUTARA, SAPUTARA CIRCLE ROAD, SAPUTARA, NR. MEUSEUM, AHWA","[{""NIC5DigitId"":""56291"",""Description"":""Activities of food service contractors (e.g. for transportation companies)""}]"
24,GUJARAT,444,DANG,394716,29/09/2023,SHEKH APSARABEN VAJIRBHAI,"140, NISHAL FALIYU KADMAL, KADMAL, 140, SUBIR, SUBIR","[{""NIC5DigitId"":""47190"",""Description"":""Other retail sale in non-specialized stores""}]"
24,GUJARAT,444,DANG,394716,19/06/2021,SUNILBHAI PARVINBHAI PAWAR,"AT POST, PATEL FALIYU PIPALDAHAD, PATEL FALIYU, AT POST, AHWA, AHWA","[{""NIC5DigitId"":""96098"",""Description"":""General household maintenance activities like grooming of the floor, dusting, cleaning of utensils etc.""}]"
24,GUJARAT,444,DANG,394710,17/04/2023,BHAVESH FOOTWARE,"424, JAVAHAR COLONY, JAWAHAR COLONY, 424, 424, AHWA","[{""NIC5DigitId"":""47713"",""Description"":""Retail sale of footwear""}]"
24,GUJARAT,444,DANG,394730,21/01/2023,SAI GARMENT,"., MAIN BAZAR ROAD, MAIN BAZAR ROAD, ., WAGHAI, WAGHAI","[{""NIC5DigitId"":""47711"",""Description"":""Retail sale of readymade garments, hosiery goods, other articles of clothing and clothing accessories such as gloves, ties, braces etc.""}]"
24,GUJARAT,444,DANG,394716,25/09/2023,GAVIT ANKITABEN ASHISHBHAI,"SAJUPADA, SAJUPADA, SAJUPADA MAIN RAOD, SAJUPADA, SUBIR, SAJUPADA","[{""NIC5DigitId"":""47110"",""Description"":""Retail sale in non-specialized stores with food, beverages or tobacco predominating""}]"
24,GUJARAT,444,DANG,394710,13/12/2022,TULSI SELECTION,"0, MAIN ROAD, AHWA, 0, AHWA, AHWA","[{""NIC5DigitId"":""47820"",""Description"":""Retail sale via stalls and markets of textiles, clothing and footwear""}]"
24,GUJARAT,444,DANG,394730,3/3/2022,M/S SWAMI TYRES,"0, M/S SWAMI TYRES, BEHIND MAIN BAZAR, 0, 0, WAGHAI","[{""NIC5DigitId"":""45300"",""Description"":""Sale of motor vehicle parts and accessories""}]"
24,GUJARAT,444,DANG,394710,29/06/2022,CHAUDHARI NITESH DEVRAMBHAI,"38, VACHALU FALIYU, AMSARVALAN, HANUMAN MANDIR, 38, VACHALU FALIYU, WAGHAI, WAGHAI","[{""NIC5DigitId"":""62099"",""Description"":""Other information technology and computer service activities n.e.c""}]"
24,GUJARAT,444,DANG,394710,8/1/2022,SHREEJI TRADERS,"0, SHIKSHAN COLONY, RANGUPAVAN OFFICE PASE, 0, 0, AHWA","[{""NIC5DigitId"":""47810"",""Description"":""Retail sale via stalls and markets of food, beverages and tobacco products""}]"
24,GUJARAT,444,DANG,394730,7/8/2020,Ambika haldar Farm,"Nishal Faliyu, Rambhash, Post - Rambhash, Nishal Faliyu, Waghai, Jamlapada","[{""NIC5DigitId"":""10795"",""Description"":""Grinding and processing of spices""}]"
24,GUJARAT,444,DANG,394630,24/05/2023,DESAI HIRENBHAI GIRISHBHAI,"1032, RANCHHOD NAGAR, TA-VALOD, 1032, 0, TAPI","[{""NIC5DigitId"":""47990"",""Description"":""Other retail sale not in stores, stalls or markets""}]"
24,GUJARAT,444,DANG,394730,11/8/2023,RUBA ZEROX AND STATIONARY,"00, RUBA ZEROX AND STATIONARY, OPP  PETOLPUMP, 00, WAGHAI, WAGHAI","[{""NIC5DigitId"":""47613"",""Description"":""Retail sale of stationery office supplies such as pens, pencils, paper etc.""}]"
24,GUJARAT,444,DANG,394710,4/5/2024,leesha enterprise,"338, smitbhai rajubhai pawar, navapur road ahwa, 338, patelpada, ahwa","[{""NIC5DigitId"":""61201"",""Description"":""Activities of Internet access by the operator of the wireless infrastructure""}]"
24,GUJARAT,444,DANG,394710,12/5/2022,MAHAVIR MARBLE GRANITE & CERAMIC,"0, MAHAVIR MARBLE GRANITE & CERAMIC, AMBAPADA VISTAR, 0, 0, AHWA","[{""NIC5DigitId"":""47532"",""Description"":""Retail sale of wallpaper and floor coverings""}]"
24,GUJARAT,444,DANG,394710,23/12/2021,AVI APPLIANCE,"0, 0, MAINROAD, 0, 0, AHWA","[{""NIC5DigitId"":""23954"",""Description"":""Manufacture of R.C.C. bricks and blocks""}]"
24,GUJARAT,444,DANG,394730,21/09/2021,SANIYA MILK CENTER,"1, RAILWAY STATION, RAILWAY STATION, 1, 1, WAGHAI","[{""NIC5DigitId"":""10502"",""Description"":""Manufacture of milk-powder, ice-cream powder and condensed milk except baby milk food""},{""NIC5DigitId"":""10712"",""Description"":""Manufacture of biscuits, cakes, pastries, rusks etc.""},{""NIC5DigitId"":""10719"",""Description"":""Manufacture of other bakery products n.e.c.""}]"
24,GUJARAT,444,DANG,394710,27/05/2023,VAISHALIBEN MANOJBHAI SHIMPI,"00, SHRAMJIVI VASAHAT, SHRAMJIVI VASAHAT, 00, 00, AHWA","[{""NIC5DigitId"":""47990"",""Description"":""Other retail sale not in stores, stalls or markets""}]"
24,GUJARAT,444,DANG,394730,14/09/2023,Urmilaben Laxubhai Mahla,"99, vichalu falayu, saputara, 99, waghai, waghai","[{""NIC5DigitId"":""10799"",""Description"":""Other semi-processed, processed or instant foods n.e.c. except farinaceous products and malted foods and manufacturing activities like manufacture of egg powder, sambar powder etc. (this excludes the activities covered under 10619)""}]"
24,GUJARAT,444,DANG,394710,7/7/2023,AZAD STORES,"1, AZAD STORES, MAIN ROAD, 1, AHWA, AHWA","[{""NIC5DigitId"":""56291"",""Description"":""Activities of food service contractors (e.g. for transportation companies)""}]"
24,GUJARAT,444,DANG,394710,2/2/2023,Ambica Enterprise,"00, MISSIONPADA, MAIN ROAD, 00, 0, AHWA","[{""NIC5DigitId"":""45300"",""Description"":""Sale of motor vehicle parts and accessories""}]"
24,GUJARAT,444,DANG,394730,4/3/2023,JAY BHAVANI KIRANA AND PROVISION STORES,"17, RAILWAY STATION ROAD, RAILWAY STATION ROAD, 17, WAGHAI, WAGHAI","[{""NIC5DigitId"":""56291"",""Description"":""Activities of food service contractors (e.g. for transportation companies)""}]"
24,GUJARAT,444,DANG,394716,20/09/2022,KUNVAR CENTERING WORK,"44, NISHAL FALIYU KESHBANDH, NISHAL FALIYU KESHBANDH, 44, SUBIR, KESHBANDH","[{""NIC5DigitId"":""41001"",""Description"":""Construction of buildings carried out on own-account basis or on a fee or contract basis""}]"
24,GUJARAT,444,DANG,394720,18/08/2023,Evergreen Handicrafts,"Shop No 06, Nr Museum Parking, Ahwa, Shop No 06, Saputara, Dang","[{""NIC5DigitId"":""47711"",""Description"":""Retail sale of readymade garments, hosiery goods, other articles of clothing and clothing accessories such as gloves, ties, braces etc.""},{""NIC5DigitId"":""47714"",""Description"":""Retail sale of leather goods and travel accessories of leather and leather substitutes""}]"
24,GUJARAT,444,DANG,394730,26/06/2021,ROMENDRABHAI GANGARAMBHAI BHOYE,"S/O, NICHALU FALIYU SHIVARIMAL, NICHALU FALIYU SHIVARIMAL, S/O, CHIKHALI DANG, AHWA","[{""NIC5DigitId"":""01639"",""Description"":""Other post harvest crop activities, n.e.c.""}]"
24,GUJARAT,444,DANG,394710,1/9/2022,VARSHALE JAYDIPBHAI SANJAYBHAI,"00, AT PO AHWA PDW COLONY, AHWA, 00, 00, AHWA","[{""NIC5DigitId"":""96020"",""Description"":""Hairdressing and other beauty treatment""}]"
24,GUJARAT,444,DANG,394710,9/2/2024,PARISHRAM CONSTRUCTION,"UPALU FALIYU, PANDVA, UPALU FALIYU, UPALU FALIYU, AHWA, PANDVA","[{""NIC5DigitId"":""08106"",""Description"":""Operation of sand or gravel pits, basalt \/ porphyry, clay (ordinary), crushing and breaking of stone for use as a flux or raw material in lime or cement, manufacture or as building material, road metal or ballast and other materials for construction""}]"
24,GUJARAT,444,DANG,394730,13/03/2024,M/S GNANDEEP EDUCATIONAL AND CHERITABLE TRUST SHAMGAHAN,"., At post Shamghan chauhan faliya, ., ., ., Ahwa","[{""NIC5DigitId"":""88100"",""Description"":""Social work activities without accommodation for the elderly and disabled""},{""NIC5DigitId"":""88900"",""Description"":""Other social work activities without accommodation n.e.c.""}]"
24,GUJARAT,444,DANG,394710,3/3/2023,SAHYOG XEROX,"00, MISSION COLONY, MISSION COLONY, 00, 00, AHWA","[{""NIC5DigitId"":""47190"",""Description"":""Other retail sale in non-specialized stores""}]"
24,GUJARAT,444,DANG,394715,16/02/2023,PAWAR JIGNESHBHAI KALIDAS,"HANVANHOND, HANVANHOND, DHUNDHUNIYA, HANVANHOND, HANVANHOND, TA AHWA","[{""NIC5DigitId"":""46909"",""Description"":""Other non-specialised wholesale trade n.e.c.""}]"
24,GUJARAT,444,DANG,394730,30/12/2021,NAGANI SAREES,"0, 0, MAIN ROAD, 0, 0, WAGHAI","[{""NIC5DigitId"":""14101"",""Description"":""Manufacture of all types of textile garments and clothing accessories""}]"
24,GUJARAT,444,DANG,394715,15/10/2022,CUSTOMER SERVICE POINT,"AMLI FALIYU, AT KALIBEL, MAIN ROAD, AMLI FALIYU, KALIBEL, WAGHAI","[{""NIC5DigitId"":""82990"",""Description"":""Other business support service activities n.e.c.""}]"
24,GUJARAT,444,DANG,394730,15/02/2023,S. S. POULTRY FARM,"., S. S. POULTRY FARM, DAIRY ROAD, ., WAGHAI, WAGHAI","[{""NIC5DigitId"":""01463"",""Description"":""Operation of poultry hatcheries""}]"
24,GUJARAT,444,DANG,394730,15/02/2023,SHRADHA SABURI TRANSPORTATION,"-, HANUMAN MANDIR, NR TEMPLE, -, -, WAGHAI","[{""NIC5DigitId"":""49300"",""Description"":""Transport via pipeline""}]"
24,GUJARAT,444,DANG,394710,11/1/2023,MAA SAPTRASUNGI PETROLEUM,"0, MAA SAPTASUNGI PETROLEUM, AHWA ROAD, 0, 0, DANG","[{""NIC5DigitId"":""47300"",""Description"":""Retail sale of automotive fuel in specialized stores [includes the activity of petrol filling stations.""}]"
24,GUJARAT,444,DANG,394710,20/04/2023,MODERN XEROX CENTER,"MODERN XEROX CENTER, ASHRAM ROAD, AHWA P.O, MODERN XEROX CENTER, AHWA, DANG","[{""NIC5DigitId"":""62099"",""Description"":""Other information technology and computer service activities n.e.c""},{""NIC5DigitId"":""63114"",""Description"":""Providing data entry services""}]"
24,GUJARAT,444,DANG,394710,23/02/2023,Gain Anuradhaben Anandbhai,"3, Main Road, Sardar Market, Ahwa, 3, 0, Ahwa","[{""NIC5DigitId"":""47820"",""Description"":""Retail sale via stalls and markets of textiles, clothing and footwear""}]"
24,GUJARAT,444,DANG,394730,5/8/2023,SANTOSHBHAI TRANSPORT,"11-107, HANUMAN FALIYU, NR HANUMAN TEMPLE, 11-107, -, WAGHAI","[{""NIC5DigitId"":""49232"",""Description"":""Non-motorised road freight transport""}]"
24,GUJARAT,444,DANG,394710,9/11/2022,Sharp Printing and Stationers,"14, jadhav complex, Main Road, 14, Main Road, AHWA","[{""NIC5DigitId"":""47613"",""Description"":""Retail sale of stationery office supplies such as pens, pencils, paper etc.""}]"
24,GUJARAT,444,DANG,394710,2/5/2023,JAYESHKUMAR MANGALBHAI MAHAKAL,"AT POST, WAGHAI ROAD NAKA RANI FALIYA, WAGHAI ROAD NAKA RANI FALIYA, AT POST, AHWA, AHWA","[{""NIC5DigitId"":""01639"",""Description"":""Other post harvest crop activities, n.e.c.""}]"
24,GUJARAT,444,DANG,394715,13/12/2021,SANKETBHAI BUDHABHAI BANGAL,"01, AT POST UPALUFALIYU CHICHINAGAVTHA, CHICHINAGAVTHA, 01, WAGHAI, WAGHAI","[{""NIC5DigitId"":""68200"",""Description"":""Real estate activities on a fee or contract basis""}]"
24,GUJARAT,444,DANG,394716,10/1/2023,RAJPUROHIT JOGRAJSINGH ASUSINGH,"SHOP NO-4, SUBIR, SUBIR AHWA ROAD, SHOP NO-4, SUBIR, SUBIR","[{""NIC5DigitId"":""47110"",""Description"":""Retail sale in non-specialized stores with food, beverages or tobacco predominating""}]"
24,GUJARAT,444,DANG,394710,9/2/2022,SHRI JAYRAMBHAI BUDHAYABHAI GANGURDE,"00, jamanvihir faliyu, jamanvihir faliyu, 00, 00, the dang","[{""NIC5DigitId"":""96098"",""Description"":""General household maintenance activities like grooming of the floor, dusting, cleaning of utensils etc.""}]"
24,GUJARAT,444,DANG,394730,14/02/2022,PAAL HARISHCHANDRA,"0, 0, 0, 0, 0, THE DANGS","[{""NIC5DigitId"":""14101"",""Description"":""Manufacture of all types of textile garments and clothing accessories""}]"
24,GUJARAT,444,DANG,394730,1/10/2020,SONAM HARDWARE & ELECTRICALS,"1, WAGHAI, WAGHAI, 1, 1, DANG","[{""NIC5DigitId"":""27400"",""Description"":""Manufacture of electric lighting equipment""}]"
24,GUJARAT,444,DANG,394710,27/07/2022,BAMBOO HANDICRAFT,"AMBAPADA AHWA, AMBAPADA ROAD AHWA, AMBAPADA, AMBAPADA AHWA, AHWA, AHWA","[{""NIC5DigitId"":""16211"",""Description"":""Manufacture of ply wood and veneer sheets""}]"
24,GUJARAT,444,DANG,394720,12/6/2022,M/S HOTEL LAKE VIEW,"Plot No. 4, Giri Nagar, Saputara, Plot No. 4, Saputara, Saputara","[{""NIC5DigitId"":""55101"",""Description"":""Hotels and Motels, inns, resorts providing short term lodging facilities; includes accommodation in house boats""}]"
24,GUJARAT,444,DANG,394710,28/11/2022,masroom farmar,"dhavlidod, uplufadiyu, dhavlidod, dhavlidod, ahwa, dhavlidod","[{""NIC5DigitId"":""10799"",""Description"":""Other semi-processed, processed or instant foods n.e.c. except farinaceous products and malted foods and manufacturing activities like manufacture of egg powder, sambar powder etc. (this excludes the activities covered under 10619)""}]"
24,GUJARAT,444,DANG,394710,16/02/2023,CHASKA,"PAWAR COMPLEX, SARDAR BAZAR MAIN ROAD AHWA, MAIN ROAD, PAWAR COMPLEX, AHWA, AHWA","[{""NIC5DigitId"":""56291"",""Description"":""Activities of food service contractors (e.g. for transportation companies)""}]"
24,GUJARAT,444,DANG,394716,21/10/2022,GAVLI PANDURANGBHAI VADANBHAI,"0, 0, PATELFALIYU BAZAR PATI NI SAME, 0, 0, DANG","[{""NIC5DigitId"":""47110"",""Description"":""Retail sale in non-specialized stores with food, beverages or tobacco predominating""},{""NIC5DigitId"":""47613"",""Description"":""Retail sale of stationery office supplies such as pens, pencils, paper etc.""}]"
24,GUJARAT,444,DANG,394710,16/08/2020,Sai Samarth auto  garage,"01, Narendrabhai kishanbhai chaudahari, Navapur road, 01, 01, Ahwa","[{""NIC5DigitId"":""33150"",""Description"":""Repair of transport equipment, except motor vehicles""}]"
24,GUJARAT,444,DANG,394710,4/3/2024,SMT KALPNABEN GULABBHAI GANGURDE,"AT BIJURPADA, POST KHAMBHLA, BIJURPADA, AT BIJURPADA, BIJURPADA, AHWA","[{""NIC5DigitId"":""47211"",""Description"":""Retail sale of cereals and pulses, tea, coffee, spices and flour""}]"
24,GUJARAT,444,DANG,394710,13/02/2024,RAIESHAHMED MOHAMEDSAFI SHAIKH,"SAI SAGAR SOCIETY, SAI SAGAR SOCIETY, AHWA, SAI SAGAR SOCIETY, AHWA, AHWA","[{""NIC5DigitId"":""47190"",""Description"":""Other retail sale in non-specialized stores""}]"
24,GUJARAT,444,DANG,394710,16/01/2024,NTFP-1 unit Divantemrun,"School faliyu, Divantemrun, Divantemrun, School faliyu, Ahwa, Ahwa","[{""NIC5DigitId"":""21001"",""Description"":""Manufacture of medicinal substances used in the manufacture of pharmaceuticals: antibiotics, endocrine products, basic vitamins; opium derivatives; sulpha drugs; serums and plasmas; salicylic acid, its salts and esters; glycosides and vegetable alkaloids; chemically pure suger etc.""}]"
24,GUJARAT,444,DANG,394730,6/2/2024,manisha beauty parlour,"sakarpatal, sakarpatal, saputara road, sakarpatal, waghai, sakarpatal","[{""NIC5DigitId"":""43900"",""Description"":""Other specialized construction activities""}]"
24,GUJARAT,444,DANG,394730,6/2/2024,Bhoomi ladies tailoring,"naka faliyu, nadagchond, samgahan road, naka faliyu, waghai, nadagchond","[{""NIC5DigitId"":""14101"",""Description"":""Manufacture of all types of textile garments and clothing accessories""}]"
24,GUJARAT,444,DANG,394716,26/02/2024,Amita tailor,"mandir faliyu, subir, ahwa navapur road, mandir faliyu, subir, subir","[{""NIC5DigitId"":""14105"",""Description"":""Custom tailoring""}]"
24,GUJARAT,444,DANG,394710,2/1/2024,Agripreneurship unit,"Uplu faliyu, Jamlapad, Jamlapada, Uplu faliyu, Ahwa, Jamlapada","[{""NIC5DigitId"":""10719"",""Description"":""Manufacture of other bakery products n.e.c.""}]"
24,GUJARAT,444,DANG,394710,2/1/2024,RANJAN LADIES TAILOR & SHIVAN CLASSES,"DEVALPADA AHWA, DEVALPADA AHWA TA AHWA DIST DANG, DEVALPADA ROAD, DEVALPADA AHWA, AHWA, AHWA","[{""NIC5DigitId"":""74101"",""Description"":""Fashion design related to textiles, wearing apparel, shoes, jewelry, furniture and other fashion goods as well as other personal or household goods""}]"
24,GUJARAT,444,DANG,394710,4/3/2024,SMT RANJANABEN GANESHBHAI PALAVA,"KOTBA, KOTBA, KARBARI FALIYU, KOTBA, KOTBA, AHWA","[{""NIC5DigitId"":""10509"",""Description"":""Manufacture of other dairy products n.e.c.""}]"
24,GUJARAT,444,DANG,394710,15/04/2021,RAKESHBHAI KALUBHAI GAVIT,"GADHAVI, JAMALPADA, AHWA, GADHAVI, AHWA, AHWA","[{""NIC5DigitId"":""96091"",""Description"":""Social activities such as escort services, marriage bureaus""}]"
24,GUJARAT,444,DANG,394716,31/12/2020,SHANDHYA SAKHIMANDAL,"42, CHAUDHARI, CHIKHALI, 42, SUBIR, LAVACHALI","[{""NIC5DigitId"":""56292"",""Description"":""Operation of canteens or (e.g. for factories, offices, hospitals or schools) on a concession basis""}]"
24,GUJARAT,444,DANG,394716,27/11/2022,DHARMENDRA TRANSPORT,"-, BAZAR FALIYU, BAZAR FALIYU, -, -, AHWA","[{""NIC5DigitId"":""47219"",""Description"":""Retail sale of other food products n.e.c.""}]"
24,GUJARAT,444,DANG,394710,27/02/2023,KITCHWORLD,"13, SARDAR COLONY, SARDAR COLONY, 13, AHWA, AHWA","[{""NIC5DigitId"":""47190"",""Description"":""Other retail sale in non-specialized stores""}]"
24,GUJARAT,444,DANG,394710,23/11/2022,SILASHBHAI PURUSHOTTAMBHAI JADAV,"0, DUNGRI FALIYU, DUNGRI FALIYU, 0, 0, THE DANGS","[{""NIC5DigitId"":""49231"",""Description"":""Motorised road freight transport""}]"
24,GUJARAT,444,DANG,394650,21/12/2023,CHETANKUMAR RAJNARAYAN RAY,"FLAT NO 401, NAKSHTRA HEIGHTS, RAILWAY STATION, FLAT NO 401, 00, VYARA","[{""NIC5DigitId"":""10308"",""Description"":""Manufacture of potato flour & meals and prepared meals of vegetables""}]"
24,GUJARAT,444,DANG,394170,18/04/2023,MANJULABEN RAMUBHAI BAGUL,"UPALU FALIYU, DHAVLIDOD, DHAVLIDHOD, UPALU FALIYU, THE DANG, DHAVLIDHOD","[{""NIC5DigitId"":""47110"",""Description"":""Retail sale in non-specialized stores with food, beverages or tobacco predominating""}]"
24,GUJARAT,444,DANG,394730,6/2/2024,Chandrakala Handpump Repering,"shamghan, shamghan, shamghan, shamghan, ahwa, ahwa","[{""NIC5DigitId"":""28131"",""Description"":""Manufacture of hand pumps""}]"
24,GUJARAT,444,DANG,394710,2/1/2024,Arti-1 Ecotourism Unit,"Lashkariya, Lashkariya, Lashkariya, Lashkariya, Ahwa, Ahwa","[{""NIC5DigitId"":""93290"",""Description"":""Other amusement and recreation activities n.e.c.""}]"
24,GUJARAT,444,DANG,394716,22/04/2022,Nirav Digital service,"155, Shop, Main Road, 155, Near School, Subir","[{""NIC5DigitId"":""62099"",""Description"":""Other information technology and computer service activities n.e.c""}]"
24,GUJARAT,444,DANG,394710,27/11/2020,MATIKAM. & K.M.P BRICKS,"25, MichapadaMichapada, Michapada, 25, 25, Ahwa","[{""NIC5DigitId"":""23921"",""Description"":""Manufacture of bricks""}]"
24,GUJARAT,444,DANG,394715,20/02/2024,SOMABHAI NICHHABHAI GAVIT,"0, 0, MAIN ROAD, 0, 0, THE DANGS","[{""NIC5DigitId"":""47110"",""Description"":""Retail sale in non-specialized stores with food, beverages or tobacco predominating""}]"
24,GUJARAT,444,DANG,394710,8/2/2024,BEAUTY PARLOUR,"48, SAPUTARA CHAR RASTA AHWA, SAPUTARA CHAR RASTA AHWA, 48, 48, AHWA","[{""NIC5DigitId"":""96020"",""Description"":""Hairdressing and other beauty treatment""}]"
24,GUJARAT,444,DANG,394710,13/01/2024,SAI SHIDDHI CONSTRUCTION,"0, SAI SHIDDHI CONSTRUCTION, MAIN ROAD OPP SARDAR MARKET, 0, 0, DANG","[{""NIC5DigitId"":""41001"",""Description"":""Construction of buildings carried out on own-account basis or on a fee or contract basis""}]"
24,GUJARAT,444,DANG,394730,17/06/2024,SAI PAN AND COLDRINKS GENERAL STORE,"SAI PAN AND COLDDRIN, SAMGAHAN, MAIN ROAD SAMGAHAN, SAI PAN AND COLDDRIN, AHWA, SAPUTARA","[{""NIC5DigitId"":""47230"",""Description"":""Retail sale of tobacco products in specialized stores""},{""NIC5DigitId"":""52101"",""Description"":""Warehousing of refrigerated (cold storage)""}]"
24,GUJARAT,444,DANG,394715,13/11/2023,Mahala Bhavanaben Dineshbhai,"201, Nadagkhadi, Pimpri to Ahwa Main Road, 201, 1, Ahwa","[{""NIC5DigitId"":""96092"",""Description"":""Pet care services such as boarding, grooming and training pets etc.""}]"
24,GUJARAT,444,DANG,394710,25/01/2024,AGB PREMIUM COLLECTION,"503, AGB BUILDING, Nashik road, 503, Ahwa, The dangs","[{""NIC5DigitId"":""13991"",""Description"":""Embroidery work and making of laces and fringes""}]"
24,GUJARAT,444,DANG,394710,2/2/2024,Sahayog Xerox,"D- 258, Mission pada, Mission pada, D- 258, D- 258, Ahwa","[{""NIC5DigitId"":""96098"",""Description"":""General household maintenance activities like grooming of the floor, dusting, cleaning of utensils etc.""}]"
24,GUJARAT,444,DANG,394715,22/06/2024,SACHIN TRANSPORT,"-, VACHLU FALIYU, PO PIMPARI, -, -, AHWA","[{""NIC5DigitId"":""49110"",""Description"":""Passenger rail transport""}]"
24,GUJARAT,444,DANG,394710,15/05/2024,Shivaji transport,"-, At post jakhana, Ahwa, -, -, Ahwa","[{""NIC5DigitId"":""49212"",""Description"":""Urban or suburban tramways""}]"
24,GUJARAT,444,DANG,394730,24/05/2024,UDAY WELDING WORKSHOP,"UDAY WELDING, WELDING WORKSHOP, NEAR AMBIKA HOTEL,JAMNYAMAL, UDAY WELDING, TA.AHWA, SAPUTARA","[{""NIC5DigitId"":""27102"",""Description"":""Manufacture of electric power distribution transformers, arc-welding transformers, fluorescent ballasts, transmission and distribution voltage regulators""},{""NIC5DigitId"":""33111"",""Description"":""Repair and maintenance of structural products""}]"
24,GUJARAT,444,DANG,394730,21/11/2023,YASH MOBILE & ELECTRONICS,"0, 0, MANI BAZAR, 0, 0, WAGHAI","[{""NIC5DigitId"":""47599"",""Description"":""Retail sale of other household appliances n.e.c. ( security systems, such as locking devices, safes, and vaults, without installation or maintenance services etc. , wooden, cork and wickerwork goods, sewing and knitting machine and other household utensils and durables n.e.c.)""}]"
24,GUJARAT,444,DANG,394730,13/03/2024,Palva enterprise,"3, Laxmanbhai, Upalu faliya, 3, 111, Gundvhal","[{""NIC5DigitId"":""10801"",""Description"":""Manufacture of cattle feed""}]"
24,GUJARAT,444,DANG,394715,29/08/2023,RAN & SP JCB,"199, NISHAL FALIYU, VYARA, 199, TA- VAGHAI, VYARA","[{""NIC5DigitId"":""49231"",""Description"":""Motorised road freight transport""}]"
24,GUJARAT,444,DANG,394230,4/2/2024,RK STEEL FEBRICASTION,"shop no 133, afsar sheik, dhrupark residency near eklera, shop no 133, 4, surat","[{""NIC5DigitId"":""96098"",""Description"":""General household maintenance activities like grooming of the floor, dusting, cleaning of utensils etc.""}]"
24,GUJARAT,444,DANG,394710,30/01/2024,GAUTAM ELECTRONICS,"01, AHWA MAIN ROAD NEAR BY BUS STOP, MAIN ROAD, 01, 02, AHWA","[{""NIC5DigitId"":""47990"",""Description"":""Other retail sale not in stores, stalls or markets""}]"
24,GUJARAT,444,DANG,394710,13/03/2023,Arti Construction,"01, Rani Faliu, Ahwa, Rani Faliu, 01, 0, Ahwa","[{""NIC5DigitId"":""42909"",""Description"":""Other civil engineering projects n.e.c.""}]"
24,GUJARAT,444,DANG,394716,9/2/2024,jashvantbhai,"zaran, zaran, subir navapur road, zaran, subir, zaran","[{""NIC5DigitId"":""14105"",""Description"":""Custom tailoring""}]"
24,GUJARAT,444,DANG,394710,23/01/2023,SHEWALE BHIKHUBHAI GOPALBHAI,"02, AHWA MISSION COLONY, AHWA, 02, 0, AHWA","[{""NIC5DigitId"":""82191"",""Description"":""Photocopying, duplicating and bluprinting services""}]"
24,GUJARAT,444,DANG,394715,16/10/2022,CUSTOMER SERVICE POINT,"AT PIMPARI, AT PIMPARI, MAIN ROAD, AT PIMPARI, PIMPARI, TA AHWA","[{""NIC5DigitId"":""82990"",""Description"":""Other business support service activities n.e.c.""}]"
24,GUJARAT,444,DANG,394716,16/02/2022,MAA SHAKTI ONLINE SERVICE CENTER,"At. Gurudiya, Po. Pipaldahad, Gurudiya, At. Gurudiya, Ta. Subir, AHWA","[{""NIC5DigitId"":""47599"",""Description"":""Retail sale of other household appliances n.e.c. ( security systems, such as locking devices, safes, and vaults, without installation or maintenance services etc. , wooden, cork and wickerwork goods, sewing and knitting machine and other household utensils and durables n.e.c.)""},{""NIC5DigitId"":""63992"",""Description"":""Activities of cyber café""},{""NIC5DigitId"":""82191"",""Description"":""Photocopying, duplicating and bluprinting services""}]"
24,GUJARAT,444,DANG,394730,13/06/2024,SHREE AMBIKA CONSTRUCTION AND CARTIN,"AMBAPADA, AMBAPADA, AMBAPADA, AMBAPADA, WAGHAI, WAGHAI","[{""NIC5DigitId"":""41002"",""Description"":""Activities relating to alteration, addition, repair, maintenance carried out on own-account basis or on a fee or contract basis""}]"
24,GUJARAT,444,DANG,394710,7/6/2024,JASHVANTBHAI B MORE,"0, JASHVANTBHAI B MORE, DUNGARI FALIYU, 0, 0, DANG","[{""NIC5DigitId"":""47613"",""Description"":""Retail sale of stationery office supplies such as pens, pencils, paper etc.""},{""NIC5DigitId"":""81210"",""Description"":""General cleaning of buildings""}]"
24,GUJARAT,444,DANG,394730,11/6/2024,Jerin mobile shop,"Shop 02, Taluka panchayat pase, Zaveda road, Shop 02, B, Waghai","[{""NIC5DigitId"":""47740"",""Description"":""Retail sale of second-hand goods""}]"
24,GUJARAT,444,DANG,394716,24/06/2022,Cyber cafe,"137, Gavhan, Nishal Faliyu, 137, Subir, Ahwa","[{""NIC5DigitId"":""66220"",""Description"":""Activities of insurance agents and brokers""}]"
24,GUJARAT,444,DANG,394720,24/06/2022,SHIV SHAKTI VASTU BHANDAR,"1, SHIV SHAKTI VASTU BHANDAR, SAPUTARA, 1, NEAR HANUMAN MANDIR, AHWA","[{""NIC5DigitId"":""46909"",""Description"":""Other non-specialised wholesale trade n.e.c.""}]"
24,GUJARAT,444,DANG,394716,21/12/2021,MAHENDRABHAI SHANTARAMBHAI PAWAR,"01, AT POST NISHAL FALIYA GHUBADIYA, NISHAL FALIYA GHUBADIYA, 01, SUBIR, AHWA","[{""NIC5DigitId"":""01639"",""Description"":""Other post harvest crop activities, n.e.c.""}]"
24,GUJARAT,444,DANG,394710,18/03/2024,SHRI ASHISHBHAI CHANDUBHAI KONKANI,"VERIOUS COLONY AHWA, VERIOUS COLONY, NEAR PETROL PAMP, VERIOUS COLONY AHWA, AHWA, AHWA","[{""NIC5DigitId"":""47190"",""Description"":""Other retail sale in non-specialized stores""}]"
24,GUJARAT,444,DANG,394720,4/7/2024,Amrut Milk Supplier,"Ganesh Niwas, Ganesh Niwas, Girinagar, Ganesh Niwas, Saputara, Saputara","[{""NIC5DigitId"":""46302"",""Description"":""Wholesale of raw milk & dairy products""}]"
24,GUJARAT,444,DANG,394710,17/01/2024,Krishna NTFP-2,"Anganvadi Faliya, Jamlapada, Jamlapada, Anganvadi Faliya, Ahwa, Ahwa","[{""NIC5DigitId"":""21001"",""Description"":""Manufacture of medicinal substances used in the manufacture of pharmaceuticals: antibiotics, endocrine products, basic vitamins; opium derivatives; sulpha drugs; serums and plasmas; salicylic acid, its salts and esters; glycosides and vegetable alkaloids; chemically pure suger etc.""}]"
24,GUJARAT,444,DANG,394730,19/02/2024,Lucky Traders,"Pramukh Swami Nagar, Lucky Traders, Nivasi Sala Road, Pramukh Swami Nagar, Waghai, Waghai","[{""NIC5DigitId"":""46304"",""Description"":""Wholesale of confectionery, bakery products and beverages other than intoxicants""}]"
24,GUJARAT,444,DANG,394716,6/1/2022,Raut Nileshbhai Chaganbhai,"1, Biliamba, Biliamba, 1, Biliamba, Subir","[{""NIC5DigitId"":""56291"",""Description"":""Activities of food service contractors (e.g. for transportation companies)""}]"
24,GUJARAT,444,DANG,394710,26/06/2024,Raj Traders,"Vakil Colony, Ahwa, Vishwakarma, B/h S T Depot, Vakil Colony, Ahwa, 178, Ahwa","[{""NIC5DigitId"":""47810"",""Description"":""Retail sale via stalls and markets of food, beverages and tobacco products""}]"
24,GUJARAT,444,DANG,394715,13/05/2024,JITENDRABHAI DAMUBHAI,"00, JITENDRABHAI, MAIN ROAD, 00, 00, THE DANGS","[{""NIC5DigitId"":""96093"",""Description"":""Shoe shiners, porters, valet car parkers etc.""}]"
24,GUJARAT,444,DANG,394730,25/07/2020,Ruba Brothers,"Opp. Petrol Pump, Main Bazzar, Main Road, Opp. Petrol Pump, Waghai, Waghai","[{""NIC5DigitId"":""62012"",""Description"":""Web-page designing""},{""NIC5DigitId"":""17093"",""Description"":""Manufacture of printing, writing and photocopying paper ready for use""},{""NIC5DigitId"":""17095"",""Description"":""Manufacture of file cover\/file boards, and similar articles.""},{""NIC5DigitId"":""18112"",""Description"":""Printing of magazines and other periodicals, books and brochures, maps, atlases, posters etc.""},{""NIC5DigitId"":""18121"",""Description"":""Book and other similar sheet binding on account of others""}]"
24,GUJARAT,444,DANG,394730,13/02/2024,KEDARNATH ALOO PURI AND NASTA CENTER,"WAGHAI, KEDARNATH ALOO PURI AND NASTA CENTER, WAGHAI CHAR RASTA, AHWA ROAD, WAGHAI, WAGHAI, WAGHAI","[{""NIC5DigitId"":""10301"",""Description"":""Sun-drying of fruit and vegetables""}]"
24,GUJARAT,444,DANG,394720,27/10/2023,PUROHIT UPHARGRUH,"PUROHIT UPHAR GRUH, SAPUTARA, GSRTC BUS STAND, PUROHIT UPHAR GRUH, AHWA, SAPUTARA","[{""NIC5DigitId"":""56101"",""Description"":""Restaurants without bars""}]"
24,GUJARAT,444,DANG,394716,14/12/2023,Hari om kirana store,"shop, Hari om kirana shop, Bazar faliyu, shop, subir, Dang","[{""NIC5DigitId"":""47110"",""Description"":""Retail sale in non-specialized stores with food, beverages or tobacco predominating""}]"
24,GUJARAT,444,DANG,394710,27/10/2023,Khandavi Udaybhai Sureshbhai,"61, Chikatiya, Pimpri to Ahwa Main Road, 61, 1, Ahwa","[{""NIC5DigitId"":""56291"",""Description"":""Activities of food service contractors (e.g. for transportation companies)""}]"
24,GUJARAT,444,DANG,394730,20/10/2023,ARVINDBHAI MANUBHAI VAGHARI,"0, 0, MAINROAD, 0, 0, THE DANGS","[{""NIC5DigitId"":""47212"",""Description"":""Retail sale of fresh or preserved fruit and vegetables""}]"
24,GUJARAT,444,DANG,394710,17/01/2024,Lalit Rajendra nerkar,"Main Bajar, Main Bajar, Main Bajar Ahwa Dang, Main Bajar, Dang, Ahwa","[{""NIC5DigitId"":""32909"",""Description"":""Manufacture of other articles n.e.c.""}]"
24,GUJARAT,444,DANG,394710,5/3/2024,GAYKAWAD SITABEN HARESHBHAI,"KOTBA, KOTBA, MAIN ROAD KOTBA, KOTBA, AHWA, KOTBA","[{""NIC5DigitId"":""75000"",""Description"":""Veterinary activities""}]"
24,GUJARAT,444,DANG,394710,22/02/2024,PUSHPABEN DHANSHUKHBHAI DHIMAR,"KHETI VADI COLONY, AHWA KHETIVADI COLONY AHWA, AHWA KHETIVADI COLONY AHWA, KHETI VADI COLONY, AHWA, AHWA","[{""NIC5DigitId"":""47211"",""Description"":""Retail sale of cereals and pulses, tea, coffee, spices and flour""}]"
24,GUJARAT,444,DANG,394710,1/9/2022,VASANTBHAI SADUBHAI BHOYE,"0, 0, MAIN ROAD, 0, 0, AHWA","[{""NIC5DigitId"":""74209"",""Description"":""Other photographic activities""}]"
24,GUJARAT,444,DANG,394710,25/10/2022,ARUNABEN,"NEAR CIVIL HOSPITAL, NEAR CIVIL HOSPITAL AHWA, NEAR CIVIL HOSPITAL AHWA, NEAR CIVIL HOSPITAL, AHWA, AHWA","[{""NIC5DigitId"":""36000"",""Description"":""Water collection, treatment and supply""}]"
24,GUJARAT,444,DANG,394716,31/12/2023,PAWAR GANESHBHAI KASUBHAI,"1, PAWAR KASUBHAI, SAVARDA KASAD, 1, MAHAL, SUBIR","[{""NIC5DigitId"":""10612"",""Description"":""Rice milling""}]"
24,GUJARAT,444,DANG,394710,20/01/2022,VIKASHBHAI BAJIYABHAI VALVI,"01, AT POST KHARBHARI FALIYU GARAKHADI, KHARBHARI FALIYU GARAKHADI, 01, SUBIR, AHWA","[{""NIC5DigitId"":""01639"",""Description"":""Other post harvest crop activities, n.e.c.""}]"
24,GUJARAT,444,DANG,394716,30/08/2023,PAWAR TRANSPORT,"-, SUBIR, LAVCHALI, -, -, SUBIR","[{""NIC5DigitId"":""49231"",""Description"":""Motorised road freight transport""}]"
24,GUJARAT,444,DANG,394710,21/06/2023,VEER GENERAL STORE,"Galkund, Veer general store, Galkund, Galkund, Galkund, Ahwa","[{""NIC5DigitId"":""47613"",""Description"":""Retail sale of stationery office supplies such as pens, pencils, paper etc.""}]"
24,GUJARAT,444,DANG,394710,17/06/2023,H.K.GAVALI,"0, SHRI RAM NIVAS SIXAN COLONY, AHWA, 0, 0, AHWA","[{""NIC5DigitId"":""42903"",""Description"":""Construction of dams etc.""},{""NIC5DigitId"":""41001"",""Description"":""Construction of buildings carried out on own-account basis or on a fee or contract basis""}]"
24,GUJARAT,444,DANG,394710,9/2/2024,YAARI DOSTI HAIR CUTTING,"NICHALU FALIYU, PANDVA, NICHALU FALIYU, NICHALU FALIYU, AHWA, PANDVA","[{""NIC5DigitId"":""96095"",""Description"":""Activities of sauna and steam baths, massage salons etc.""}]"
24,GUJARAT,444,DANG,394730,9/5/2023,DHANANI AUTO CONSULT,"NEAR CHAR RASTA, WAGHAI, WAGHAI, NEAR CHAR RASTA, WAGHAI, WAGHAI","[{""NIC5DigitId"":""77100"",""Description"":""Renting and leasing of motor vehicles""}]"
24,GUJARAT,444,DANG,394730,13/02/2024,VANSH BAMBOO ARTIST,"UPALU FALIYU, AMBAPADA, UPALU FALIYU, UPALU FALIYU, WAGHAI, AMBAPADA","[{""NIC5DigitId"":""16239"",""Description"":""Manufacture of other wooden containers and products entirely or mainly of cane, rattan, bamboo, willow, fibre, leaves and grass n.e.c.""}]"
24,GUJARAT,444,DANG,394710,15/05/2024,MAYURIBEN ARVINDBHAI MISTRY,"MISSION COLONY, SARDAR SCHOOL NI PASE, AHWA, MISSION COLONY, AHWA, AHWA","[{""NIC5DigitId"":""96095"",""Description"":""Activities of sauna and steam baths, massage salons etc.""}]"
24,GUJARAT,444,DANG,394730,13/02/2024,Electrician,"Mandir faliyu, Vanzatamba, Zavda to vanzatamba road, Mandir faliyu, Waghai, Waghai","[{""NIC5DigitId"":""27103"",""Description"":""Manufacture of electric motors (except internal combustion engine starting motors)""}]"
24,GUJARAT,444,DANG,394720,15/05/2024,VEG SUNWAY RESTAURANT,"175,OLD SR 97, -, MALEGAM,AT AND POST MALEGAM, 175,OLD SR 97, 175, DANG","[{""NIC5DigitId"":""56101"",""Description"":""Restaurants without bars""}]"
24,GUJARAT,444,DANG,394715,17/01/2024,SHRI HASMUKHBHAI RANGUBHAI BAGUL,"1, NISHAL FALIYU, NISHAL FALIYU, 1, SCHOOL, KALIBEL","[{""NIC5DigitId"":""46301"",""Description"":""Wholesale of fruits & vegetables""}]"
24,GUJARAT,444,DANG,394710,29/03/2022,GAJANAN CONSTRUCTION,"01, AT POST  BHISYA GONDALVIHIR, BHISYA GONDALVIHIR, 01, AHWA, AHWA","[{""NIC5DigitId"":""68200"",""Description"":""Real estate activities on a fee or contract basis""}]"
24,GUJARAT,444,DANG,394720,9/3/2023,DSJ CONSTRUCTION,"NAVAGAM FALIYU, SAPUTARA, SAPUTARA ROAD, NAVAGAM FALIYU, TA AHWA, SAPUTARA","[{""NIC5DigitId"":""42209"",""Description"":""Construction of utility projects n.e.c.""},{""NIC5DigitId"":""41003"",""Description"":""Assembly and erection of prefabricated constructions on the site""}]"
24,GUJARAT,444,DANG,394710,24/05/2022,NEW GAYATRI MOBILE,"1, JAY AMBE, MAIN ROAD, 1, 1, AHWA","[{""NIC5DigitId"":""47414"",""Description"":""Retail sale of telecommunication equipment""}]"
24,GUJARAT,444,DANG,394710,1/2/2023,RAVAL ENTERPRISES,"NAVAPUR ROAD, SUNDRAM, AHWA, NAVAPUR ROAD, AHWA, AHWA","[{""NIC5DigitId"":""61900"",""Description"":""Other telecommunications activities""}]"
24,GUJARAT,444,DANG,394730,22/11/2021,RAMAJBHAI BHAYJUBHAI DHUM,"28, AT POST PATEL FALIYU BORIGAVTHA, PATEL FALIYU BORIGAVTH, 28, WAGHAI, AHWA","[{""NIC5DigitId"":""01639"",""Description"":""Other post harvest crop activities, n.e.c.""}]"
24,GUJARAT,444,DANG,394710,20/07/2022,HEMANTBHAI VANKARBHAI BAGUL,"VILLAGE GADAD, GADAD, VILLAGE GADAD, VILLAGE GADAD, AHWA, AHWA","[{""NIC5DigitId"":""47613"",""Description"":""Retail sale of stationery office supplies such as pens, pencils, paper etc.""}]"
24,GUJARAT,444,DANG,394730,22/07/2022,HISPEED XEROX COMPUTER SERVICES AND STATIONERY,"9, Sardar Bajar Waghai, Chaar Rasta, Wagahi, 9, Waghai, Waghai","[{""NIC5DigitId"":""47613"",""Description"":""Retail sale of stationery office supplies such as pens, pencils, paper etc.""},{""NIC5DigitId"":""82191"",""Description"":""Photocopying, duplicating and bluprinting services""},{""NIC5DigitId"":""95111"",""Description"":""Repair and maintenance of computer and peripheral equipment""}]"
24,GUJARAT,444,DANG,394710,24/09/2022,LAXMI XEROX CENTER,"136/1, PATEL PADA, MAIN ROAD, 136/1, 3, AHWA","[{""NIC5DigitId"":""47613"",""Description"":""Retail sale of stationery office supplies such as pens, pencils, paper etc.""},{""NIC5DigitId"":""82199"",""Description"":""Other specialised office support services activities""}]"
24,GUJARAT,444,DANG,394710,21/07/2022,BAMBOO HANDICRAFTS,"AMBAPADA AHWA, AMBAPADA AHWA, AMBAPADA ROAD, AMBAPADA AHWA, AHWA, AHWA","[{""NIC5DigitId"":""16212"",""Description"":""Manufacture of particle board and fibreboard including densified wood""}]"
24,GUJARAT,444,DANG,394730,26/05/2023,AHIR TRANSPORT,"9/71, BHARVAD FALIYU, NR TEMPLE, 9/71, -, WAGHAI","[{""NIC5DigitId"":""49231"",""Description"":""Motorised road freight transport""}]"
24,GUJARAT,444,DANG,394730,7/8/2023,VRUNDAVAN DAIRY & MITHAI,"NEAR AMBAMATA MANDIR, AT PO WAGHAI, DANG, NEAR AMBAMATA MANDIR, WAGHAI, DANG","[{""NIC5DigitId"":""10509"",""Description"":""Manufacture of other dairy products n.e.c.""}]"
24,GUJARAT,444,DANG,394710,22/07/2022,DHIRUBHAI WHOLESELLER,"295/1, MARUTI COLONY, PATELPADA, 295/1, 295/1, AHWA","[{""NIC5DigitId"":""46301"",""Description"":""Wholesale of fruits & vegetables""}]"
24,GUJARAT,444,DANG,394720,29/12/2021,Amrut handicraft,"01, 01 new shoping center shop no B-1 Saputara, 01 new shoping center shop no, 01, 01, saputara","[{""NIC5DigitId"":""47640"",""Description"":""Retail sale of games and toys in specialized stores""}]"
24,GUJARAT,444,DANG,394730,18/01/2023,SAI CAR DECORE & DJ ACCESIORIES,"001, WAGHAI NAKA FALIYU, NAKA FALIYU, 001, WAGHAI, WAGHAI","[{""NIC5DigitId"":""47420"",""Description"":""Retail sale of audio and video equipment in specialized stores""}]"
24,GUJARAT,444,DANG,394730,31/08/2022,M/S GOLDEN ENTERPRISE,"OPP. TALUKA SEVASADA, M/S GOLDEN ENTERPRISE, BHENSKARTI ROAD, OPP. TALUKA SEVASADA, WAGHAI, WAGHAI","[{""NIC5DigitId"":""47222"",""Description"":""Retail sale of non-alcoholic beverages including icecream not for consumption on the premises""}]"
24,GUJARAT,444,DANG,394730,11/9/2023,HARSHIT BAKERS,"-, GHODA FALIYU, BHADARPADA, -, -, DANG","[{""NIC5DigitId"":""10719"",""Description"":""Manufacture of other bakery products n.e.c.""}]"
24,GUJARAT,444,DANG,394710,17/10/2023,P A CONSTRUCTION,"Ahwa, Kalamvihir, Ahwa, Ahwa, Kalamvihir, AHWA","[{""NIC5DigitId"":""41002"",""Description"":""Activities relating to alteration, addition, repair, maintenance carried out on own-account basis or on a fee or contract basis""}]"
24,GUJARAT,444,DANG,394710,14/06/2022,SHRI MOHANBHAI VARDAJIBHAI MENA,"0, 0, MAIN ROAD, 0, 0, SAPUTARA","[{""NIC5DigitId"":""56302"",""Description"":""Tea\/coffee shops""}]"
24,GUJARAT,444,DANG,394710,11/5/2023,SACHINBHAI SONUBHAI JADAV,"0, 0, MAIN ROAD, 0, 0, THE DANGS","[{""NIC5DigitId"":""49231"",""Description"":""Motorised road freight transport""}]"
24,GUJARAT,444,DANG,394715,10/11/2021,PRIYANKA CONSTRUCTION,"0, AT POST BARDIPADA, SAJUPADA, 0, TAL: SUBIR, DANG","[{""NIC5DigitId"":""41001"",""Description"":""Construction of buildings carried out on own-account basis or on a fee or contract basis""}]"
24,GUJARAT,444,DANG,394710,12/5/2023,Aric General Store,"55, Aric General Store, Kumbhipada, 55, 0, Ahwa","[{""NIC5DigitId"":""96098"",""Description"":""General household maintenance activities like grooming of the floor, dusting, cleaning of utensils etc.""}]"
24,GUJARAT,444,DANG,394715,15/03/2023,SANATBHAI TRANSPORTATION,"-, BANDHPADA, NR BRIDGE, -, -, WAGHAI","[{""NIC5DigitId"":""49231"",""Description"":""Motorised road freight transport""}]"
24,GUJARAT,444,DANG,394730,6/1/2022,Ishvarbhai vaghari,"95, Bharvad faliyu, Waghai to vyara, 95, B, Waghai","[{""NIC5DigitId"":""49223"",""Description"":""Rental of private cars with driver""}]"
24,GUJARAT,444,DANG,394710,26/06/2023,CHIRAG ENTERPRISE,"62, JUNER, PIPALDAHAD, 62, -, AHWA","[{""NIC5DigitId"":""78100"",""Description"":""Activities of employment placement agencies""}]"
24,GUJARAT,444,DANG,394716,12/5/2023,MAHENDRA TRANSPORT,"-, NISHAL FALIYU, AHWA, -, -, AHWA","[{""NIC5DigitId"":""49110"",""Description"":""Passenger rail transport""}]"
24,GUJARAT,444,DANG,394710,22/03/2022,KALPESHBHAI GANPATBHAI AHIRE,"01, AT POST NANDANPEDA, NANDANPEDA, 01, AHWA, AHWA","[{""NIC5DigitId"":""68200"",""Description"":""Real estate activities on a fee or contract basis""}]"
24,GUJARAT,444,DANG,394710,12/5/2023,General Store,"0, Jiyan General Store, Ahwa Main Road Gavariya, 0, 0, Ahwa","[{""NIC5DigitId"":""96098"",""Description"":""General household maintenance activities like grooming of the floor, dusting, cleaning of utensils etc.""}]"
24,GUJARAT,444,DANG,394715,12/5/2023,Parasubhai Kalubhai Pawar,"1, Gavit, vachalu falyu, 1, 2, Waghai","[{""NIC5DigitId"":""96098"",""Description"":""General household maintenance activities like grooming of the floor, dusting, cleaning of utensils etc.""}]"
24,GUJARAT,444,DANG,394710,11/9/2023,SHIV KARIYANA STORE,"SHIV KARIYANA STORE, AT NADAGKHADI PO PIMPARI, NADAGKHADI, SHIV KARIYANA STORE, 0, NADAGKHADI","[{""NIC5DigitId"":""47211"",""Description"":""Retail sale of cereals and pulses, tea, coffee, spices and flour""},{""NIC5DigitId"":""47214"",""Description"":""Retail sale of bakery products, dairy products and eggs""},{""NIC5DigitId"":""47990"",""Description"":""Other retail sale not in stores, stalls or markets""}]"
24,GUJARAT,444,DANG,394716,13/04/2022,ROSHANI RICE MILL,"31 K, BAJAR FALIYU, BAJAR FALIYU, 31 K, 7, SUBIR","[{""NIC5DigitId"":""10612"",""Description"":""Rice milling""}]"
24,GUJARAT,444,DANG,394730,22/03/2023,USHA TRANSPORT,"-, BHARWAD FALIYU, AMBAMATAJI MANDIR PASE, -, -, WAGHAI","[{""NIC5DigitId"":""49110"",""Description"":""Passenger rail transport""}]"
24,GUJARAT,444,DANG,394710,9/8/2023,HASANBHAI ISMAILBHAI SHEKH,"marirpada ahwa, 0, ahwa, marirpada ahwa, 0, ahwa","[{""NIC5DigitId"":""49231"",""Description"":""Motorised road freight transport""}]"
24,GUJARAT,444,DANG,394730,17/03/2023,JAYVAN  TRANSPORT,"75, SINGAL FALIYU, SINGAL FALIYU, 75, 75, WAGHAI","[{""NIC5DigitId"":""49110"",""Description"":""Passenger rail transport""}]"
24,GUJARAT,444,DANG,394710,18/11/2021,JUBERBHAI SAIYADBHAI VANI,"01, AT POST NANDANPEDA, NANDANPEDA, 01, AHWA, AHWA","[{""NIC5DigitId"":""68200"",""Description"":""Real estate activities on a fee or contract basis""}]"
24,GUJARAT,444,DANG,394730,25/01/2023,PANNABEN RAJESHBHAI PATEL,"AT/POST-WAGHAI, NAKA FALIYA, NEAR RTO CHEK POST, AT/POST-WAGHAI, 00, WAGHAI","[{""NIC5DigitId"":""01639"",""Description"":""Other post harvest crop activities, n.e.c.""}]"
24,GUJARAT,444,DANG,394710,16/03/2022,OMKAR XEROX,"SARDAR BAZAR, OMKAR XEROX SARDAR BAZAR MAIN ROAD AHWA OPP. MAHAD, SARDAR BAZAR MAIN ROAD AHWA, SARDAR BAZAR, AHWA, AHWA","[{""NIC5DigitId"":""62099"",""Description"":""Other information technology and computer service activities n.e.c""},{""NIC5DigitId"":""85109"",""Description"":""Other primary education activities n.e.c.""}]"
24,GUJARAT,444,DANG,394730,18/01/2022,R b sohla,"0 bharwad faliya, Waghai, Bharwad, 0 bharwad faliya, 0, Ahwa","[{""NIC5DigitId"":""96098"",""Description"":""General household maintenance activities like grooming of the floor, dusting, cleaning of utensils etc.""}]"
24,GUJARAT,444,DANG,394710,9/3/2023,AASTHA TRADERS,"AT AND PO AHWA, C/O MAHENDRA G RAWAL, JAWAHAR COLONY, AT AND PO AHWA, AHWA, Dangs","[{""NIC5DigitId"":""47613"",""Description"":""Retail sale of stationery office supplies such as pens, pencils, paper etc.""},{""NIC5DigitId"":""56210"",""Description"":""Event catering""},{""NIC5DigitId"":""78100"",""Description"":""Activities of employment placement agencies""},{""NIC5DigitId"":""43214"",""Description"":""Installation of fire alarm system and burgler alarm system""},{""NIC5DigitId"":""33140"",""Description"":""Repair of electrical equipment""}]"
24,GUJARAT,444,DANG,394730,4/2/2022,SHRI VASANTBHAI PANDUBHAI RAUT,"0, BAS STEN PASE, SAKARPATAL, 0, 0, THE DANGS","[{""NIC5DigitId"":""77100"",""Description"":""Renting and leasing of motor vehicles""}]"
24,GUJARAT,444,DANG,394710,9/6/2022,MOHINIBEN SUNILBHAI KANAT,"127, NILSHAKYA AHWA THE DANGS, ahwa, 127, ahwa, AHWA","[{""NIC5DigitId"":""47190"",""Description"":""Other retail sale in non-specialized stores""}]"
24,GUJARAT,444,DANG,394710,16/11/2022,HAMDAN RITABEN AMINBHAI,"SARDAR MARKET AHWA, SARDAR MARKET AHWA, SARDAR MARKET AHWA, SARDAR MARKET AHWA, AHWA, AHWA","[{""NIC5DigitId"":""32909"",""Description"":""Manufacture of other articles n.e.c.""}]"
24,GUJARAT,444,DANG,394730,21/09/2022,NATIONAL HARDWARE & BUILDING MATERIALS,"HANUMAN FALIYA, NEAR CHAR RASTA, TA. WAGHAI DIST.DANG, HANUMAN FALIYA, WAGHAI VANSDA ROAD, WAGHAI","[{""NIC5DigitId"":""47521"",""Description"":""Retail sale of building material such as bricks, wood, sanitary equipment""}]"
24,GUJARAT,444,DANG,394710,9/3/2023,SANTOSH GENERAL STORE,"BANDHARPADA AHWA, BANDHARPADA MAIN ROAD AHWA, PETROL PUMP BANDHARPADA AHWA, BANDHARPADA AHWA, AHWA, AHWA","[{""NIC5DigitId"":""47110"",""Description"":""Retail sale in non-specialized stores with food, beverages or tobacco predominating""}]"
24,GUJARAT,444,DANG,394710,9/3/2023,MUSKAN POLYMERS,"61, MUSKAN POLYMERS, AHWA DANGS, 61, P W D COLONY, AHWA","[{""NIC5DigitId"":""47613"",""Description"":""Retail sale of stationery office supplies such as pens, pencils, paper etc.""},{""NIC5DigitId"":""56210"",""Description"":""Event catering""},{""NIC5DigitId"":""78100"",""Description"":""Activities of employment placement agencies""},{""NIC5DigitId"":""43214"",""Description"":""Installation of fire alarm system and burgler alarm system""},{""NIC5DigitId"":""33140"",""Description"":""Repair of electrical equipment""}]"
24,GUJARAT,444,DANG,394730,29/05/2022,M/S ARCHNA STEEL AND BUILDING MATERIALS,"11, NAYNESHBHAI MADHUBHAI BHOYE, DODIPADA WAGHAI TA-WAGHAI DIST, 11, DODIPADA, DANGS","[{""NIC5DigitId"":""24319"",""Description"":""Manufacture of other iron and steel casting and products thereof""}]"
24,GUJARAT,444,DANG,394730,4/8/2023,SAKHARAMBHAI BANSYABHAI CHAUDHRI,"00, GHODVAHAL, GHODVAHAL, 00, 00, THE DANGS","[{""NIC5DigitId"":""49231"",""Description"":""Motorised road freight transport""}]"
24,GUJARAT,444,DANG,394716,28/06/2021,Rutanshi computer Academy,"0, NAVJYOT SCHOOL NEAR, shabri dham road, 0, subir, subir","[{""NIC5DigitId"":""62099"",""Description"":""Other information technology and computer service activities n.e.c""}]"
24,GUJARAT,444,DANG,394715,9/2/2023,SHRADDHA  CLINIC,"1-110-2, PIMPARI RAJA FALIYA, WAGHAI ROAD, 1-110-2, PIMPARI, AHWA","[{""NIC5DigitId"":""86100"",""Description"":""Hospital activities""}]"
24,GUJARAT,444,DANG,394715,7/9/2021,SMRUTI MAHEK PRODUCT,"KALIBEL, SMRUTI MAHEK PRODUCT, KALIBEL, KALIBEL, WAGHAI, WAGHAI","[{""NIC5DigitId"":""96091"",""Description"":""Social activities such as escort services, marriage bureaus""},{""NIC5DigitId"":""41002"",""Description"":""Activities relating to alteration, addition, repair, maintenance carried out on own-account basis or on a fee or contract basis""}]"
24,GUJARAT,444,DANG,394710,6/12/2022,PERFECT JEANS TAILOR,"300 MANSIT COMPLEX, MAIN ROAD AHWA, MAIN ROAD AHWA, 300 MANSIT COMPLEX, AHWA, AHWA","[{""NIC5DigitId"":""14105"",""Description"":""Custom tailoring""}]"
24,GUJARAT,444,DANG,394710,17/12/2020,MATIKAM & M.D.P BRICKS,"25, Glakund, Glakund, 25, 25, Ahwa","[{""NIC5DigitId"":""23921"",""Description"":""Manufacture of bricks""}]"
24,GUJARAT,444,DANG,394710,1/11/2022,SURAJ TEA CENTER,"AT KOTBA, KARBHARI FALIYU, KOTBA, AT KOTBA, KOTBA, AHWA","[{""NIC5DigitId"":""56302"",""Description"":""Tea\/coffee shops""}]"
24,GUJARAT,444,DANG,394730,19/01/2023,MISSY COMPUTERS,"SHOP NO 4, MISSY COMPUTERS, OPP INDIAN OIL, SHOP NO 4, MAIN BAZAR, WAGHAI","[{""NIC5DigitId"":""95111"",""Description"":""Repair and maintenance of computer and peripheral equipment""}]"
24,GUJARAT,444,DANG,394715,19/04/2023,Chaudhari Sandipbhai Ishvarbhai,"67, TEKPADA, TEKPADA, 67, 1, WAGHAI","[{""NIC5DigitId"":""41001"",""Description"":""Construction of buildings carried out on own-account basis or on a fee or contract basis""}]"
24,GUJARAT,444,DANG,394715,17/07/2023,HARI OM AGRO CENTER,"PATEL FALIYU, MOKHAMAL, MOKHAMAL, PATEL FALIYU, AHWA, AHWA","[{""NIC5DigitId"":""10612"",""Description"":""Rice milling""}]"
24,GUJARAT,444,DANG,394710,22/09/2022,JALARAM TRADERS,"MAIN ROAD, AHWA, AHWA, MAIN ROAD, AHWA, AHWA","[{""NIC5DigitId"":""47990"",""Description"":""Other retail sale not in stores, stalls or markets""}]"
24,GUJARAT,444,DANG,394710,25/07/2023,KAMDI KARUNABEN DIPAKBHAI,"AHWA, SARDAR BAZAR AHWA, MAIN ROAD SARDAR BAZAR, AHWA, AHWA, AHWA","[{""NIC5DigitId"":""47110"",""Description"":""Retail sale in non-specialized stores with food, beverages or tobacco predominating""}]"
24,GUJARAT,444,DANG,394710,19/06/2023,MAHEBOOB FARUKBHAI BOLYA,"0, 0, patelpada, 0, 0, ahwa","[{""NIC5DigitId"":""49231"",""Description"":""Motorised road freight transport""}]"
24,GUJARAT,444,DANG,394710,12/12/2023,ANJANA TRANSPORT,"-, WANKI, WANKI, -, -, AHWA","[{""NIC5DigitId"":""49110"",""Description"":""Passenger rail transport""}]"
24,GUJARAT,444,DANG,394730,14/02/2024,NEEL ENTERPRISE,"MURAMBI, NEEL ENTERPRISE, MURAMBI, MURAMBI, MURAMBI, MURAMBI","[{""NIC5DigitId"":""17029"",""Description"":""Manufacture of other containers of paper and paperboard n.e.c.""}]"
24,GUJARAT,444,DANG,394730,29/12/2023,HAMJANI ATIFBHAI FAUKBHAI,"main bazar, Waghai, Main bazar road, main bazar, Vaghai, Ahwa the dangs","[{""NIC5DigitId"":""96096"",""Description"":""Astrological and spiritualists’ activities""}]"
24,GUJARAT,444,DANG,394716,9/2/2024,R G HILIM MOBILE SHOPE,"mahal, mahal, mahal bardipada road, mahal, subir, mahal","[{""NIC5DigitId"":""56304"",""Description"":""Mobile beverage vendors""}]"
24,GUJARAT,444,DANG,394715,9/2/2024,pawar auto garage,"bardipada, bardipada, bardipada mahal road, bardipada, subir, bardipadada","[{""NIC5DigitId"":""09101"",""Description"":""Services incidental to off shore oil extraction""}]"
24,GUJARAT,444,DANG,394710,16/10/2023,SHREE BHOMIYAJI AGENCY,"SHIKSHAN COLONY AHWA, AHWA, AHWA, SHIKSHAN COLONY AHWA, AHWA, AHWA","[{""NIC5DigitId"":""87900"",""Description"":""Other residential care activities n.e.c.""}]"
24,GUJARAT,444,DANG,394716,9/2/2024,ridhi  siddhi xerox,"subir, subir, navapur road, subir, subir, subir","[{""NIC5DigitId"":""14104"",""Description"":""Manufacture of wearing apparel made of leather and substitutes of leather""}]"
24,GUJARAT,444,DANG,394716,29/04/2023,RATHOD VEG SUPPLY,"30, RUI PADA, MAHAL, 30, -, AHWA","[{""NIC5DigitId"":""49231"",""Description"":""Motorised road freight transport""}]"
24,GUJARAT,444,DANG,394730,31/05/2021,KINJAL TRADERS,"-, -, SAPUTARA ROAD, -, -, TAL AHWA","[{""NIC5DigitId"":""32909"",""Description"":""Manufacture of other articles n.e.c.""}]"
24,GUJARAT,444,DANG,394710,12/10/2020,Shiv Graphics,"0, Opp. Police Station, Main Road, 0, 0, Ahwa","[{""NIC5DigitId"":""17093"",""Description"":""Manufacture of printing, writing and photocopying paper ready for use""}]"
24,GUJARAT,444,DANG,394730,13/01/2021,JUNGLE CHHAYA MISSION MANGALAM,"41, DAGADPADA, UPALU FALIYU, 41, WAGHAI, WAGHAI","[{""NIC5DigitId"":""96098"",""Description"":""General household maintenance activities like grooming of the floor, dusting, cleaning of utensils etc.""}]"
24,GUJARAT,444,DANG,394710,10/12/2020,S.S.C  BRICKS,"13, Bvandgd, Bvandgd, 13, 13, Ahwa","[{""NIC5DigitId"":""23921"",""Description"":""Manufacture of bricks""}]"
24,GUJARAT,444,DANG,394730,31/03/2022,R M TRADERS,"1, APMC MARKET, OPP BOB, 1, 1, WAGHAI","[{""NIC5DigitId"":""46209"",""Description"":""Whole sale of other agriculture raw materials n.e.c.""}]"
24,GUJARAT,444,DANG,394730,8/5/2023,SAYONAM,"TUSHARBHAI, TUSHARBHAI, BORINAMAL FALIYU, TUSHARBHAI, 0, WAGHAI","[{""NIC5DigitId"":""20121"",""Description"":""Manufacture of urea and other organic fertilizers""}]"
24,GUJARAT,444,DANG,394715,17/05/2021,RAJ CONSTRUCTION,"150, 0, NISHAL FALIYU, 150, 0, SUBIR`","[{""NIC5DigitId"":""42101"",""Description"":""Construction and maintenance of motorways, streets, roads, other vehicular and pedestrian ways, highways, bridges, tunnels and subways""}]"
24,GUJARAT,444,DANG,394710,28/09/2022,HARIOM EMPORIEM,"HARIOM EMPORIEM, HARIOM EMPORIEM, MAIN ROAD, HARIOM EMPORIEM, AHWA, AHWA","[{""NIC5DigitId"":""47190"",""Description"":""Other retail sale in non-specialized stores""}]"
24,GUJARAT,444,DANG,394715,18/11/2022,KUSUMBEN YESHUBHAI BHOYE,"GAURYA, GAURYA, GAURYA, GAURYA, GAURYA, AHWA","[{""NIC5DigitId"":""47190"",""Description"":""Other retail sale in non-specialized stores""}]"
24,GUJARAT,444,DANG,394710,24/06/2022,ADNANBHAI RAEESHBHAI KHATIK,"100, SAINAGAR SOCIETY KABRASTAN, SAINAGAR SOCIETY KABRASTAN, 100, AHWA, AHWA","[{""NIC5DigitId"":""47613"",""Description"":""Retail sale of stationery office supplies such as pens, pencils, paper etc.""}]"
24,GUJARAT,444,DANG,394710,6/9/2020,The People's Humane Society Ahwa,"1st floor, Super Complex, Super Auto, Navapur Road, 1st floor, .., Ahwa","[{""NIC5DigitId"":""84122"",""Description"":""Regulatory agencies relating to education""},{""NIC5DigitId"":""85499"",""Description"":""Other educational services n.e.c.""}]"
24,GUJARAT,444,DANG,394715,7/2/2024,DINESHBHAI MAGANBHAI CHAVDHARI,"113, MASLI, MASLI MAIN ROAD, 113, 2, WAGHAI","[{""NIC5DigitId"":""87900"",""Description"":""Other residential care activities n.e.c.""}]"
24,GUJARAT,444,DANG,394710,25/01/2024,KASHIRAMBHAI MAHARYABHAI SABLE,"MISSIONPADA AHWA, AHWA, AHWA, MISSIONPADA AHWA, AHWA, AHWA","[{""NIC5DigitId"":""47190"",""Description"":""Other retail sale in non-specialized stores""}]"
24,GUJARAT,444,DANG,394730,24/06/2022,Om Dental Clinic,"1, Om Dental Clinic, Waghai Zavda Road, 1, Front Of Taluka Seva Sadan, Waghai","[{""NIC5DigitId"":""86202"",""Description"":""Dental practice activities""}]"
24,GUJARAT,444,DANG,394710,8/11/2020,Jeorje,"12, Mission pada, Hanuman Mandir ni pacchad, 12, 0, Ahwa","[{""NIC5DigitId"":""49224"",""Description"":""Taxi operation""}]"
24,GUJARAT,444,DANG,394716,29/06/2021,VILASHBHAI BHOYE,"09, NA, NA, 09, SUBIR, AHWA","[{""NIC5DigitId"":""69100"",""Description"":""Legal activities""}]"
24,GUJARAT,444,DANG,394716,27/04/2023,ARUNA GENERAL STORE,"JUNNER, AT. JUNEER POST. PIPALDAHAD TA. SUBIR DIST.DANG, JUNNER, JUNNER, SUBIR, SUBIR","[{""NIC5DigitId"":""47110"",""Description"":""Retail sale in non-specialized stores with food, beverages or tobacco predominating""}]"
24,GUJARAT,444,DANG,394710,8/4/2024,JAY JALARAM HOTEL,"-, MEDICAL COLONY AHWA THE DANGS, AHWA, -, -, AHWA","[{""NIC5DigitId"":""56102"",""Description"":""Cafeterias, fast-food restaurants and other food preparation in market stalls""}]"
24,GUJARAT,444,DANG,394715,27/01/2023,REKHABEN GAMANBHAI KAMDI,"BHUJAD, BHUJAD, NISHAL FALIA, BHUJAD, BHUJAD, TA AHWA","[{""NIC5DigitId"":""47190"",""Description"":""Other retail sale in non-specialized stores""}]"
24,GUJARAT,444,DANG,394730,28/02/2024,PAWAE VEG TRANSPORT,"-, NICHLU FALIYU, NR PRIMERY SCHOOL, -, -, WAGHAI","[{""NIC5DigitId"":""49231"",""Description"":""Motorised road freight transport""}]"
24,GUJARAT,444,DANG,394710,17/01/2024,Ashvin p suryavanshi,"82-kh, Pream, Uplu faliyu, 82-kh, Home, Ahwa","[{""NIC5DigitId"":""41001"",""Description"":""Construction of buildings carried out on own-account basis or on a fee or contract basis""}]"
24,GUJARAT,444,DANG,394710,6/11/2023,NEHABEN NANUBHAI GAYKWAD,"0, 0, Kotba, 0, Po:Dhavlidod, Ahwa","[{""NIC5DigitId"":""47190"",""Description"":""Other retail sale in non-specialized stores""}]"
24,GUJARAT,444,DANG,394730,13/01/2024,GNANDEEP SCHOOL,"., At,po gnandeep school, Shamghan chauhan faliya, ., ., ., AHWA","[{""NIC5DigitId"":""85101"",""Description"":""Pre-primary education (education preceding the first level)""},{""NIC5DigitId"":""85102"",""Description"":""Primary education (education at the first level)""}]"
24,GUJARAT,444,DANG,394730,26/07/2023,SUNIL GRUHUDHYOG,"05, B/H SWAMINARAYAN MANDIR, SAPUTARA HIGHWAY, 05, WAGHAI, JAMLAPADA","[{""NIC5DigitId"":""10611"",""Description"":""Flour milling""}]"
24,GUJARAT,444,DANG,394710,16/10/2023,AZAD GARMENT,"136 AZAD GARMENT, BAJAR ROAD, BAJAR ROAD, 136 AZAD GARMENT, AHWADANGS, AHWA","[{""NIC5DigitId"":""14101"",""Description"":""Manufacture of all types of textile garments and clothing accessories""}]"
24,GUJARAT,444,DANG,394715,26/04/2024,CHAUDHARI DHANRAJBHAI GOVINDBHAI,"35-2, 00, 00, 35-2, WAGHAI, AHWA","[{""NIC5DigitId"":""96098"",""Description"":""General household maintenance activities like grooming of the floor, dusting, cleaning of utensils etc.""}]"
24,GUJARAT,444,DANG,394710,28/11/2020,MATIKAM & D.S.P BRICKS,"15, Drulchod, Drulchod, 15, 15, Ahwa","[{""NIC5DigitId"":""23921"",""Description"":""Manufacture of bricks""}]"
24,GUJARAT,444,DANG,394730,9/1/2024,HARSH ELECTRICAL SHOP,"0, HARSH ELECTRICAL SHOP, VAGHAI-VANSDA ROAD, 0, WAGHAI, WAGHAI","[{""NIC5DigitId"":""74909"",""Description"":""Other professional, scientific and technical activities n.e.c.""}]"
24,GUJARAT,444,DANG,394710,3/11/2023,SMT KAMUBEN PANDUBHAI CHAURYA,"1-k/2 UPLU FALIYU, AHIRPADA GARKHADI, UPLU FALIYU AHIRPADA, 1-k/2 UPLU FALIYU, SCHOOL, GARKHADI","[{""NIC5DigitId"":""46301"",""Description"":""Wholesale of fruits & vegetables""}]"
24,GUJARAT,444,DANG,394730,3/5/2023,AMITBHAI ASHOKBHAI PALVE,"0, BARKHANDHIYA, WAGHAI, 0, 0, AHWA","[{""NIC5DigitId"":""74909"",""Description"":""Other professional, scientific and technical activities n.e.c.""}]"
24,GUJARAT,444,DANG,394720,1/5/2023,SHIV SHAKTI ENTERPRISES,"AT. NAVAGAM, POST. SAPUTARA, SCHOOL FALIYA, AT. NAVAGAM, 2/133 DANG, SAPUTARA","[{""NIC5DigitId"":""63999"",""Description"":""Other information service activities n.e.c.""},{""NIC5DigitId"":""78300"",""Description"":""Human resources provision and management of human resources functions""},{""NIC5DigitId"":""80100"",""Description"":""Private security activities""},{""NIC5DigitId"":""80200"",""Description"":""Security systems service activities""},{""NIC5DigitId"":""81100"",""Description"":""Combined facilities support activities""},{""NIC5DigitId"":""81210"",""Description"":""General cleaning of buildings""},{""NIC5DigitId"":""81299"",""Description"":""Other building and industrial cleaning activities""},{""NIC5DigitId"":""81300"",""Description"":""Landscape care and maintenance service activities""},{""NIC5DigitId"":""82110"",""Description"":""Combined office administrative service activities""},{""NIC5DigitId"":""82990"",""Description"":""Other business support service activities n.e.c.""},{""NIC5DigitId"":""85500"",""Description"":""Educational support services""},{""NIC5DigitId"":""91030"",""Description"":""Botanical and zoological gardens and nature reserves activities""},{""NIC5DigitId"":""33119"",""Description"":""Repair and maintenance of other fabricated metal products""},{""NIC5DigitId"":""33129"",""Description"":""Repair and maintenance of other special purpose machinery of division 28 (weighing equipment, vending machines, cash registers, photocopy machines, calculators, typewriters etc.)""}]"
24,GUJARAT,444,DANG,394730,22/08/2022,DEEP TELECOM,"GROUND FLOOR, HANUMAN FALIYU, SAKARPATAL, GROUND FLOOR, SADADMAL, WAGHAI","[{""NIC5DigitId"":""46524"",""Description"":""Wholesale of telephone, mobile phone and communications equipment and parts""}]"
24,GUJARAT,444,DANG,394716,13/10/2021,NILESHBHAI BABURAVBHAI DESHMUKH,"01, AT POST DUNGARI FALIYU SUBIR, DUNGARI FALIYU SUBIR, 01, SUBIR, SUBIR","[{""NIC5DigitId"":""01639"",""Description"":""Other post harvest crop activities, n.e.c.""}]"
24,GUJARAT,444,DANG,394730,22/01/2023,Nevil General Store,"9, Nevil General Store, Nishal Faliyu, 9, Nanapada, Waghai","[{""NIC5DigitId"":""47110"",""Description"":""Retail sale in non-specialized stores with food, beverages or tobacco predominating""}]"
24,GUJARAT,444,DANG,394710,29/07/2023,SHINDE LAXMIBEN PRASHANTBHAI,"38, JAVAHAR COLONY AHWA, JAVAHAR COLONY AHWA, 38, AHWA, AHWA","[{""NIC5DigitId"":""47190"",""Description"":""Other retail sale in non-specialized stores""}]"
24,GUJARAT,444,DANG,394710,12/12/2022,B R CONSTRUCTION,"1, Navi nagri, Navi nagri, 1, Navi nagri, Ahwa","[{""NIC5DigitId"":""41001"",""Description"":""Construction of buildings carried out on own-account basis or on a fee or contract basis""}]"
24,GUJARAT,444,DANG,394710,2/11/2023,RUPLAL BHIL,"Missionpada, Ahwa mission pada, Mission pada, Missionpada, Ahwa, Ahwa","[{""NIC5DigitId"":""56292"",""Description"":""Operation of canteens or (e.g. for factories, offices, hospitals or schools) on a concession basis""}]"
24,GUJARAT,444,DANG,394710,10/1/2024,SHIVAJIBHAI PRABHUBHAI THAKRE,"SUNSET POINT AHWA, SUNSET POINT AHWA, SUNSET POINT ROAD, SUNSET POINT AHWA, AHWA, AHWA","[{""NIC5DigitId"":""45401"",""Description"":""Wholesale or retail sale of new motorcycles, mopeds, scooters and three wheelers""}]"
24,GUJARAT,444,DANG,394716,2/11/2023,SOMABHAI CHANDUBHAI GAVIT,"NISHAL FALIYU, PIPALDAHAD, NISHALNI BAJUMA, NISHAL FALIYU, ., THE DANGS","[{""NIC5DigitId"":""96098"",""Description"":""General household maintenance activities like grooming of the floor, dusting, cleaning of utensils etc.""}]"
24,GUJARAT,444,DANG,394710,16/01/2024,NTFP-2 Diwantemrun,"Bus Stend Faliya, Diwantemrun, Diwantemrun, Bus Stend Faliya, Ahwa, Ahwa","[{""NIC5DigitId"":""21001"",""Description"":""Manufacture of medicinal substances used in the manufacture of pharmaceuticals: antibiotics, endocrine products, basic vitamins; opium derivatives; sulpha drugs; serums and plasmas; salicylic acid, its salts and esters; glycosides and vegetable alkaloids; chemically pure suger etc.""}]"
24,GUJARAT,444,DANG,394710,14/03/2024,Sarvamangal auto,"Jadhav complex, Edden garden, Navapur road, Jadhav complex, A, Ahwa","[{""NIC5DigitId"":""45402"",""Description"":""Wholesale or retail sale of parts and accessories of motorcycles, mopeds, scooters and three wheelers""}]"
24,GUJARAT,444,DANG,394715,1/11/2023,GANGORDE RICEMILL,"0, NISHAL FALIYU, 0, 0, 0, WAGHAI","[{""NIC5DigitId"":""10612"",""Description"":""Rice milling""}]"
24,GUJARAT,444,DANG,394720,20/04/2024,MADHAVBHAI KASHIRAMBHAI GAVIT,"0, NAVAGAON, SAPUTARA, 0, 0, SAPUTARA","[{""NIC5DigitId"":""49231"",""Description"":""Motorised road freight transport""}]"
24,GUJARAT,444,DANG,394730,25/03/2024,PSD ADDA,"10-28, Saiyad Saiyad, Dargah Faliya, 10-28, 8, WAGHAI","[{""NIC5DigitId"":""62099"",""Description"":""Other information technology and computer service activities n.e.c""}]"
24,GUJARAT,444,DANG,394716,31/05/2021,General shop,"68 patel faliyu, Shepuamba sabridham, Patel faliyu, 68 patel faliyu, Subir, Sabridham","[{""NIC5DigitId"":""45403"",""Description"":""Maintenance and repair of motor cycles, mopeds, scooters and three wheelers""}]"
24,GUJARAT,444,DANG,394710,25/07/2024,Nikhil General Store,"15, Near Police Headquarters Gate, Beside TB Hospital, 15, 178, Ahwa","[{""NIC5DigitId"":""47810"",""Description"":""Retail sale via stalls and markets of food, beverages and tobacco products""}]"
24,GUJARAT,444,DANG,394730,17/01/2025,HUNANI CLOTH STORE,"SHOP NO 22, RAHIMBHAI ABDULBHAI HUNANI, OPP RAILWAY STATION, SHOP NO 22, WAGHAI, WAGHAI","[{""NIC5DigitId"":""47711"",""Description"":""Retail sale of readymade garments, hosiery goods, other articles of clothing and clothing accessories such as gloves, ties, braces etc.""}]"
24,GUJARAT,444,DANG,394710,3/8/2024,DIPAKBHAI GANABHAI GAVIT,"25, PANDVA, NICHALU FALIYU, 25, 01, PANDVA","[{""NIC5DigitId"":""43123"",""Description"":""Clearing of building sites, earth moving: excavation, landfill, levelling and grading of construction sites, trench digging, rock removal, blasting etc.""}]"
24,GUJARAT,444,DANG,394716,31/01/2025,RAVINA LADIES TAILOR,"MOKHAMAL, RAVINA LADIES  TAILOR, MAIN ROAD, MOKHAMAL, SUBIR, AHWA","[{""NIC5DigitId"":""47714"",""Description"":""Retail sale of leather goods and travel accessories of leather and leather substitutes""}]"
24,GUJARAT,444,DANG,394716,15/06/2024,Krishti online servicesn,"137, GAWHAN, SCHOOL FALIYU, 137, GAWHAN, SUBIR","[{""NIC5DigitId"":""64990"",""Description"":""Other financial service activities, except insurance and pension funding activities, n.e.c""}]"
24,GUJARAT,444,DANG,394730,11/12/2024,PADVI TARANSPORT,"A, NISHAL FALIYA, Waghai, A, B, Waghai","[{""NIC5DigitId"":""32909"",""Description"":""Manufacture of other articles n.e.c.""}]"
24,GUJARAT,444,DANG,394710,2/12/2024,KRISHNA CUNSTRUCTION,"123, SARDAR BAJAR, MAIN ROAD, 123, 12, AHWA","[{""NIC5DigitId"":""42101"",""Description"":""Construction and maintenance of motorways, streets, roads, other vehicular and pedestrian ways, highways, bridges, tunnels and subways""}]"
24,GUJARAT,444,DANG,394710,4/12/2024,99 STORE AHWA,"99 STORE, HARI OM RESTORENT NI BAJUMA, MAIN ROAD AHWA, 99 STORE, AHWA, AHWA","[{""NIC5DigitId"":""47190"",""Description"":""Other retail sale in non-specialized stores""}]"
24,GUJARAT,444,DANG,394716,5/12/2024,JAGANBHAI AVASYABHAI VALVI,"DUKAN FALYU, SHABARI DHAM, KESHBANDH, DUKAN FALYU, 0, THE DANGS","[{""NIC5DigitId"":""01620"",""Description"":""Support activities for animal production""}]"
24,GUJARAT,444,DANG,394710,27/06/2024,SHIV ANEKRUPI BHOJANALAY,"ARDHANARESHWARI, JYOTIR LING TRUST, DANG, ARDHANARESHWARI, AT BILMAL POST LINGA, AHWA","[{""NIC5DigitId"":""46909"",""Description"":""Other non-specialised wholesale trade n.e.c.""}]"
24,GUJARAT,444,DANG,394710,28/11/2024,Vivekranjan Vijaybahadur sinh Rajput,"0, Patelpada, Saputara road, 0, 0, Dangs","[{""NIC5DigitId"":""41001"",""Description"":""Construction of buildings carried out on own-account basis or on a fee or contract basis""}]"
24,GUJARAT,444,DANG,394710,28/11/2024,SONA MOTI PASHU AAHAR,"0, 0, 0, 0, 0, AHWA","[{""NIC5DigitId"":""10801"",""Description"":""Manufacture of cattle feed""}]"
24,GUJARAT,444,DANG,394710,24/12/2024,suresh kirana & general stor,"61 kha, gamit faliyu, bardipada road, 61 kha, garkhadi, ahwa dang","[{""NIC5DigitId"":""47190"",""Description"":""Other retail sale in non-specialized stores""}]"
24,GUJARAT,444,DANG,394716,29/01/2025,SAHIL FLORE MILL,"SINGANA, SAHIL FLORE MILL, MAIN ROAD, SINGANA, SINGANA, AHWA","[{""NIC5DigitId"":""47219"",""Description"":""Retail sale of other food products n.e.c.""}]"
24,GUJARAT,444,DANG,394710,21/11/2024,SAI FASTFOOD & RESTAURANT,"SHOP NO.1, ASHIRWAD COMPLEX, SAPUTARA MAIN ROAD, SHOP NO.1, AHWA, AHWA","[{""NIC5DigitId"":""56102"",""Description"":""Cafeterias, fast-food restaurants and other food preparation in market stalls""}]"
24,GUJARAT,444,DANG,394716,26/11/2024,PRIYANSH DIGITAL,"44-K, PRIYANSH DIGITAL, NISHAL FHALIYU, 44-K, 00, SINGANA","[{""NIC5DigitId"":""63992"",""Description"":""Activities of cyber café""}]"
24,GUJARAT,444,DANG,394730,8/2/2025,GAYATRI PAN AND COLDRINKS CORNER,"55, MAIN BAZAR ROAD, FOREST RANGE OFFICE ROAD, 55, 01, WAGHAI","[{""NIC5DigitId"":""47110"",""Description"":""Retail sale in non-specialized stores with food, beverages or tobacco predominating""}]"
24,GUJARAT,444,DANG,394716,7/2/2025,MAHEK KIRANA STORE,"CHAMARPADA, MAHEK KIRANA STORE, MAIN ROAD, CHAMARPADA, PIPALDAHAD, AHWA","[{""NIC5DigitId"":""47110"",""Description"":""Retail sale in non-specialized stores with food, beverages or tobacco predominating""}]"
24,GUJARAT,444,DANG,394710,7/2/2025,Ansh Ledish Tailer,"Dhavlidod, Dhavlidod, Dhavlidod, Dhavlidod, Ahwa, Ahwa","[{""NIC5DigitId"":""14105"",""Description"":""Custom tailoring""}]"
24,GUJARAT,444,DANG,394716,10/2/2025,Riteshbhai,"523, Gavdahad, Gavdahad, 523, Gavdahad, Singana","[{""NIC5DigitId"":""56302"",""Description"":""Tea\/coffee shops""}]"
24,GUJARAT,444,DANG,394710,29/05/2024,MOHANBHAI MURLIDHAR GAVANDE,"7/69,, SARDAR MARKET NI PACHAL, SARDAR MARKET NI CHAL, 7/69,, DANGS, DANG","[{""NIC5DigitId"":""81300"",""Description"":""Landscape care and maintenance service activities""}]"
24,GUJARAT,444,DANG,394710,14/08/2024,CHAUDHARI VILASBHAI GULABBHAI,"01, V Heir Arts, PIPALDAHAD ROAD, 01, SUBIR, CHINCHVIHIR","[{""NIC5DigitId"":""96095"",""Description"":""Activities of sauna and steam baths, massage salons etc.""}]"
24,GUJARAT,444,DANG,394710,6/2/2025,Maruti mobile & Electronic Shop,"Jamlapada prathmik s, Jamlapada, Jamlapada, Jamlapada prathmik s, Ahwa, Ahwa","[{""NIC5DigitId"":""74909"",""Description"":""Other professional, scientific and technical activities n.e.c.""}]"
24,GUJARAT,444,DANG,394716,10/2/2025,Ravindrabhai,"146, Karbhari Faliyu, Pandharpada, 146, Pipaldahad, Pandharpada","[{""NIC5DigitId"":""56102"",""Description"":""Cafeterias, fast-food restaurants and other food preparation in market stalls""}]"
24,GUJARAT,444,DANG,394730,10/2/2025,KAMALABEN DEVRAMBHAI GAVALI,"1, CHAUHAN FALIYU, CHAUHAN FALIYU, 1, 1, SAMGAHAN","[{""NIC5DigitId"":""46301"",""Description"":""Wholesale of fruits & vegetables""}]"
24,GUJARAT,444,DANG,394716,11/2/2025,Mehulbhai,"256, amlipada, subir, 256, subir, subir","[{""NIC5DigitId"":""47211"",""Description"":""Retail sale of cereals and pulses, tea, coffee, spices and flour""}]"
24,GUJARAT,444,DANG,394730,16/08/2024,Minaxiben bipinbhai bagul,"16, Rajendrapur, Prathmic school, 16, 01, Waghai","[{""NIC5DigitId"":""56302"",""Description"":""Tea\/coffee shops""}]"
24,GUJARAT,444,DANG,394710,30/01/2025,KRUPA GENERAL STORE,"LASAKRYA MAHAL CHOK, LASKARYA, LASAKRYA CHOKADI, LASAKRYA MAHAL CHOK, AHWA, AHWA","[{""NIC5DigitId"":""47990"",""Description"":""Other retail sale not in stores, stalls or markets""}]"
24,GUJARAT,444,DANG,394710,8/7/2024,DINESHBHAI RATANBHAI BHOYE,"0, bardipada, ahwadangs, 0, ahwa, the dangs","[{""NIC5DigitId"":""10301"",""Description"":""Sun-drying of fruit and vegetables""}]"
24,GUJARAT,444,DANG,394730,28/06/2024,SHAMY FRUIT AND VEGETABLE,"58, SHAMY FRUT AND VEGETABLE, MAIN ROAD SAMGAHAN, 58, TA.AHWA, SAPUTARA","[{""NIC5DigitId"":""47212"",""Description"":""Retail sale of fresh or preserved fruit and vegetables""}]"
24,GUJARAT,444,DANG,394730,5/8/2024,PATEL SHAILESHBHAI JAGDISHBHAI,"0, naka faliyu, waghai, 0, 0, waghai","[{""NIC5DigitId"":""25933"",""Description"":""Manufacture of hand tools such as pliers, screwdrivers, press tools,blacksmiths’ tools, drills, punches, milling cutters etc.""}]"
24,GUJARAT,444,DANG,394710,12/8/2024,GJ30 FASHION HUB,"GJ30 FASHION HUB, SHOP NO. 5, MAIN RAOD, GJ30 FASHION HUB, AHWA, AHWA","[{""NIC5DigitId"":""47711"",""Description"":""Retail sale of readymade garments, hosiery goods, other articles of clothing and clothing accessories such as gloves, ties, braces etc.""}]"
24,GUJARAT,444,DANG,394730,28/06/2021,Common Service Centre,"6, WAGHAI, WAGHAI, 6, WAGHAI, WAGHAI","[{""NIC5DigitId"":""62020"",""Description"":""Computer consultancy and computer facilities management activities""}]"
24,GUJARAT,444,DANG,394730,11/11/2022,M/S AMBICA FOUNDATION,"11/1, 11/DODIPADA, DODIPADA ROAD, 11/1, WAGHAI, WAGHAI",
24,GUJARAT,444,DANG,394715,4/9/2020,ANGEL A TO Z,"651, PIMPARI, AHWA ROAD, 651, 651, AHWA","[{""NIC5DigitId"":""96098"",""Description"":""General household maintenance activities like grooming of the floor, dusting, cleaning of utensils etc.""}]"
24,GUJARAT,444,DANG,394716,22/08/2023,M/S SUBIR TALUKA NATURAL FARM PRODUCT PRODUCER COMPANY LIMITED,"1, SUBIR, DANGS, 1, SUBIR, DANGS","[{""NIC5DigitId"":""47734"",""Description"":""Retail sale of flowers, plants, pet animals and pet food""},{""NIC5DigitId"":""46209"",""Description"":""Whole sale of other agriculture raw materials n.e.c.""}]"
24,GUJARAT,444,DANG,394710,13/07/2023,JADAV SHEETALBEN SANJEETBHAI,"PATELPADA, PATELPADA AHWA, PATELPADA AHWA, PATELPADA, AHWA, 394710","[{""NIC5DigitId"":""47190"",""Description"":""Other retail sale in non-specialized stores""}]"
24,GUJARAT,444,DANG,394730,2/1/2025,KRISHA TRAVELS,"144, MOTIDABDAR, GAYAKWAD FALIYU, 144, WAGHAI, WAGHAI","[{""NIC5DigitId"":""52291"",""Description"":""Activities of travel agents and tour operators""}]"
24,GUJARAT,444,DANG,394710,25/12/2020,PAPPU CONTRACTOR,"83, GHOGHLI GHOGHLI AHWADANGS, THE DANGS, 83, ., THE DANGS","[{""NIC5DigitId"":""23944"",""Description"":""Manufacture of quicklime, slaked lime and hydraulic lime (excluding chewing lime)""}]"
24,GUJARAT,444,DANG,394730,6/12/2024,FIZA GENERAL STORE,"WAGHAI, FIZA GENERAL STORE, MAIN BAZAR, WAGHAI, WAGHAI, WAGHAI","[{""NIC5DigitId"":""46305"",""Description"":""Wholesale of edible oils, fats, sugar and processed\/manufactured spices etc.""}]"
24,GUJARAT,444,DANG,394715,25/08/2025,GURUKRUPA PETROLIUM,"HANVANTCHOND, HANVANTCHOND, HANVANTCHOND, HANVANTCHOND, 01, HANVANTCHOND","[{""NIC5DigitId"":""47300"",""Description"":""Retail sale of automotive fuel in specialized stores [includes the activity of petrol filling stations.""}]"
24,GUJARAT,444,DANG,394716,3/7/2025,JADAV MANIRAMBHAI SOMABHAI,"SHABRIDHAM, SHABRIDHAM, SHABRIDHAM, SHABRIDHAM, SHABRIDHAM, SUBIR","[{""NIC5DigitId"":""56102"",""Description"":""Cafeterias, fast-food restaurants and other food preparation in market stalls""}]"
24,GUJARAT,444,DANG,394710,23/06/2025,KANDE LAXMANBHAI B,"FLAT NO 8, SUNSET POINT, OPP SEVADHAM, FLAT NO 8, 0, AHWA","[{""NIC5DigitId"":""41001"",""Description"":""Construction of buildings carried out on own-account basis or on a fee or contract basis""}]"
24,GUJARAT,444,DANG,394710,3/7/2025,Youth Xerox Point,"100, Gavli Prakashbhai, Galkund, 100, Ahwa, Ahwa","[{""NIC5DigitId"":""17093"",""Description"":""Manufacture of printing, writing and photocopying paper ready for use""}]"
24,GUJARAT,444,DANG,394716,5/8/2025,FARMAR,"AA, GHANA, GHANA, AA, AA, GHANA","[{""NIC5DigitId"":""96098"",""Description"":""General household maintenance activities like grooming of the floor, dusting, cleaning of utensils etc.""}]"
24,GUJARAT,444,DANG,394710,5/8/2025,TUSHARAIM POWER PRIVATE LIMITED,"0, -, Gaurya, Chikatia, 0, Gaurya, Chikatia, Dang, Ahwadangs","[{""NIC5DigitId"":""10501"",""Description"":""Manufacture of pasteurised milk whether or not in bottles\/ polythene packs etc. (plain or flavoured)""},{""NIC5DigitId"":""10504"",""Description"":""Manufacture of cream, butter, cheese, curd, ghee, khoya etc.""}]"
24,GUJARAT,444,DANG,394710,22/08/2025,ONLINE SERVICE,"04, Mission colony civil road, Civil road, 04, Ahwa, Ahwa","[{""NIC5DigitId"":""26201"",""Description"":""Manufacture of desktop computers, laptop computers, hand-held computers (e.g. PDA), mainframe computers and computer servers""}]"
24,GUJARAT,444,DANG,394710,30/08/2025,GATISHEELDANG AADIVASI KHEDUT VIKAS PRODUCER COMPANY LIMITED,"NEAR RCM PLANT, NANDANPEDA, AHWA-CHIKHLI ROAD, NEAR RCM PLANT, AHWA, AHWA","[{""NIC5DigitId"":""46201"",""Description"":""Wholesale of cereals & pulses""}]"
24,GUJARAT,444,DANG,394710,28/08/2025,BINDIYABEN KALPESHBHAI AHIRE,"0, LOTUS, 0, 0, 0, AHWA","[{""NIC5DigitId"":""51109"",""Description"":""Other passenger air-transport n.e.c""}]"
24,GUJARAT,444,DANG,394710,29/08/2025,Shri Ganesh Kariyana & General Stores,"07,Nichlu faliyu, near Bus Stop Galkund, Ahwa Saputara Road-Galkund, 07,Nichlu faliyu, GALKUND DANG, Galkund","[{""NIC5DigitId"":""47990"",""Description"":""Other retail sale not in stores, stalls or markets""}]"
24,GUJARAT,444,DANG,394730,19/08/2025,MILK TRADING,"AA, PATEL FALIYA, PATEL FALIYA, AA, AA, PIPALWADA","[{""NIC5DigitId"":""96098"",""Description"":""General household maintenance activities like grooming of the floor, dusting, cleaning of utensils etc.""}]"
24,GUJARAT,444,DANG,394716,13/08/2025,HARESH ONLINE SERVICE,"130, BARIPADA FALIYU, MH ROAD, 130, GAWHAN, SUBIR","[{""NIC5DigitId"":""63992"",""Description"":""Activities of cyber café""}]"
24,GUJARAT,444,DANG,394730,24/01/2026,NARENDRA TRANSPORT,"-, SILOTMAL, DAGUNIA, -, -, WAGHAI","[{""NIC5DigitId"":""49110"",""Description"":""Passenger rail transport""}]"
24,GUJARAT,444,DANG,394730,1/12/2025,Shivajibhai budhabhai gaykawad,"89, Motidabdar, Gayakwad faliyu, 89, Sakarpatal, Waghai","[{""NIC5DigitId"":""52291"",""Description"":""Activities of travel agents and tour operators""},{""NIC5DigitId"":""79110"",""Description"":""Travel agency activities""},{""NIC5DigitId"":""79120"",""Description"":""Tour operator activities""}]"
24,GUJARAT,444,DANG,394730,5/12/2025,THE VAN TOUCH RESORT,"SR NO 86-1, THE VAN TOUCH RESORT, WAGHAI ROAD, SR NO 86-1, DANG, DANG","[{""NIC5DigitId"":""55101"",""Description"":""Hotels and Motels, inns, resorts providing short term lodging facilities; includes accommodation in house boats""},{""NIC5DigitId"":""55200"",""Description"":""Camping grounds, recreational vehicle parks and trailer parks""}]"
24,GUJARAT,444,DANG,394710,27/04/2026,Pankajbhai shivrambhai bhoye,"100, Sati, Nichalu faliyu, 100, Ahawa, Ahawa","[{""NIC5DigitId"":""47110"",""Description"":""Retail sale in non-specialized stores with food, beverages or tobacco predominating""},{""NIC5DigitId"":""46302"",""Description"":""Wholesale of raw milk & dairy products""},{""NIC5DigitId"":""46307"",""Description"":""Wholesale of manufactured tobacco & tobacco products""}]"
24,GUJARAT,444,DANG,394730,24/04/2026,Dipak kirana store,"1, baripada, 1, Main road, 1, baripada, 1, Saputara","[{""NIC5DigitId"":""47110"",""Description"":""Retail sale in non-specialized stores with food, beverages or tobacco predominating""}]"
24,GUJARAT,444,DANG,394716,8/5/2026,PANKAJ CSC CENTRE,"424, Pankaj udas, subir, 424, 8, SUBIR","[{""NIC5DigitId"":""96098"",""Description"":""General household maintenance activities like grooming of the floor, dusting, cleaning of utensils etc.""}]"
24,GUJARAT,444,DANG,394710,15/04/2026,PATEL AMITBHAI CHANDUBHAI,"AHWA, AMBAPADA AHWA, AMBAPADA ROAD, AHWA, AHWA, AHWA","[{""NIC5DigitId"":""49229"",""Description"":""Other non urban passenger land transport n.e.c.""}]"
24,GUJARAT,444,DANG,394716,11/5/2026,BARE ANADBHAI KAMLESHBHAI,"00, 00, GAVDAHAD, 00, 00, SINGANA","[{""NIC5DigitId"":""49300"",""Description"":""Transport via pipeline""}]"
24,GUJARAT,444,DANG,394710,13/05/2026,MATANGI CONSTRUCTION,"0, JAGRUTI SOCIETY, DUNGARI FALIYU, 0, AHWA, AHWA","[{""NIC5DigitId"":""46633"",""Description"":""Wholesale of hardware and sanitary fittings and fixtures and flat glass including tools such as hammers, saws, screwdrivers and other hand tools""}]"
24,GUJARAT,444,DANG,394710,13/02/2026,HARSH KARIYANA,"PATEL FALIYU, JAMANVIHIR, JAMANVIHIR, PATEL FALIYU, GADHVI, JAMANVIHIR","[{""NIC5DigitId"":""47110"",""Description"":""Retail sale in non-specialized stores with food, beverages or tobacco predominating""}]"
24,GUJARAT,444,DANG,394710,9/1/2026,SHREEJI ENTERPRISE,"GROUND FLOOR, JAGRUTI SOCIETY, AHWA, GROUND FLOOR, ., Ahwa","[{""NIC5DigitId"":""42209"",""Description"":""Construction of utility projects n.e.c.""},{""NIC5DigitId"":""41001"",""Description"":""Construction of buildings carried out on own-account basis or on a fee or contract basis""},{""NIC5DigitId"":""42101"",""Description"":""Construction and maintenance of motorways, streets, roads, other vehicular and pedestrian ways, highways, bridges, tunnels and subways""},{""NIC5DigitId"":""43900"",""Description"":""Other specialized construction activities""}]"
24,GUJARAT,444,DANG,394710,21/02/2026,GAVALI VINODBHAI BHOVANBHAI,"0, NAYRA PETROL PUM NI SAME, MAIN ROAD, 0, AHWA, AHWA","[{""NIC5DigitId"":""45300"",""Description"":""Sale of motor vehicle parts and accessories""}]"
24,GUJARAT,444,DANG,364240,23/02/2026,HARSIDDHI WEDDING COLLECTION,"NO, NILKHNTH HOSPITAL SAME, BHAVNAGAR, NO, SIHOR, SIHOR","[{""NIC5DigitId"":""47110"",""Description"":""Retail sale in non-specialized stores with food, beverages or tobacco predominating""}]"
24,GUJARAT,444,DANG,394720,31/01/2026,OM DURGA DRY FRUITS,"MAIN CIRCLE, MAIN CIRCLE, SUNSET ROAD OPP MUSEUM, MAIN CIRCLE, 01, SAPUTARA","[{""NIC5DigitId"":""47215"",""Description"":""Retail sale of sugar confectionery and sweetmeat""}]"
24,GUJARAT,444,DANG,394720,28/04/2026,A1 Horse riding,"Table point Saputara, PrabhuJi Pandey, 5 no Saputara table point, Table point Saputara, Ahwa, Vasda","[{""NIC5DigitId"":""01620"",""Description"":""Support activities for animal production""}]"
24,GUJARAT,444,DANG,394730,29/04/2026,SALKAR MILK TRANSPORT,"59, SILOTMAL, -, 59, -, WAGHAI","[{""NIC5DigitId"":""49219"",""Description"":""Other urban or suburban passenger transport n.e.c.""}]"
24,GUJARAT,444,DANG,394710,2/5/2026,SHIV SHAKTI ELECTRICALS,"00, SHIV SHAKTI ELECTRICALS, AHWA SAPUTARA ROAD, 00, AHWA, AHWA","[{""NIC5DigitId"":""33132"",""Description"":""Repair and maintenance of irradiation, electromedical and electro theraputic equipmemts of class 2660""}]"
24,GUJARAT,444,DANG,394716,12/4/2026,Dangi Sahyadri,"1, Shivajibhai, Navapur road, 1, 1, Subir","[{""NIC5DigitId"":""10301"",""Description"":""Sun-drying of fruit and vegetables""},{""NIC5DigitId"":""10509"",""Description"":""Manufacture of other dairy products n.e.c.""}]"
24,GUJARAT,444,DANG,394715,17/04/2026,BAGUL TRANSPORT,"63, SAJUPADA, DANGS, 63, 63, DANGS","[{""NIC5DigitId"":""49223"",""Description"":""Rental of private cars with driver""}]"
24,GUJARAT,444,DANG,394710,20/05/2026,GAYKWAD SUMITRABEN YOGESHBHAI,"0, PATELPADA, AHWA, 0, AHWA, AHWA","[{""NIC5DigitId"":""47521"",""Description"":""Retail sale of building material such as bricks, wood, sanitary equipment""}]"
24,GUJARAT,444,DANG,394716,22/05/2026,SAI PAN CORNER,"1, bhoye ganasyabhai, DANG SUBIR PIPALDAHAD, 1, SUBIR, AHWA","[{""NIC5DigitId"":""32909"",""Description"":""Manufacture of other articles n.e.c.""}]"
24,GUJARAT,444,DANG,394710,16/05/2026,MITHANSH GENERAL STORE,"-, NISHAL FALIYU, NR SCHOOL, -, -, AHWA","[{""NIC5DigitId"":""56291"",""Description"":""Activities of food service contractors (e.g. for transportation companies)""}]"
24,GUJARAT,444,DANG,394716,18/05/2026,Gamit Enterprise,"gamit bapubhai, nishal faliyu at-nishana, nishana the dangs, gamit bapubhai, aahwa, aahwa","[{""NIC5DigitId"":""49300"",""Description"":""Transport via pipeline""},{""NIC5DigitId"":""68200"",""Description"":""Real estate activities on a fee or contract basis""}]"
24,GUJARAT,444,DANG,394710,29/06/2026,SAI KIRAN SWEET AND RESTAURANT,"MAIN ROAD, KESAV COMPLEX, -, MAIN ROAD, -, AHWADANGS","[{""NIC5DigitId"":""56102"",""Description"":""Cafeterias, fast-food restaurants and other food preparation in market stalls""}]"
24,GUJARAT,444,DANG,394710,2/7/2026,H.M.ENTERPRISE,"GROUND FLOOR, 1, NEAR PRIMARY SCHOOL, GROUND FLOOR, AHWA, AHWA","[{""NIC5DigitId"":""81100"",""Description"":""Combined facilities support activities""}]"
24,GUJARAT,444,DANG,394710,1/7/2026,PAVAR PANKAJ,"13/7, LAHANCHARYA, GALKUND, 13/7, 0, THE DANGS","[{""NIC5DigitId"":""47740"",""Description"":""Retail sale of second-hand goods""}]"
24,GUJARAT,444,DANG,394710,15/06/2026,BHAGVANDASBHAI V BHADANE,"1, Saradar Bajar, Main Road, 1, Ahwa, Ahwa","[{""NIC5DigitId"":""46203"",""Description"":""Wholesale of live animals and poultry""},{""NIC5DigitId"":""47190"",""Description"":""Other retail sale in non-specialized stores""},{""NIC5DigitId"":""46205"",""Description"":""Wholesale of flowers and plants""}]"
24,GUJARAT,444,DANG,394710,2/6/2026,NITESHBHAI CHANDUBHAI GANGURDE,"Uplu faliyu, Chankhal, Upalu faliyu, chankhal, Uplu faliyu, Gujarat, Dang","[{""NIC5DigitId"":""47212"",""Description"":""Retail sale of fresh or preserved fruit and vegetables""}]"
24,GUJARAT,444,DANG,394710,9/7/2026,SHREEJI KIRANA AND GENERAL STORE,"AT. POST. CHINCHALI, CHINCHALI, MAIN ROAD CHINCHALI, AT. POST. CHINCHALI, AHWA, AHWA","[{""NIC5DigitId"":""47190"",""Description"":""Other retail sale in non-specialized stores""}]"
24,GUJARAT,444,DANG,394715,6/7/2026,NIRMALA KIRANA STORE,"1-31, -, RAJA FALIYU, 1-31, -, PIMPRI","[{""NIC5DigitId"":""47110"",""Description"":""Retail sale in non-specialized stores with food, beverages or tobacco predominating""}]"
24,GUJARAT,444,DANG,394710,17/06/2026,PAWAR SATISHBHAI RAMANBHAI,"0, ISHDAR, BORKHAL, 0, BORKHAL, AHWA","[{""NIC5DigitId"":""47110"",""Description"":""Retail sale in non-specialized stores with food, beverages or tobacco predominating""}]"
24,GUJARAT,444,DANG,394710,11/6/2026,pawar anilbhai shivdasbhai,"-, harpada, -, -, -, dang","[{""NIC5DigitId"":""49231"",""Description"":""Motorised road freight transport""}]"
24,GUJARAT,444,DANG,394720,11/6/2026,BAPASITARAM RESTAURANT,"00, 00, 00, 00, 00, 00","[{""NIC5DigitId"":""05202"",""Description"":""Belowground mining of lignite (brown coal)""}]"
24,GUJARAT,444,DANG,394716,8/6/2026,Bhagvati xerox centre,"Bajar faliyu, Bajar faliyu, Bajar faliyu subir, Bajar faliyu, Subir, Subir","[{""NIC5DigitId"":""96094"",""Description"":""Coin-operated personal service machines such as photo booths, weighing machines, blood pressure checking machines etc.""}]"
24,GUJARAT,444,DANG,394730,18/07/2026,DHANANI RAHIMBHAI HASAMBHAI,"RAJENDRAPUR, FALIYU, WAGHAI, RAJENDRAPUR, WAGHAI, DANG","[{""NIC5DigitId"":""49232"",""Description"":""Non-motorised road freight transport""}]"
24,GUJARAT,444,DANG,394710,23/07/2026,SONALBEN SURESHBHAI BAGUL,"451, RANI FALIYA AHWA, WAGHAI ROAD, 451, AHWA, AHWA","[{""NIC5DigitId"":""47214"",""Description"":""Retail sale of bakery products, dairy products and eggs""}]"
24,GUJARAT,444,DANG,394710,23/07/2026,GEETABEN KUMARPAL DESAI,"JADAV COMPLEX, NAVAPUR ROAD, AHWA, JADAV COMPLEX, AHWA, AHWA","[{""NIC5DigitId"":""47711"",""Description"":""Retail sale of readymade garments, hosiery goods, other articles of clothing and clothing accessories such as gloves, ties, braces etc.""}]"
24,GUJARAT,444,DANG,394715,5/8/2026,PRABHU KRUPA KARIYANA,"0, Kalibel, Kalibel, 0, 0, The Dangs","[{""NIC5DigitId"":""46302"",""Description"":""Wholesale of raw milk & dairy products""},{""NIC5DigitId"":""46305"",""Description"":""Wholesale of edible oils, fats, sugar and processed\/manufactured spices etc.""}]"
24,GUJARAT,444,DANG,394710,3/8/2026,GAYKWAD CHINTAMANBHAI SHANTEBHAI,"THORPADA, THIRPADA, THORPADA, THORPADA, THORPADA, AHWA","[{""NIC5DigitId"":""42909"",""Description"":""Other civil engineering projects n.e.c.""}]"
24,GUJARAT,444,DANG,394716,7/8/2026,chaudhari savitaben vijaybhai,"25, patel faliyu, main road junner, 25, subir, subir","[{""NIC5DigitId"":""01640"",""Description"":""Seed processing for propagation""},{""NIC5DigitId"":""11045"",""Description"":""Manufacture of soft drinks""},{""NIC5DigitId"":""52109"",""Description"":""Storage and warehousing n.e.c.[Includes general merchandise warehouses and warehousing of furniture, automobiles, gas and oil, chemicals, textiles etc. Also included is storage of goods in foreign trade zones]""},{""NIC5DigitId"":""28211"",""Description"":""Manufacture of tractors used in agriculture and forestry""},{""NIC5DigitId"":""10750"",""Description"":""Manufacture of prepared meals and dishes""},{""NIC5DigitId"":""01620"",""Description"":""Support activities for animal production""},{""NIC5DigitId"":""41002"",""Description"":""Activities relating to alteration, addition, repair, maintenance carried out on own-account basis or on a fee or contract basis""},{""NIC5DigitId"":""10803"",""Description"":""Manufacture of prepared feeds for pets, including dogs, cats, birds, fish etc.""},{""NIC5DigitId"":""01463"",""Description"":""Operation of poultry hatcheries""},{""NIC5DigitId"":""88100"",""Description"":""Social work activities without accommodation for the elderly and disabled""},{""NIC5DigitId"":""52212"",""Description"":""Support service at railway stations, bus stations, bridges etc.""}]"
24,GUJARAT,444,DANG,394710,11/9/2025,CONTRACTOR,"AA, BANDHARPADA, BANDHARPADA, AA, AA, AHWA","[{""NIC5DigitId"":""96098"",""Description"":""General household maintenance activities like grooming of the floor, dusting, cleaning of utensils etc.""}]"
24,GUJARAT,444,DANG,394730,10/10/2025,RAJESH CATERING,"AA, UPALU FALIYU, UPALU FALIYU, AA, AA, BARKHANDHIA","[{""NIC5DigitId"":""96098"",""Description"":""General household maintenance activities like grooming of the floor, dusting, cleaning of utensils etc.""}]"
24,GUJARAT,444,DANG,394710,16/05/2025,SHREEJI BOREWELL AND MACHINARY STORES,"0, N/A, PATELPADA, 0, 0, AHWA","[{""NIC5DigitId"":""47990"",""Description"":""Other retail sale not in stores, stalls or markets""},{""NIC5DigitId"":""09900"",""Description"":""Support activities for other mining and quarrying""}]"
24,GUJARAT,444,DANG,394710,3/5/2025,MJ DYNAMIC,"PATELPADA, PATELPADA AHWA, MAIN ROAD AHWA, PATELPADA, AHWA, AHWA","[{""NIC5DigitId"":""62011"",""Description"":""Writing , modifying, testing of computer program to meet the needs of a particular client excluding web-page designing""}]"
24,GUJARAT,444,DANG,394716,16/06/2025,BHILAR ASHISHBHAI DEVAJIBHAI,"0, NISHAL FALIYU, BILIAMBA, 0, 0, THE DANGS","[{""NIC5DigitId"":""49300"",""Description"":""Transport via pipeline""}]"
24,GUJARAT,444,DANG,394710,15/06/2025,SANGITA KATLARI,"431, BHARATBHAI DOGRA, AHWA, 431, AHWA, AHWA","[{""NIC5DigitId"":""66290"",""Description"":""Other activities auxiliary to insurance and pension funding""}]"
24,GUJARAT,444,DANG,394710,24/06/2025,REKHABEN MAHESHBHAI PATEL,"SHRAM JIVI VASAHAT, RANI FALIYA AHWA, MAIN ROAD  WAGHAI NAKA, SHRAM JIVI VASAHAT, AHWA, AHWA","[{""NIC5DigitId"":""47990"",""Description"":""Other retail sale not in stores, stalls or markets""}]"
24,GUJARAT,444,DANG,394710,10/3/2022,JAYESH TRANSPORT,"0, RANI FALIYA, RANI FALIYA, 0, 0, AHWA","[{""NIC5DigitId"":""49231"",""Description"":""Motorised road freight transport""}]"
24,GUJARAT,444,DANG,394720,3/7/2025,CREAMIFY DELIGHTS,"SAI BAJAR, NEAR KARNATAKA RESTAURANT, SAPUTARA, SAI BAJAR, DANG, DANG","[{""NIC5DigitId"":""46302"",""Description"":""Wholesale of raw milk & dairy products""}]"
24,GUJARAT,444,DANG,394710,3/7/2025,VEDRAJ CONSTRUCTION,"-, SHIVARIMAL, SAPUTARA ROAD, -, -, WAGHAI","[{""NIC5DigitId"":""46632"",""Description"":""Wholesale of construction materials (sand, gravel etc.)""}]"
24,GUJARAT,444,DANG,394710,7/7/2025,MAHADEV GENERAL STORE,"MAIN ROAD, MAIN ROAD AHWA, SARDAR BAZAR MAIN ROAD AHWA, MAIN ROAD, AHWA, AHWA","[{""NIC5DigitId"":""47613"",""Description"":""Retail sale of stationery office supplies such as pens, pencils, paper etc.""}]"
24,GUJARAT,444,DANG,394710,7/7/2025,NIKU GENERAL STORE,"111, SUNSET POINT, SUNSET POINT, 111, 111, AHWA","[{""NIC5DigitId"":""47190"",""Description"":""Other retail sale in non-specialized stores""}]"
24,GUJARAT,444,DANG,394710,19/08/2025,BAHIRAM NILUBEN ROHIDASBHAI,"HANVATPADA, HANVATPADA CHINCHALI, HANVATPADA CHINCHALI, HANVATPADA, AHWA, HANVATPADA","[{""NIC5DigitId"":""63992"",""Description"":""Activities of cyber café""}]"
24,GUJARAT,444,DANG,394710,19/08/2025,Jagu floor mill,"111, sunsetpoint, sunset point, 111, ahwa, ahwa","[{""NIC5DigitId"":""96098"",""Description"":""General household maintenance activities like grooming of the floor, dusting, cleaning of utensils etc.""}]"
24,GUJARAT,444,DANG,394710,28/07/2025,Shree Ji Kariyana Store,"25, Patelpada, Saputara Road ahwa, 25, Ahwa, Ahwa","[{""NIC5DigitId"":""46692"",""Description"":""Wholesale of fertilizers and agrochemical products""}]"
24,GUJARAT,444,DANG,394710,21/08/2025,BHOYE TRANSPORT,"-, -, UPALU FALIYU, -, -, AHWA","[{""NIC5DigitId"":""49232"",""Description"":""Non-motorised road freight transport""}]"
24,GUJARAT,444,DANG,394730,7/8/2025,Shrey Arts,"Near Post Office, Ashanagar, Ashanagar, Near Post Office, Waghai, Waghai","[{""NIC5DigitId"":""22205"",""Description"":""Manufacture of travel goods of plasitcs (suitcase, vanity bags, hoddalls and similar articles)""},{""NIC5DigitId"":""17015"",""Description"":""Manufacture of other special purpose paper (excluding computer stationary)""},{""NIC5DigitId"":""18111"",""Description"":""Printing of newspapers""},{""NIC5DigitId"":""18112"",""Description"":""Printing of magazines and other periodicals, books and brochures, maps, atlases, posters etc.""},{""NIC5DigitId"":""18119"",""Description"":""Other printing activities like screen printing other than textile n.e.c.""},{""NIC5DigitId"":""18122"",""Description"":""Engraving, etching and block making etc.""}]"
24,GUJARAT,444,DANG,394716,30/08/2025,New Jasmin Mobile,"Near Mobile Tower, Barda Faliyu, Mahal Road, Near Mobile Tower, Subir, Subir","[{""NIC5DigitId"":""47594"",""Description"":""Retail sale of refrigerators, washing machines and other electrical\/electronic household goods""},{""NIC5DigitId"":""95210"",""Description"":""Repair of consumer electronics""}]"
24,GUJARAT,444,DANG,394730,8/9/2025,SANJAY PAINTING,"AA, BORPADA, BORPADA, AA, AA, DAGADIAMBA","[{""NIC5DigitId"":""96098"",""Description"":""General household maintenance activities like grooming of the floor, dusting, cleaning of utensils etc.""}]"
24,GUJARAT,444,DANG,394716,8/9/2025,GOVIND DIGITAL SARVICE,"Khambhla, GOVIND DIGITAL SARVICE, Khambhla, Khambhla, Subir, Khambhla","[{""NIC5DigitId"":""63992"",""Description"":""Activities of cyber café""}]"
24,GUJARAT,444,DANG,394710,29/10/2025,DEEP CONSTRUCTION,"0, VARIOUS COLONY, NEAR PETROL PUMP, 0, 0, AHWA","[{""NIC5DigitId"":""41001"",""Description"":""Construction of buildings carried out on own-account basis or on a fee or contract basis""}]"
24,GUJARAT,444,DANG,394710,25/11/2025,SANJAYKUMAR DEVRAMBHAI BHOYE,"00, veriyash collony, petrol pamp ni same,, 00, Ahwa, Ahwa","[{""NIC5DigitId"":""46102"",""Description"":""Activities of commission agents dealing in wholesale trade inwood, paper, skin, leather and fur, fuel, petroleum products, chemicals, perfumery and cosmetics, glass, minerals, ores and metals""}]"
24,GUJARAT,444,DANG,394710,1/12/2025,FINALBEN PRASANTBHAI CHAUDHARI,"AT KALAMVIHIR, POST MAHALPADA, KALAMVIHIR, AT KALAMVIHIR, KALAMVIHIR, KALAMVIHIR","[{""NIC5DigitId"":""47510"",""Description"":""Retail sale of textiles in specialized stores""}]"
24,GUJARAT,444,DANG,394730,18/11/2025,Mohanbhai malubhai gavit Mineral Water,"45, Jamlapada (Rambhas), Waghai Saputara Road, 45, Waghai, Waghai","[{""NIC5DigitId"":""11043"",""Description"":""Manufacture of mineral water""},{""NIC5DigitId"":""11044"",""Description"":""Manufacture of ice""}]"
24,GUJARAT,444,DANG,394710,10/11/2025,RAJENDRABHAI MAHIPATBHAI KAMADI & LABOUR CONRACTOR,"02, RAJENDRABHAI KAMADI, GARKHADI AHWA DANG, 02, AHWA, AHWA","[{""NIC5DigitId"":""41002"",""Description"":""Activities relating to alteration, addition, repair, maintenance carried out on own-account basis or on a fee or contract basis""}]"
24,GUJARAT,444,DANG,394710,17/11/2025,BHARATBHAI BUDHUBHAI PAWAR,"00, chinchdhara, the dangs, 00, the dangs, the dangs","[{""NIC5DigitId"":""49300"",""Description"":""Transport via pipeline""}]"
24,GUJARAT,444,DANG,394716,20/02/2025,YOGESHBHAI NARESHBHAI BARSA,"70, UPLU FALIYU, BARDIPADA, 70, SUBIR, SUBIR","[{""NIC5DigitId"":""47222"",""Description"":""Retail sale of non-alcoholic beverages including icecream not for consumption on the premises""}]"
24,GUJARAT,444,DANG,394710,19/04/2025,A 1 AUTO GARAGE,"AA, NEAR SAPUTARA CHOKDI, NEAR SAPUTARA CHOKDI, AA, AA, AHWA","[{""NIC5DigitId"":""96098"",""Description"":""General household maintenance activities like grooming of the floor, dusting, cleaning of utensils etc.""}]"
24,GUJARAT,444,DANG,394720,16/04/2025,JAGRUTI MISSION MANGALAM SVASAHAY JUTH SANCHALI ARYAN TEA CENTER,"ARYAN TEA CENTER, NEAR SUGAR AND SPICE, OPP. HOTEL SAPUTARA, ARYAN TEA CENTER, SAPUTARA PARKING, SAPUTARA","[{""NIC5DigitId"":""56302"",""Description"":""Tea\/coffee shops""}]"
24,GUJARAT,444,DANG,394730,17/01/2025,DESHMUKH GENRAL STORE,"-, LAHANBARDA, -, -, -, WAGHAI","[{""NIC5DigitId"":""56291"",""Description"":""Activities of food service contractors (e.g. for transportation companies)""}]"
24,GUJARAT,444,DANG,394730,22/02/2025,JIGNABEN GOPALBHAI RATHOD,"0, PRATHAMIK SCHOOL KOSHMAL, 0, 0, 0, DANG","[{""NIC5DigitId"":""10801"",""Description"":""Manufacture of cattle feed""}]"
24,GUJARAT,444,DANG,394730,2/2/2025,HERBINN PRODUCTS,"5, ASHANGAR, NEAR POST OFFICE, 5, WAGHAI BLOCK, WAGHAI","[{""NIC5DigitId"":""20237"",""Description"":""Manufacture of cosmetics and toileteries (includes manufacture of pre- shave, shaving or after shave preparations; personal deodorants and anti- respirants; perfumed bath salts and other bath preparations; beauty or make-up preparations and preparations for the care of the skin, other than medicaments; manicure and pedicure preparations etc.)""}]"
24,GUJARAT,444,DANG,394716,8/2/2025,CHAUDHARI DYANESHVARBHAI PUNDALINKBHAI,"50Bk, KARANJADA, MAIN ROAD, 50Bk, 01, SUBIR","[{""NIC5DigitId"":""56301"",""Description"":""Bars and Restaurants with bars""}]"
24,GUJARAT,444,DANG,394710,12/2/2025,ISHWAR TRANSPORTATION,"-, AT JOGBARI, NR PRIMARY SCHOOL, -, -, AHWA","[{""NIC5DigitId"":""49232"",""Description"":""Non-motorised road freight transport""}]"
24,GUJARAT,444,DANG,394710,21/04/2025,RAHUL NASTA CENTER,"AA, NEAR BUS STAND, MAIN ROAD, AA, AA, AHWA","[{""NIC5DigitId"":""96098"",""Description"":""General household maintenance activities like grooming of the floor, dusting, cleaning of utensils etc.""}]"
24,GUJARAT,444,DANG,394716,29/01/2025,SAI DHABA,"SINGANA, SAI DHABA, MAIN ROAD, SINGANA, SINGANA, AHWA","[{""NIC5DigitId"":""47211"",""Description"":""Retail sale of cereals and pulses, tea, coffee, spices and flour""}]"
24,GUJARAT,444,DANG,394716,2/1/2025,BHUMI FLORE MILL,"SAVARPADA, BHUMI FLORE MILL, MAIN ROAD, SAVARPADA, SAVARPADA, AHWA","[{""NIC5DigitId"":""47219"",""Description"":""Retail sale of other food products n.e.c.""}]"
24,GUJARAT,444,DANG,394716,2/1/2025,BAGUL RICE MILL,"KHAJURNA, BAGUL RICE MILL, MAIN ROAD, KHAJURNA, KHAMBHLA, AHWA","[{""NIC5DigitId"":""47711"",""Description"":""Retail sale of readymade garments, hosiery goods, other articles of clothing and clothing accessories such as gloves, ties, braces etc.""}]"
24,GUJARAT,444,DANG,394716,31/01/2025,PRABHU KRUPA LADIES TAILOR MA MATERIAL,"PIPALAYDEVI, PRABHU KRUPA LADIES TAILOR MA MATERIAL, MAIN ROAD, PIPALAYDEVI, PIPALAYDEVI, AHWA","[{""NIC5DigitId"":""47714"",""Description"":""Retail sale of leather goods and travel accessories of leather and leather substitutes""}]"
24,GUJARAT,444,DANG,394716,29/01/2025,ASHA LADIES TAILOR,"SUBIR, ASHA LADIES TAILOR, MAIN ROAD, SUBIR, SUBIR, AHWA","[{""NIC5DigitId"":""47714"",""Description"":""Retail sale of leather goods and travel accessories of leather and leather substitutes""}]"
24,GUJARAT,444,DANG,394730,27/12/2024,PREM AUTO GARAGE,"2, MANMODI, BARIPADA TO SURGANA, 2, WAGHAI, WAGHAI","[{""NIC5DigitId"":""47599"",""Description"":""Retail sale of other household appliances n.e.c. ( security systems, such as locking devices, safes, and vaults, without installation or maintenance services etc. , wooden, cork and wickerwork goods, sewing and knitting machine and other household utensils and durables n.e.c.)""}]"
24,GUJARAT,444,DANG,394710,29/12/2024,BHOLE PAN CENTER,"1, SARDAR BAZAR, SARDAR BAZAR, 1, 1, AHWA","[{""NIC5DigitId"":""12008"",""Description"":""Manufacture of pan masala and related products.""}]"
24,GUJARAT,444,DANG,394730,15/02/2025,Shreya General Stores,"1, Shreya General Stores, waghai, 1, Waghai, waghai","[{""NIC5DigitId"":""47211"",""Description"":""Retail sale of cereals and pulses, tea, coffee, spices and flour""}]"
24,GUJARAT,444,DANG,394716,11/2/2025,MAYUR CSC CENTER,"1, SUBIR, NAVAPUR ROAD, 1, SUBIR, SUBIR","[{""NIC5DigitId"":""62099"",""Description"":""Other information technology and computer service activities n.e.c""}]"
24,GUJARAT,444,DANG,394730,21/04/2025,SHREE GANESH FRUIT COMPANY,"SHREE GANESH FRUIT C, WAGHAI MAIN BAZAR, MAIN BAZAR, SHREE GANESH FRUIT C, BESIDE PETROLPUMP, WAGHAI","[{""NIC5DigitId"":""46301"",""Description"":""Wholesale of fruits & vegetables""}]"
24,GUJARAT,444,DANG,394716,22/02/2025,TANVI XEROX,"00, 00, 00, 00, 00, PIPALDAHAD","[{""NIC5DigitId"":""63992"",""Description"":""Activities of cyber café""}]"
24,GUJARAT,444,DANG,394710,16/04/2025,Kamdi Surjibhai Ramubhai,"0, 0, ahwa, 0, 0, the danga","[{""NIC5DigitId"":""49231"",""Description"":""Motorised road freight transport""}]"
24,GUJARAT,444,DANG,394710,16/04/2025,GANESHBHAI R PATEL,"VAKIL COLONY, AHWA, VAKIL COLONY, VAKIL COLONY, AHWA, AHWA","[{""NIC5DigitId"":""68200"",""Description"":""Real estate activities on a fee or contract basis""}]"
24,GUJARAT,444,DANG,394710,16/04/2025,HARSH PARLOUR,"02, AHWA MISSIONPADA, At Po ahwa mission colony, 02, 02, AHWA","[{""NIC5DigitId"":""96020"",""Description"":""Hairdressing and other beauty treatment""}]"
24,GUJARAT,444,DANG,394715,13/04/2025,SARASVATI MISHAN MANGALAM WSHG CHICHINAGAVTHA,"CHICHINAGAVTHA, CHICHINAGAVTHA, CHICHINAGAVTHA, CHICHINAGAVTHA, Vaghai, CHICHINAGAVTHA","[{""NIC5DigitId"":""16294"",""Description"":""Manufacture of various articles made of bamboo, cane and grass""}]"
24,GUJARAT,444,DANG,394716,17/12/2024,thengal geetaben rekiyabhai,"00, nichalu faliyu keshbandh, shabari dham keshbandh, 00, 00, the dangs","[{""NIC5DigitId"":""56291"",""Description"":""Activities of food service contractors (e.g. for transportation companies)""}]"
24,GUJARAT,444,DANG,394716,11/6/2025,CHAUDHARI VIDHYABEN VIJAYBHAI,"CHINCHVIHIR, CHINCHIVIHIR POST PIPALDAHAD TA SUBIR, CHINCHVIHIR PATEL FALIYU, CHINCHVIHIR, SUBIR, SUBIR","[{""NIC5DigitId"":""47990"",""Description"":""Other retail sale not in stores, stalls or markets""}]"
24,GUJARAT,444,DANG,394715,11/2/2025,Marmikbhai,"173, naka faliyu, The Dangs, 173, Bhensakatri, The Dangs","[{""NIC5DigitId"":""27201"",""Description"":""Manufacture of primary cells and primary batteries nd rechargable batteries, cells containing manganese oxide, mercuric oxide silver oxide or other material""}]"
24,GUJARAT,444,DANG,394710,13/08/2025,FARMER,"AA, PWD COLONY, PWD COLONY, AA, AA, AHWA","[{""NIC5DigitId"":""96098"",""Description"":""General household maintenance activities like grooming of the floor, dusting, cleaning of utensils etc.""}]"
24,GUJARAT,444,DANG,394730,13/06/2022,BHOOMIKA ENTERPRISE,"1-17, kalaamba falyu, ahwa, 1-17, 0, shamgahan","[{""NIC5DigitId"":""47190"",""Description"":""Other retail sale in non-specialized stores""}]"
24,GUJARAT,444,DANG,394716,3/12/2020,Mehul online Center,"176 dh, Ramanbhai Manasubhai Devle, Giradhodh road Jamanyamal, 176 dh, 16, subir","[{""NIC5DigitId"":""63992"",""Description"":""Activities of cyber café""}]"
24,GUJARAT,444,DANG,394730,1/9/2020,AYURVAD GIRA,"13, GIRA, WAGHAI, 13, 13, WAGHAI","[{""NIC5DigitId"":""86909"",""Description"":""Other human health activities n.e.c. (including independent ambulance activities)""}]"
24,GUJARAT,444,DANG,394710,2/12/2020,MATIKAM & HET BRICKS,"11, Subir, Subir, 11, 11, Subir","[{""NIC5DigitId"":""23921"",""Description"":""Manufacture of bricks""}]"
24,GUJARAT,444,DANG,394730,16/06/2021,S.S. POULTRY FARM,"-, -, WAGHAI, -, NEAR MILK STORAGE, WAGHAI","[{""NIC5DigitId"":""01463"",""Description"":""Operation of poultry hatcheries""}]"
24,GUJARAT,444,DANG,394716,3/1/2022,Shravan Gavit,"1, BARDA(AMSARPADA), BARDA, 1, BARDA, SUBIR","[{""NIC5DigitId"":""47820"",""Description"":""Retail sale via stalls and markets of textiles, clothing and footwear""}]"
24,GUJARAT,444,DANG,394710,27/11/2020,MATIKAM & SONAL BRICKS,"13, Gulkund, Gulkund, 13, 13, Ahwa","[{""NIC5DigitId"":""23921"",""Description"":""Manufacture of bricks""}]"
24,GUJARAT,444,DANG,394716,12/5/2021,PANKAJBHAI GULABHAI CHAUDHARI,"1, PIPALDAHAD, AHWA, 1, 1, AHWA","[{""NIC5DigitId"":""77100"",""Description"":""Renting and leasing of motor vehicles""}]"
24,GUJARAT,444,DANG,394730,9/8/2021,"ADITYA GENERAL CONSTRATION, CHICHINAGANVTHA","00, BHAGARIYA SUKIRAVBHAI LAXYABHAI, CHICHINAGAVTHA, VACHALU FALIYU, 00, 00, WAGHAI","[{""NIC5DigitId"":""41002"",""Description"":""Activities relating to alteration, addition, repair, maintenance carried out on own-account basis or on a fee or contract basis""}]"
24,GUJARAT,444,DANG,394710,9/8/2021,PRAVINABEN JAYRAMBHAI GANGURDE,"AT PO JAMANVIHAR, PO GADHVI, JAMAN VIHAR, AT PO JAMANVIHAR, NA, AAHVA","[{""NIC5DigitId"":""47219"",""Description"":""Retail sale of other food products n.e.c.""}]"
24,GUJARAT,444,DANG,394710,25/11/2021,DANESHBHAI PREMCHANDBHAI PAWAR,"185, AT POST PATELPADA AHWA, PATELPADA AHWA, 185, AHWA, AHWA","[{""NIC5DigitId"":""01639"",""Description"":""Other post harvest crop activities, n.e.c.""}]"
24,GUJARAT,444,DANG,394710,14/09/2020,CHARAK VANOSHADI  PAYRPADA,"41, PAYARPADA, PAYARPADA, 41, 41, AHWA","[{""NIC5DigitId"":""86909"",""Description"":""Other human health activities n.e.c. (including independent ambulance activities)""}]"
24,GUJARAT,444,DANG,394730,27/05/2022,Aryan Digital Seva,"At.Borpada, Po.Dagadiamba, Borpada, At.Borpada, Ta.Waghai, Dist. Dang","[{""NIC5DigitId"":""63992"",""Description"":""Activities of cyber café""}]"
24,GUJARAT,444,DANG,394730,23/05/2022,SUMER SALES AGENCY,"90/3, DARGAH ROAD, NR DARGAH, 90/3, -, WAGHAI","[{""NIC5DigitId"":""46309"",""Description"":""Wholesale of other basic\/manufactured food stuffs n.e.c.""}]"
24,GUJARAT,444,DANG,394730,17/06/2022,HARISAHMED V KHAN,"at&po. waghai, -, opp.Icds office,, at&po. waghai, -, 10. DANG","[{""NIC5DigitId"":""41001"",""Description"":""Construction of buildings carried out on own-account basis or on a fee or contract basis""}]"
24,GUJARAT,444,DANG,394710,7/9/2021,Shree Ram Autoparts,"0, Behind Samarth hospital, navapur road, 0, ahwa, ahwa","[{""NIC5DigitId"":""45300"",""Description"":""Sale of motor vehicle parts and accessories""}]"
24,GUJARAT,444,DANG,394710,7/6/2021,SHRI JEBARAO LAXMANBHAI GANGURDE,"S/O, GARMAL, THE DANG, S/O, 1, DANG","[{""NIC5DigitId"":""49229"",""Description"":""Other non urban passenger land transport n.e.c.""}]"
24,GUJARAT,444,DANG,394730,6/7/2022,NAHARI JAY AMBE BHOJNALAY,"NAHARI JAY AMBE BHO, C/PRAKASHBHAIO, MANDIR FALIYU, NAHARI JAY AMBE BHO, WAGHAI, WAGHAI","[{""NIC5DigitId"":""56292"",""Description"":""Operation of canteens or (e.g. for factories, offices, hospitals or schools) on a concession basis""}]"
24,GUJARAT,444,DANG,394710,12/4/2024,JAYESHBHAI DEVRAMBHAI KAMADI,"184 PATEL FALIYU, GONDALVIHIR, AHWA, 184 PATEL FALIYU, AHWA, AHWA","[{""NIC5DigitId"":""71100"",""Description"":""Architectural and engineering activities and related technical consultancy""}]"
24,GUJARAT,444,DANG,394730,18/12/2020,MURLI EARTH MOVER,"0, 0, 0, 0, 0, THE DANG","[{""NIC5DigitId"":""49229"",""Description"":""Other non urban passenger land transport n.e.c.""}]"
24,GUJARAT,444,DANG,394710,3/2/2021,UNI NATURO LIFE,"0, MISSINPADA, MAIN ROAD, 0, 0, DANG","[{""NIC5DigitId"":""74909"",""Description"":""Other professional, scientific and technical activities n.e.c.""}]"
24,GUJARAT,444,DANG,394720,4/4/2024,SAI MOBILE SHOP,"55, NASHIK SURAT ROAD, NASHIK SURAT ROAD, 55, AHWA, SAPUTARA","[{""NIC5DigitId"":""46524"",""Description"":""Wholesale of telephone, mobile phone and communications equipment and parts""}]"
24,GUJARAT,444,DANG,394710,29/09/2023,EPIC CONSULTANT & DEVELOPERS,"02, AHAWA MISSION COLONY, AHWA MAIN ROAD, 02, 03, AHWA","[{""NIC5DigitId"":""42909"",""Description"":""Other civil engineering projects n.e.c.""},{""NIC5DigitId"":""43301"",""Description"":""Installation of doors, windows, door and window frames, fitted kitchens, of wood or other materials""},{""NIC5DigitId"":""43303"",""Description"":""Interior and exterior painting, glazing, plastering and decorating of buildings or civil engineering structures""},{""NIC5DigitId"":""41001"",""Description"":""Construction of buildings carried out on own-account basis or on a fee or contract basis""}]"
24,GUJARAT,444,DANG,394715,16/01/2023,MADHUBHAI ANSHYABHAI GAVIT,"0, 0, MAIN ROAD, 0, 0, THE DANGS","[{""NIC5DigitId"":""49231"",""Description"":""Motorised road freight transport""}]"
24,GUJARAT,444,DANG,394716,4/11/2022,CHAUDHARI SANJAYBHAI,"KHAJURNA, KHAJURNA, KHAJURNA, KHAJURNA, SUBIR, SUBIR","[{""NIC5DigitId"":""10799"",""Description"":""Other semi-processed, processed or instant foods n.e.c. except farinaceous products and malted foods and manufacturing activities like manufacture of egg powder, sambar powder etc. (this excludes the activities covered under 10619)""}]"
24,GUJARAT,444,DANG,394710,6/2/2023,YSTUDIO GRAPHICS PRINTING,"Shop No 13 1st floor, Dang Seva Mandal, Main Road, Shop No 13 1st floor, Ahwa, Ahwa","[{""NIC5DigitId"":""74103"",""Description"":""Services of graphic designers""}]"
24,GUJARAT,444,DANG,394730,21/07/2023,Minaxi Saree Center,"Main Road, Minaxi Saree Center, Main Road, Main Road, Waghai, Waghai","[{""NIC5DigitId"":""47711"",""Description"":""Retail sale of readymade garments, hosiery goods, other articles of clothing and clothing accessories such as gloves, ties, braces etc.""}]"
24,GUJARAT,444,DANG,394710,2/2/2023,PARVATI LADIES TAILOR,"20, SARDAR MARKET, AHWA, 20, AHWA, AHWA","[{""NIC5DigitId"":""14105"",""Description"":""Custom tailoring""}]"
24,GUJARAT,444,DANG,394730,11/11/2020,vanoshadi nahari kendra,"15, nahari hotel waghai, waghai, 15, 13, waghai","[{""NIC5DigitId"":""86909"",""Description"":""Other human health activities n.e.c. (including independent ambulance activities)""}]"
24,GUJARAT,444,DANG,394730,25/05/2023,FIZA TRANSPORT,"13-1-13, ASHANAGAR, WAGHAI, 13-1-13, -, WAGHAI","[{""NIC5DigitId"":""52294"",""Description"":""Weighing of goods""}]"
24,GUJARAT,444,DANG,394710,8/6/2021,ANILBHAI GANPATBHAI GANGURDE,"131, KARBHARI FALIYU, Navapur Road, 131, 131, Ahwa","[{""NIC5DigitId"":""52294"",""Description"":""Weighing of goods""}]"
24,GUJARAT,444,DANG,394716,17/09/2022,Raut Nileshbhai Bhilyabhai,"kesbandh, Keshbandh, Keshbandh, kesbandh, Subir, ubir","[{""NIC5DigitId"":""46302"",""Description"":""Wholesale of raw milk & dairy products""}]"
24,GUJARAT,444,DANG,394716,19/03/2023,ChattwoBot,"GAMIT VIRSINGHBHAI, GAMIT VIRSINGHBHAI BAPUBHAI, PATEL FALIYU, GAMIT VIRSINGHBHAI, PATEL FALIYU, JAMALA","[{""NIC5DigitId"":""62099"",""Description"":""Other information technology and computer service activities n.e.c""}]"
24,GUJARAT,444,DANG,394715,31/01/2023,BHOYE LAXMANBHAI SITARAMBHAI,"0, BHOYE LAXMANBHAI SITARAMBHAI, AHWA ROAD, 0, WAGHAI, WAGHAI","[{""NIC5DigitId"":""46909"",""Description"":""Other non-specialised wholesale trade n.e.c.""}]"
24,GUJARAT,444,DANG,394710,21/12/2022,SAI CONSTRUCTION,"0, SAI CONSTRUCTION, LINGA, 0, 0, DANG","[{""NIC5DigitId"":""41001"",""Description"":""Construction of buildings carried out on own-account basis or on a fee or contract basis""},{""NIC5DigitId"":""41002"",""Description"":""Activities relating to alteration, addition, repair, maintenance carried out on own-account basis or on a fee or contract basis""}]"
24,GUJARAT,444,DANG,394710,7/12/2020,MATIKAM & K.B.K BRICKS,"45, Subir, Subir, 45, 45, Ahwa","[{""NIC5DigitId"":""23921"",""Description"":""Manufacture of bricks""}]"
24,GUJARAT,444,DANG,394710,9/4/2024,DUSANE MOBILE GALLERY,"0, N/A, MAIN BAZAR ROAD, 0, 0, AHWA","[{""NIC5DigitId"":""47594"",""Description"":""Retail sale of refrigerators, washing machines and other electrical\/electronic household goods""}]"
24,GUJARAT,444,DANG,394716,6/9/2021,NAVJEEVAN GENERAL STORE,"63/1,, ,, DUDH DERI NE BAJUMA,, 63/1,, BAZAR FLIYU,, AHWA,","[{""NIC5DigitId"":""47110"",""Description"":""Retail sale in non-specialized stores with food, beverages or tobacco predominating""},{""NIC5DigitId"":""46419"",""Description"":""Wholesale of other clothing items n.e.c.""}]"
24,GUJARAT,444,DANG,394716,28/06/2021,Dhruv Investment & Insurance Center,"0, Navjyot, Shabridham Road, 0, Subir, Subir","[{""NIC5DigitId"":""65110"",""Description"":""Life insurance""}]"
24,GUJARAT,444,DANG,394710,22/12/2021,General Store,"99, Morzira, The Dangs, 99, The Dangs, The Dangs","[{""NIC5DigitId"":""47211"",""Description"":""Retail sale of cereals and pulses, tea, coffee, spices and flour""}]"
24,GUJARAT,444,DANG,394710,14/10/2021,SHREE LAXMI ELECTRICAL,"Thakur complex, Ahwa Main Road, MAIN ROAD AHWA, Thakur complex, Ahwa, AHWA","[{""NIC5DigitId"":""96098"",""Description"":""General household maintenance activities like grooming of the floor, dusting, cleaning of utensils etc.""}]"
24,GUJARAT,444,DANG,394730,28/06/2021,MANSURI MOBILE,"12, MANSURI MOBILE WAGHAI, railway station road waghai, 12, WAGHAI, WAGHAI","[{""NIC5DigitId"":""62091"",""Description"":""Software installation""}]"
24,GUJARAT,444,DANG,394716,28/06/2021,CSC,"0, KHAMBHLA, KHAMBHLA, 0, 0, KHAMBHLA","[{""NIC5DigitId"":""75000"",""Description"":""Veterinary activities""}]"
24,GUJARAT,444,DANG,394710,21/10/2021,Vimal rice mill,"111, 0, AHWA, 111, 0, DANGS","[{""NIC5DigitId"":""10612"",""Description"":""Rice milling""},{""NIC5DigitId"":""10614"",""Description"":""Grain milling other than wheat, rice and dal""}]"
24,GUJARAT,444,DANG,394730,9/3/2023,VINODBHAI DATTATRAY JIRE,"SUNITA CLINIC, 1-63-1, DAVAKHANA FALIYU, SUNITA CLINIC, TA AHWA, SAPUTARA","[{""NIC5DigitId"":""86100"",""Description"":""Hospital activities""},{""NIC5DigitId"":""86904"",""Description"":""Activities of nurses, masseures, physiotherapists or other para-medical practitioners""}]"
24,GUJARAT,444,DANG,394730,25/01/2023,BIRARI BHAGVATBHAI SHIVABHAI,"SBI CSP BC, NADAGCHOND PANCHAYAT, NADAGCHOND, SBI CSP BC, WAGHAI, WAGHAI","[{""NIC5DigitId"":""62099"",""Description"":""Other information technology and computer service activities n.e.c""},{""NIC5DigitId"":""64990"",""Description"":""Other financial service activities, except insurance and pension funding activities, n.e.c""}]"
24,GUJARAT,444,DANG,394710,2/3/2023,JAY MAHAKAL COMPUTERS,"0, JAY MAHAKAL COMPUTERS, BANDHARPADA, 0, 0, AHWA","[{""NIC5DigitId"":""47411"",""Description"":""Retail sale of computers and computer peripherals""},{""NIC5DigitId"":""95111"",""Description"":""Repair and maintenance of computer and peripheral equipment""}]"
24,GUJARAT,444,DANG,394710,30/06/2023,DIVA TRANSPORT,"-, VANZITEMBRUN, GARAKHADI, -, -, AHWA","[{""NIC5DigitId"":""49231"",""Description"":""Motorised road freight transport""}]"
24,GUJARAT,444,DANG,394710,7/10/2023,MISHRA ASHISH DEVISHANKAR,"P W D COLLONY, AHWA, NR. PASHU DAVAKHANA, P W D COLLONY, AHWADANGS, AHWA","[{""NIC5DigitId"":""56291"",""Description"":""Activities of food service contractors (e.g. for transportation companies)""}]"
24,GUJARAT,444,DANG,394730,5/8/2023,BUDHYABHAI L VARTHA,"52, LAHANDABDAR, SAPUTARA ROAD, 52, -, WAGHAI","[{""NIC5DigitId"":""49231"",""Description"":""Motorised road freight transport""}]"
24,GUJARAT,444,DANG,394730,6/12/2022,VISHAL HOME STREET (PAYING GUEST ROOM SERVICE),"12/41, NAKA FALIYU, WAGHAI, 12/41, WAGHAI, WAGHAI","[{""NIC5DigitId"":""55101"",""Description"":""Hotels and Motels, inns, resorts providing short term lodging facilities; includes accommodation in house boats""},{""NIC5DigitId"":""55109"",""Description"":""Provision of short stay accommodation n.e.c. (e.g. holiday homes, private guest houses etc.)""}]"
24,GUJARAT,444,DANG,394710,25/01/2023,DALVI RAJARAMBHAI BUDHYABHAI,"CSP BC, JAKHANA PANCHAYAT, VACHALU FALIYU, CSP BC, AHWA, AHWA","[{""NIC5DigitId"":""62099"",""Description"":""Other information technology and computer service activities n.e.c""},{""NIC5DigitId"":""64990"",""Description"":""Other financial service activities, except insurance and pension funding activities, n.e.c""}]"
24,GUJARAT,444,DANG,394730,21/07/2022,SABAR COMPUTERS,"AT PO WAGHAI, BESIDE NEW POLICE STATION, DUNGARDA ROAD, AT PO WAGHAI, -, DANG",
24,GUJARAT,444,DANG,394710,23/08/2023,SAI NOVELTY,"AHWA SARDAR BAZAR, TA AHWA DIST DANG, MAIN ROAD SARDAR BAZAR, AHWA SARDAR BAZAR, AHWA, AHWA","[{""NIC5DigitId"":""96098"",""Description"":""General household maintenance activities like grooming of the floor, dusting, cleaning of utensils etc.""}]"
24,GUJARAT,444,DANG,394716,23/08/2023,UMESHBHAI BUDHABHAI PATEL,"00, MANDIR FALIYU, MANDIR FALIYU, 00, 00, SUBIR","[{""NIC5DigitId"":""47711"",""Description"":""Retail sale of readymade garments, hosiery goods, other articles of clothing and clothing accessories such as gloves, ties, braces etc.""}]"
24,GUJARAT,444,DANG,394730,28/08/2023,RAJESH TRANSPORT,"-, KUNDA, KUNDA, -, -, WAGHAI","[{""NIC5DigitId"":""49110"",""Description"":""Passenger rail transport""}]"
24,GUJARAT,444,DANG,394730,26/07/2023,JAYRAMBHAI FARM,"-, VACHALU FALIYU, NR TRAN RASTA, -, -, WAGHAI","[{""NIC5DigitId"":""49232"",""Description"":""Non-motorised road freight transport""}]"
24,GUJARAT,444,DANG,394730,26/05/2023,"SHIVAMKALA CHARITABLE TRUST, WAGHAI","AT POST WAGHAI, RAJENDRAPUR, WAGHAI S.O, AT POST WAGHAI, AT POST WAGHAI, WAGHAI","[{""NIC5DigitId"":""85500"",""Description"":""Educational support services""}]"
24,GUJARAT,444,DANG,394715,26/07/2023,bhoye samduriben P,"devipada, Devipada, saputara, devipada, waghai, waghai","[{""NIC5DigitId"":""10611"",""Description"":""Flour milling""},{""NIC5DigitId"":""10612"",""Description"":""Rice milling""}]"
24,GUJARAT,444,DANG,394710,17/11/2022,STAYPOINT,"Near Forest Office, StayPoint, Kachanghat road, Near Forest Office, Ahwa, The Dangs","[{""NIC5DigitId"":""62020"",""Description"":""Computer consultancy and computer facilities management activities""}]"
24,GUJARAT,444,DANG,394715,13/11/2021,JIGNESHKUMAR HARESHBHAI BHOYE,"105-G, AT POST HANVATCHOND, HANVATCHOND, 105-G, AHWA, AHWA","[{""NIC5DigitId"":""68200"",""Description"":""Real estate activities on a fee or contract basis""}]"
24,GUJARAT,444,DANG,394710,4/8/2022,PREMILABEN KASHIRAMBHAI GANGURDE,"00, ahwa, ahwa, 00, 00, AHWA","[{""NIC5DigitId"":""15201"",""Description"":""Manufacture of leather footwear such as shoes, sandals, chappals, leather-cum-rubber\/plastic cloth sandles and chappals""}]"
24,GUJARAT,444,DANG,394716,15/11/2021,RAVIKUMAR MOTIRAM CHAUDHARI,"01, AT POST JOGTHAVA PIPALDAHAD, JOGTHAVA PIPALDAHAD, 01, SUBIR, AHWA","[{""NIC5DigitId"":""01639"",""Description"":""Other post harvest crop activities, n.e.c.""}]"
24,GUJARAT,444,DANG,394730,28/09/2022,Baba bakery,"29 Singal faliyu, Railway station, Railway station, 29 Singal faliyu, 29, Vaghai","[{""NIC5DigitId"":""10719"",""Description"":""Manufacture of other bakery products n.e.c.""}]"
24,GUJARAT,444,DANG,394710,19/09/2022,KRISHNA GENERAL STORE,"PWD COLONY, MAIN ROAD, MAIN ROAD, PWD COLONY, AHWA, AHWA","[{""NIC5DigitId"":""96097"",""Description"":""Activities of aaya, dhai, governess, baby sitter etc.""}]"
24,GUJARAT,444,DANG,394730,31/03/2022,THAKRE VIJAYBHAI GULABBHAI,"1, R D LOG, MAIN ROAD, 1, 1, AHWA","[{""NIC5DigitId"":""56101"",""Description"":""Restaurants without bars""}]"
24,GUJARAT,444,DANG,394715,13/02/2023,BHARAT BAGUL,"101 nishal faliya, Khokhri, Near primary school, 101 nishal faliya, Khokri, Ahwa","[{""NIC5DigitId"":""49300"",""Description"":""Transport via pipeline""}]"
24,GUJARAT,444,DANG,394720,28/02/2023,SUMIT HANDICRAFTS,"13 b, New shopping centre, Saputara, 13 b, Saputara, Saputara","[{""NIC5DigitId"":""16221"",""Description"":""Manufacture of structural wooden goods [intended to be used primarily in the construction industry such as beams, rafters, roof struts, glue-laminated and metal connected, prefabricated wooden roof trusses, doors, windows, shutters and their frames, whether or not containing metal fittings, stairs, railings, wooden beadings and mouldings, shingles and shakes etc.]""}]"
24,GUJARAT,444,DANG,394730,24/01/2023,KAUSHARBANU FAIZAN DHANANI,"7-110, BAJAR FALIYU, BAJAR FALIYU, 7-110, WAGHAI, WAGHAI","[{""NIC5DigitId"":""95292"",""Description"":""Repair and alteration of clothing""}]"
24,GUJARAT,444,DANG,394710,6/7/2023,MARUTI AGRO & CSC CENTER,"AT BARIPADA, PO NADAGCHOND, BARIPADA, AT BARIPADA, AHWA, AHWA","[{""NIC5DigitId"":""47737"",""Description"":""Retail sale of seeds, fertilisers, pesticides, machinery equipments and hand tools""}]"
24,GUJARAT,444,DANG,394730,27/05/2021,TULJIBHAI MANSUBHAI KHOTRE,"AT POST KUDKAS, GRAMIYA VISTAR, KUDKAS, AT POST KUDKAS, WAGHAI, WAGHAI","[{""NIC5DigitId"":""01612"",""Description"":""Operation of agricultural irrigation equipment""}]"
24,GUJARAT,444,DANG,394710,31/07/2021,BAGUL MUKESHBHAI SOMABHAI,"0, 0, UPLU FALIYU, 0, 0, THE DANGS","[{""NIC5DigitId"":""49300"",""Description"":""Transport via pipeline""}]"
24,GUJARAT,444,DANG,394730,23/05/2022,SAI PLASTIC TRADING,"3/35, ASHANAGAR FALIYU, POST OFFICE NI PACHAD, 3/35, -, WAGHAI","[{""NIC5DigitId"":""47890"",""Description"":""Retail sale via stalls and markets of other goods""}]"
24,GUJARAT,444,DANG,394710,28/09/2022,NILAM GAS AGENCY,"-, RAGHUKUL TILAK, MAIN BAZAR, -, -, AHWA","[{""NIC5DigitId"":""47736"",""Description"":""Retail sale of household fuel oil, bottled gas, coal and fuel wood""}]"
24,GUJARAT,444,DANG,394715,23/02/2023,SITABEN RAVINDRABHAI BHIVSAN,"NADAGKHADI, NADAGKHADI, NADAGKHADI, NADAGKHADI, NADAGKHADI, TAL AHWA","[{""NIC5DigitId"":""47190"",""Description"":""Other retail sale in non-specialized stores""}]"
24,GUJARAT,444,DANG,394730,8/4/2023,PRAVINBHAI HIMATBHAI PATIL,"1-17, SAI CLINIC, DAWAKHANA FALIYU, 1-17, TA AHWA, AHWA","[{""NIC5DigitId"":""86100"",""Description"":""Hospital activities""},{""NIC5DigitId"":""86904"",""Description"":""Activities of nurses, masseures, physiotherapists or other para-medical practitioners""}]"
24,GUJARAT,444,DANG,394715,1/6/2021,M/S THE UDDYAUNMUKH NAUYUVAN TRUST,"187, M/S THE UDDYAUNMUKH NAUYUVAN TRUST, TEKPADA DUGRIFALIYU, 187, WAGHAI, THE DANG AHWA","[{""NIC5DigitId"":""58199"",""Description"":""Other publishing activities (including on-line) n.e.c.""},{""NIC5DigitId"":""10509"",""Description"":""Manufacture of other dairy products n.e.c.""},{""NIC5DigitId"":""41001"",""Description"":""Construction of buildings carried out on own-account basis or on a fee or contract basis""}]"
24,GUJARAT,444,DANG,394716,28/09/2022,PARIDHI CLASSES,"104, PATEL FALIYU, PO LAVCHALI, 104, 0, DANGS","[{""NIC5DigitId"":""85491"",""Description"":""Academic tutoring services""}]"
24,GUJARAT,444,DANG,394710,24/04/2023,Aariz builders,"0, Near masjid, Near masjid, 0, Ahwa, Ahwa","[{""NIC5DigitId"":""08106"",""Description"":""Operation of sand or gravel pits, basalt \/ porphyry, clay (ordinary), crushing and breaking of stone for use as a flux or raw material in lime or cement, manufacture or as building material, road metal or ballast and other materials for construction""}]"
24,GUJARAT,444,DANG,394730,30/09/2022,Pranav Kirana Store,"0, 0, Uplu Faliya, 0, 0, Ta.-Waghai","[{""NIC5DigitId"":""47190"",""Description"":""Other retail sale in non-specialized stores""},{""NIC5DigitId"":""46304"",""Description"":""Wholesale of confectionery, bakery products and beverages other than intoxicants""}]"
24,GUJARAT,444,DANG,394710,14/02/2023,AIM POWER,"-, -, AHWA, -, CHIKATIYA, GUJARAT","[{""NIC5DigitId"":""64199"",""Description"":""Other monetary intermediation services n.e.c.""},{""NIC5DigitId"":""64920"",""Description"":""Other credit granting""},{""NIC5DigitId"":""64990"",""Description"":""Other financial service activities, except insurance and pension funding activities, n.e.c""},{""NIC5DigitId"":""66110"",""Description"":""Administration of financial markets""}]"
24,GUJARAT,444,DANG,394730,5/10/2023,SANTOSHABHAI MONSINGABHAI DHAMAL,"0, 0, SHAMGAHAN, 0, 0, SHAMGAHAN","[{""NIC5DigitId"":""47212"",""Description"":""Retail sale of fresh or preserved fruit and vegetables""}]"
24,GUJARAT,444,DANG,394716,14/10/2023,SHRI KAMLESHBHAI RAVJUBHAI PAWAR,"0, UGA, UGA, 0, SCHOOL, UGA LAVCHALI","[{""NIC5DigitId"":""46301"",""Description"":""Wholesale of fruits & vegetables""}]"
24,GUJARAT,444,DANG,394710,24/08/2023,ISMAIL SHEKHMUKADAR PINJARA,"592, PATELPADA, PATELPADA, 592, 592, AHWA","[{""NIC5DigitId"":""32909"",""Description"":""Manufacture of other articles n.e.c.""}]"
24,GUJARAT,444,DANG,394710,12/4/2021,SURAJBAMBU,"0, 0, ZHAKHANA, 0, 0, DANGS","[{""NIC5DigitId"":""16294"",""Description"":""Manufacture of various articles made of bamboo, cane and grass""}]"
24,GUJARAT,444,DANG,394710,21/07/2022,BAMBOO HANDICRAFTS,"DUNGRI FALIYA AHWA, DUNGRI FALIYA AHWA, DUNGRI FALIYA ROAD AHWA, DUNGRI FALIYA AHWA, AHWA, AHWA","[{""NIC5DigitId"":""16212"",""Description"":""Manufacture of particle board and fibreboard including densified wood""}]"
24,GUJARAT,444,DANG,394710,30/06/2021,RAFIUDDIN BILALBHAI VANI,"AT POST, NANDANPEDA, NANDANPEDA, AT POST, AHWA, AHWA","[{""NIC5DigitId"":""68200"",""Description"":""Real estate activities on a fee or contract basis""}]"
24,GUJARAT,444,DANG,394710,6/5/2023,Visamo,"362, Visamo, Ahwa, 362, Gadhavi, Dang","[{""NIC5DigitId"":""55101"",""Description"":""Hotels and Motels, inns, resorts providing short term lodging facilities; includes accommodation in house boats""}]"
24,GUJARAT,444,DANG,394710,17/05/2022,GAJANAN EARTH MOVERS,"-, SCHOOL FALIYU, PO - BHAVANDAGAD, -, -, AHWA","[{""NIC5DigitId"":""68200"",""Description"":""Real estate activities on a fee or contract basis""}]"
24,GUJARAT,444,DANG,394730,25/08/2022,AMAZING ELECTRIC,"0, AMAZING ELECTRIC, DARGAH FALIYU, 0, 0, WAGHAI","[{""NIC5DigitId"":""95210"",""Description"":""Repair of consumer electronics""},{""NIC5DigitId"":""46109"",""Description"":""Activities of other commission agents n.e.c. (including commission agents working in emerging areas for wholesale trade""},{""NIC5DigitId"":""46521"",""Description"":""Wholesale of electronic valves and tubes, semiconductor devices, microchips, integrated circuits and printed circuits""}]"
24,GUJARAT,444,DANG,394650,10/10/2022,SABAR ENTERPRISES,"C/O SHAIKH MOHAMMADT, SHAIKH HUSEN, VYARA, C/O SHAIKH MOHAMMADT, VYARA, VYARA","[{""NIC5DigitId"":""46304"",""Description"":""Wholesale of confectionery, bakery products and beverages other than intoxicants""}]"
24,GUJARAT,444,DANG,394730,25/12/2020,MALAKANI GULAMBHAI GAFARBHAI,"0, RAJENDRAPUR FALIYU, RAJENDRAPUR FALIYU, 0, 0, WAGHAI","[{""NIC5DigitId"":""52294"",""Description"":""Weighing of goods""}]"
24,GUJARAT,444,DANG,394710,4/12/2021,R D BHOYE CONSTRUCTION,"-, -, -, -, BORKHAL, AHWA","[{""NIC5DigitId"":""81210"",""Description"":""General cleaning of buildings""},{""NIC5DigitId"":""41001"",""Description"":""Construction of buildings carried out on own-account basis or on a fee or contract basis""}]"
24,GUJARAT,444,DANG,394710,9/1/2023,HETAL MUKESH JADAV,"01, AHWA, AHWA, 01, 01, AHWA","[{""NIC5DigitId"":""85493"",""Description"":""Flying school""}]"
24,GUJARAT,444,DANG,394730,30/05/2022,Sahoo Digital Seva,"45, singal faliyu, dungarada road, 45, waghai, wagahi","[{""NIC5DigitId"":""63992"",""Description"":""Activities of cyber café""}]"
24,GUJARAT,444,DANG,394730,21/08/2022,Swati Chandrashekhar Jagtap,"Main Bazar, Waghai, Waghai, Main Bazar, Waghai, Waghai","[{""NIC5DigitId"":""66190"",""Description"":""Activities auxiliary to financial service activities n.e.c.""}]"
24,GUJARAT,444,DANG,394730,23/01/2022,VASU FASHION MALL,"Opp bus stand, At post waghai, Waghai main road, Opp bus stand, Na, Dangs","[{""NIC5DigitId"":""47711"",""Description"":""Retail sale of readymade garments, hosiery goods, other articles of clothing and clothing accessories such as gloves, ties, braces etc.""}]"
24,GUJARAT,444,DANG,394730,15/09/2023,EKVEERA TRADING CO.,"1-70, KALA AMBA FALIYU, NEAR BUS STOP, 1-70, TA.AHWA, AHWA","[{""NIC5DigitId"":""47110"",""Description"":""Retail sale in non-specialized stores with food, beverages or tobacco predominating""},{""NIC5DigitId"":""46304"",""Description"":""Wholesale of confectionery, bakery products and beverages other than intoxicants""}]"
24,GUJARAT,444,DANG,394716,18/09/2021,MOBILE CITY,"151, NA, BAZAR FALIYU, 151, SUBIR, AHWA","[{""NIC5DigitId"":""46524"",""Description"":""Wholesale of telephone, mobile phone and communications equipment and parts""}]"
24,GUJARAT,444,DANG,394716,18/01/2023,PAWAR TRANSPORT,"-, KADMAL, SUBIR ROAD, -, -, SUBIR","[{""NIC5DigitId"":""49231"",""Description"":""Motorised road freight transport""}]"
24,GUJARAT,444,DANG,394710,17/10/2022,V N TRADERS,"0, V N TRADERS, MISWHANPADA, 0, 0, WAGHAI","[{""NIC5DigitId"":""47110"",""Description"":""Retail sale in non-specialized stores with food, beverages or tobacco predominating""}]"
24,GUJARAT,444,DANG,394730,22/11/2022,CHAUDHARI HEMANTKUMAR RAMDASBHAI,"7, KIRANA STORE, SAPUTARA -WAGHAI MAIN ROAD, 7, KALA AMBA FALIYU, AHWA","[{""NIC5DigitId"":""47110"",""Description"":""Retail sale in non-specialized stores with food, beverages or tobacco predominating""},{""NIC5DigitId"":""47190"",""Description"":""Other retail sale in non-specialized stores""}]"
24,GUJARAT,444,DANG,394710,16/05/2022,NITINBHAI JAGANTHABHAI NIKAM,"34, BANDAHRPADA NEAR PETROL PUMP AHWA, BANDAHRPADA NEAR PETROL PUMP A, 34, AHWA, AHWA","[{""NIC5DigitId"":""66290"",""Description"":""Other activities auxiliary to insurance and pension funding""}]"
24,GUJARAT,444,DANG,394710,21/09/2022,PRAKASH GENERAL STORE,"VASURNA, VASURNA POST. AHAW TA. AHWA DIST.DANG, VASURNA, VASURNA, AHWA, VASURNA","[{""NIC5DigitId"":""96094"",""Description"":""Coin-operated personal service machines such as photo booths, weighing machines, blood pressure checking machines etc.""}]"
24,GUJARAT,444,DANG,394710,19/01/2023,CHANDAN LLADIES TAILOR,"69, FOREST COLONY PASHU DAVAKHANA SAME, ASHRAM ROAD, 69, AHWA, AHWA","[{""NIC5DigitId"":""13991"",""Description"":""Embroidery work and making of laces and fringes""}]"
24,GUJARAT,444,DANG,394730,19/01/2023,SHREE MEDICAL & GENERAL STORES,"1-67-3, SHREE MEDICAL & GENERAL STORES, WAGHAI -SAPUTARA MAIN ROAD, 1-67-3, DAVAKHANA FALIYU, SAPUTARA","[{""NIC5DigitId"":""47219"",""Description"":""Retail sale of other food products n.e.c.""},{""NIC5DigitId"":""47721"",""Description"":""Retail sale of pharmaceuticals, medical and orthopaedic goods and toilet articles""},{""NIC5DigitId"":""47722"",""Description"":""Retail sale of perfumery and cosmetic articles""}]"
24,GUJARAT,444,DANG,394710,15/10/2022,R K GANGODA,"VILLAGE PANDVA, RO RAHULBHAI KAMLESHBHAI GANGODA, PANDVA, VILLAGE PANDVA, AHWA, AHWA","[{""NIC5DigitId"":""41002"",""Description"":""Activities relating to alteration, addition, repair, maintenance carried out on own-account basis or on a fee or contract basis""}]"
24,GUJARAT,444,DANG,394730,3/10/2023,Rathod Savitaben Gamanbhai,"08, devipada, saputara, 08, waghai, waghai","[{""NIC5DigitId"":""10799"",""Description"":""Other semi-processed, processed or instant foods n.e.c. except farinaceous products and malted foods and manufacturing activities like manufacture of egg powder, sambar powder etc. (this excludes the activities covered under 10619)""}]"
24,GUJARAT,444,DANG,394730,29/09/2020,UNIQUE E DIGITAL SEVA KENDRA,"1, SONU CIMENT AGENCY, BEHIND OLD POLICE STATION, 1, FIRST FLOOR, WAGHAI","[{""NIC5DigitId"":""62099"",""Description"":""Other information technology and computer service activities n.e.c""},{""NIC5DigitId"":""63122"",""Description"":""Operation of other websites that act as portals to the Internet, such as media sites providing periodically updated content""},{""NIC5DigitId"":""63910"",""Description"":""News agency activities""}]"
24,GUJARAT,444,DANG,394710,16/01/2024,Pooja-1 NTFP,"Bus Stend Faliya, Diwantemrun, Diwantemrun, Bus Stend Faliya, Ahwa, Ahwa","[{""NIC5DigitId"":""21001"",""Description"":""Manufacture of medicinal substances used in the manufacture of pharmaceuticals: antibiotics, endocrine products, basic vitamins; opium derivatives; sulpha drugs; serums and plasmas; salicylic acid, its salts and esters; glycosides and vegetable alkaloids; chemically pure suger etc.""}]"
24,GUJARAT,444,DANG,394715,6/6/2023,ASHOKBHAI FULSINGBHAI PAVAR,"80, KALAMKHET, NR INDIAN KALAMKHET CHURCH, 80, 80, SURAT","[{""NIC5DigitId"":""49229"",""Description"":""Other non urban passenger land transport n.e.c.""}]"
24,GUJARAT,444,DANG,394730,13/02/2024,hetanshi bamboo kraft,"upalu faliyu, ambapada, saputara road, upalu faliyu, waghai, ambapada","[{""NIC5DigitId"":""16239"",""Description"":""Manufacture of other wooden containers and products entirely or mainly of cane, rattan, bamboo, willow, fibre, leaves and grass n.e.c.""}]"
24,GUJARAT,444,DANG,394730,13/02/2024,ROHIT HAIR SALON,"VACHALU FALIYU, DHODHALPADA, VACHALU FALIYU, VACHALU FALIYU, WAGHAI, DHODHALPADA","[{""NIC5DigitId"":""96095"",""Description"":""Activities of sauna and steam baths, massage salons etc.""}]"
24,GUJARAT,444,DANG,394710,13/02/2024,RATILALBHAI SHANKARBHAI BHOYE,"0, 0, MAIN ROAD, 0, 0, AHWA","[{""NIC5DigitId"":""46302"",""Description"":""Wholesale of raw milk & dairy products""}]"
24,GUJARAT,444,DANG,394730,13/02/2024,Kayrav Bumboo Hand Craft,"Waghai, Ambapada, Waghai, Waghai, waghai, ambapada","[{""NIC5DigitId"":""16233"",""Description"":""Manufacture of market basketry, grain storage bins and similar products made of bamboo or reed""}]"
24,GUJARAT,444,DANG,394730,29/05/2023,VIJAYBHAI TRANSPORT,"-, HANUMAN FALIYU, SAKARPATAL MANDLI NI SAME, -, -, WAGHAI","[{""NIC5DigitId"":""49110"",""Description"":""Passenger rail transport""}]"
24,GUJARAT,444,DANG,394710,18/03/2024,Jainil Fast Food,"AT BHAVANDAGAD, BHAVANDAGAD, NEAR BUS STOP, AT BHAVANDAGAD, BHAVANDAGAD, AHWA","[{""NIC5DigitId"":""10791"",""Description"":""Processing and blending of tea including manufacture of instant tea""}]"
24,GUJARAT,444,DANG,394710,10/3/2022,YOGESWAR FOOTWEAR,"01, SHOPING CENTER, KANCHANGHAT RAOD, 01, NEAR FOREST OFFICE, GALKUND","[{""NIC5DigitId"":""46413"",""Description"":""Wholesale of footwear""}]"
24,GUJARAT,444,DANG,394710,30/01/2023,KUSUM LADIES TAILOR,"SARDAR BAZAR AHWA, SARDAR BAZAR MAIN ROAD AHWA, MAIN ROAD AHWA, SARDAR BAZAR AHWA, AHWA, AHWA","[{""NIC5DigitId"":""13929"",""Description"":""Manufacture of other made-up textile articles, except apparel n.e.c.""}]"
24,GUJARAT,444,DANG,394710,14/10/2023,VIPUL TRANSPORT,"102, MISSION COLONY, SCHOOL NI SAME, 102, 102, AHWA","[{""NIC5DigitId"":""49110"",""Description"":""Passenger rail transport""}]"
24,GUJARAT,444,DANG,394730,10/8/2022,VIJAYBHAI MILK SUPPLIER,"109, SILOTMAL, SILOTMAL, 109, 109, AHWA","[{""NIC5DigitId"":""49300"",""Description"":""Transport via pipeline""}]"
24,GUJARAT,444,DANG,394710,8/9/2022,PATHAN SAKIL SALIMKHAN,"00, DELUXE AUTO ELECTRICALS AHWA, NAVAPUR ROAD, 00, 00, AHWA","[{""NIC5DigitId"":""45200"",""Description"":""Maintenance and repair of motor vehicles""}]"
24,GUJARAT,444,DANG,394710,4/2/2022,Shruti Enterprise,"155, Pipalghodi, Pipalghodi, 155, Pipalghodi, Dang","[{""NIC5DigitId"":""61102"",""Description"":""Maintenance of telecom network""},{""NIC5DigitId"":""61201"",""Description"":""Activities of Internet access by the operator of the wireless infrastructure""}]"
24,GUJARAT,444,DANG,394710,8/6/2023,GAYAKWAD TRASPORTATION,"164, KARBHARI FALIYU, NR TEMPLE, 164, -, AHWA","[{""NIC5DigitId"":""49232"",""Description"":""Non-motorised road freight transport""}]"
24,GUJARAT,444,DANG,394710,2/10/2023,GURUDATT STD  ZEROX AND STATIONARY,"915, SHIKSHAN COLONY NEAR RANGUPVAN AHWA, 0, 915, 0, AHWA","[{""NIC5DigitId"":""85500"",""Description"":""Educational support services""}]"
24,GUJARAT,444,DANG,394730,13/02/2024,Patel Tea Stall,"Single Faliyu, Waghai, Bheskatri Road, Single Faliyu, Waghai, Waghai","[{""NIC5DigitId"":""55101"",""Description"":""Hotels and Motels, inns, resorts providing short term lodging facilities; includes accommodation in house boats""}]"
24,GUJARAT,444,DANG,394720,2/1/2023,Apna collection & footwear,"A-7, New shopping centre, Saputara, A-7, A-7, Saputara","[{""NIC5DigitId"":""45101"",""Description"":""Wholesale and retail sale of new vehicles (passenger motor vehicles, ambulances, minibuses, jeeps, trucks, trailers and semi-trailers)""}]"
24,GUJARAT,444,DANG,394715,29/09/2023,JIGNESHBHAI MOTIRAMBHAI GAVIT,"., SARVAR, SARWAR SAROVAR, ., ., THE DANGS","[{""NIC5DigitId"":""46209"",""Description"":""Whole sale of other agriculture raw materials n.e.c.""}]"
24,GUJARAT,444,DANG,394710,29/09/2022,ZOOM FLEX,"0,, , PATELPADA,, , PATELPADA,, 0,, , PATELPADA,, AHWA","[{""NIC5DigitId"":""62099"",""Description"":""Other information technology and computer service activities n.e.c""}]"
24,GUJARAT,444,DANG,394716,31/08/2023,BORSA PAHUJYABHAI RAVUBHAI,"PADALKHADI, PADALKHADI, PADALKHADI, PADALKHADI, SUBIR, PADALKHADI","[{""NIC5DigitId"":""56102"",""Description"":""Cafeterias, fast-food restaurants and other food preparation in market stalls""}]"
24,GUJARAT,444,DANG,394720,11/10/2023,SHAURYA EVENTS & MANAGEMENT,"GROUND FLOOR, 1, NEAR ST 170604, HOTEL REMI, SAPUTARA CIRCLE, GROUND FLOOR, SUNRISE POINT ROAD, SAPUTARA","[{""NIC5DigitId"":""56210"",""Description"":""Event catering""}]"
24,GUJARAT,444,DANG,394730,12/8/2023,SHRI PADHER RASIKBHAI RAMESHBHAI,"0, NICHALU FALIYU, NICHALU FALIYU, 0, DANG, DODHALPADA CHIKAR","[{""NIC5DigitId"":""96098"",""Description"":""General household maintenance activities like grooming of the floor, dusting, cleaning of utensils etc.""}]"
24,GUJARAT,444,DANG,394710,12/9/2023,SHRI ASHVINBHAI ANADBHAI GANVIT,"0, GONDALVIHIR, GONDALVIHIR, 0, AHWA, DANG","[{""NIC5DigitId"":""79120"",""Description"":""Tour operator activities""}]"
24,GUJARAT,444,DANG,394730,20/03/2021,nitaben vinodbhai bhagariya,"172, WAGHAI, WAGHAI, 172, WAGHAI, WAGHAI","[{""NIC5DigitId"":""96098"",""Description"":""General household maintenance activities like grooming of the floor, dusting, cleaning of utensils etc.""}]"
24,GUJARAT,444,DANG,394710,22/03/2023,BHASKAR TRANSPORT,"74, GUNDVAHAL, WAGHAI, 74, 74, WAGHAI","[{""NIC5DigitId"":""49110"",""Description"":""Passenger rail transport""}]"
24,GUJARAT,444,DANG,394730,10/10/2023,RAHUL ENTERPRISE,"01, SAI XEROX  AND GRAPHICS, DUNGARDA ROAD, 01, WAGHAI, WAGHAI","[{""NIC5DigitId"":""62099"",""Description"":""Other information technology and computer service activities n.e.c""}]"
24,GUJARAT,444,DANG,394710,25/09/2023,PATEL MONORAMABEN MITHILESHBHAI,"50, SHIKSHAN COLONY AHWA, SHIKSHAN COLONY, 50, AHWA, AHWA","[{""NIC5DigitId"":""47990"",""Description"":""Other retail sale not in stores, stalls or markets""}]"
24,GUJARAT,444,DANG,394710,15/02/2023,PRAKASH TRANSPORT,"-, SCHOOL, GADVIHIR, -, -, DANG","[{""NIC5DigitId"":""56291"",""Description"":""Activities of food service contractors (e.g. for transportation companies)""}]"
24,GUJARAT,444,DANG,394710,5/1/2023,SHREE ENTERPRISE,"-, ahwa ta ahwa di dang, mission pada main road, -, -, DANG","[{""NIC5DigitId"":""82990"",""Description"":""Other business support service activities n.e.c.""}]"
24,GUJARAT,444,DANG,394710,6/12/2023,RAMDEV KIRANA AND GENERAL STORES,"AHWA, AHWA, AHWA, AHWA, AHWA, AHWA","[{""NIC5DigitId"":""47739"",""Description"":""Other retail sale of new goods in specialized stores n.e.c (weapons and ammunition, non food products)""}]"
24,GUJARAT,444,DANG,394730,8/6/2022,ISHU FISH TRADING,"14, BORIGAVTHA GAM, BORIGAVTHA GAM, 14, 14, AHWA","[{""NIC5DigitId"":""47219"",""Description"":""Retail sale of other food products n.e.c.""}]"
24,GUJARAT,444,DANG,394730,24/02/2023,M/S AADIVASI SANSKRUTI CHARITABLE TRUST,"00, AADIVASI SANSKRUTI CHARITABLE TRUST, NEAR ICDS OFFICE, WAGHAI, 00, 00, AHWA","[{""NIC5DigitId"":""63999"",""Description"":""Other information service activities n.e.c.""},{""NIC5DigitId"":""85221"",""Description"":""Technical and vocational education below the level of higher education except for handicapped""},{""NIC5DigitId"":""88900"",""Description"":""Other social work activities without accommodation n.e.c.""},{""NIC5DigitId"":""94990"",""Description"":""Activities of other membership organizations n.e.c.""},{""NIC5DigitId"":""96098"",""Description"":""General household maintenance activities like grooming of the floor, dusting, cleaning of utensils etc.""}]"
24,GUJARAT,444,DANG,394710,6/10/2023,PRITESH TRANSPORT,"-, BUS STAND SAME, AHWA, -, -, AHWA","[{""NIC5DigitId"":""49110"",""Description"":""Passenger rail transport""}]"
24,GUJARAT,444,DANG,394710,10/3/2022,PATEL KALPESHBHAI SITARMBHAI,"0, DUNGRI FAILYU, NEW POLICE, 0, 0, THE DANGS","[{""NIC5DigitId"":""49231"",""Description"":""Motorised road freight transport""}]"
24,GUJARAT,444,DANG,394710,9/8/2022,GRAPHICS WORLD,"01, JADHAV COMPLEX, GROUND FLOOR, MISSION PADA ROAD, 01, 01, AHWA","[{""NIC5DigitId"":""18112"",""Description"":""Printing of magazines and other periodicals, books and brochures, maps, atlases, posters etc.""}]"
24,GUJARAT,444,DANG,394710,10/5/2022,KHODALDHAM TRANSPORT,"242-2, DUNGARI FALIYU, UNIT-3 PURVAPANKH, 242-2, -, AHWA","[{""NIC5DigitId"":""49231"",""Description"":""Motorised road freight transport""}]"
24,GUJARAT,444,DANG,394710,5/12/2022,NITINBHAI DINESHBHAI GAVLI,"VTC WANKI, GALKUND, GALKUND, VTC WANKI, AHWA THE DANG, AHWA","[{""NIC5DigitId"":""96098"",""Description"":""General household maintenance activities like grooming of the floor, dusting, cleaning of utensils etc.""}]"
24,GUJARAT,444,DANG,394710,11/4/2023,SABLE DHANRAJKUMAR RAGHUNATHBHAI,"AT/POST.CHINCHLI, CHINCHLI, CHINCHLI, AT/POST.CHINCHLI, A CHINCHALI, AHWA","[{""NIC5DigitId"":""62099"",""Description"":""Other information technology and computer service activities n.e.c""}]"
24,GUJARAT,444,DANG,394716,14/07/2023,M/S DANGS NATURAL FARMERS PRODUCER COMPANY LIMITED,"SHOP NO 1, JUNNER, PO PIPALDAHAD, SHOP NO 1, 0, TAL SUBIR DIST DANG","[{""NIC5DigitId"":""10614"",""Description"":""Grain milling other than wheat, rice and dal""}]"
24,GUJARAT,444,DANG,394710,13/12/2023,PRITIBEN AMITBHAI YAGNIK,"SHOP NO.1, SHREE MELDI MAA COMPLEX, MISSIONPADA, SHOP NO.1, 0, DANG","[{""NIC5DigitId"":""56101"",""Description"":""Restaurants without bars""}]"
24,GUJARAT,444,DANG,394730,13/08/2023,MAZDA CHICKEN CENTER,"142/2, NISHAL FALIYU, -, 142/2, ZAVDA, THE DANGS","[{""NIC5DigitId"":""47219"",""Description"":""Retail sale of other food products n.e.c.""}]"
24,GUJARAT,444,DANG,394710,9/8/2023,JAY SENDVAD BHAVANI GENERAL STORE,"Nakatia Hanvat, Nakatia Hanvat, Subit, Nakatia Hanvat, Subir, Nakatia hanvat","[{""NIC5DigitId"":""47211"",""Description"":""Retail sale of cereals and pulses, tea, coffee, spices and flour""}]"
24,GUJARAT,444,DANG,394710,11/7/2023,M S ENTERPRISE,"SARDAR BAJAR, Mandir road, The dangs, SARDAR BAJAR, Deval pada, Ahwa","[{""NIC5DigitId"":""47990"",""Description"":""Other retail sale not in stores, stalls or markets""}]"
24,GUJARAT,444,DANG,394715,13/02/2024,anand carpenter store,"nichalu  faliyu, bhavadi, vaghai ahwa road, nichalu  faliyu, vaghai, bhavad","[{""NIC5DigitId"":""16229"",""Description"":""Manufacture of builders' carpentry and joinery n.e.c.""}]"
24,GUJARAT,444,DANG,394730,13/02/2024,MANVI TE STOL,"DARA FALIYU, JAMLAPADA, SAPUTARA WAGHAI ROAD, DARA FALIYU, WAGHAI, JAMLAPADA","[{""NIC5DigitId"":""10791"",""Description"":""Processing and blending of tea including manufacture of instant tea""}]"
24,GUJARAT,444,DANG,394730,13/02/2024,SHREYA LEADIS TAILOR,"64, SHILOTMAL, NAKA FALIYU, 64, WAGHAI, SHILOTMAL","[{""NIC5DigitId"":""14105"",""Description"":""Custom tailoring""}]"
24,GUJARAT,444,DANG,394710,12/12/2023,Gamit manilal,"23, Gamit, Ahwa, 23, 91-1, Ahwa","[{""NIC5DigitId"":""10301"",""Description"":""Sun-drying of fruit and vegetables""}]"
24,GUJARAT,444,DANG,394730,14/12/2023,Bomoo Haat,"Botanical garden, Botanical Garden waghai, Waghai, Botanical garden, Waghai, Waghai","[{""NIC5DigitId"":""16294"",""Description"":""Manufacture of various articles made of bamboo, cane and grass""}]"
24,GUJARAT,444,DANG,394710,12/1/2024,KALUBHAI SONYABHAI GAVIT,"PIPALYAMAL, PIPALYAMAL, CHARCH FALYU, PIPALYAMAL, 1, AHWA","[{""NIC5DigitId"":""52231"",""Description"":""Activities related to air transport of passengers, animals or freight""}]"
24,GUJARAT,444,DANG,394716,3/7/2023,MAA SHAKTI ONLINE SERVICE CENTER,"At. Gurudiya, Gurudiya, Pipaldahad, At. Gurudiya, Subir, The Dangs","[{""NIC5DigitId"":""47599"",""Description"":""Retail sale of other household appliances n.e.c. ( security systems, such as locking devices, safes, and vaults, without installation or maintenance services etc. , wooden, cork and wickerwork goods, sewing and knitting machine and other household utensils and durables n.e.c.)""},{""NIC5DigitId"":""63992"",""Description"":""Activities of cyber café""},{""NIC5DigitId"":""82191"",""Description"":""Photocopying, duplicating and bluprinting services""}]"
24,GUJARAT,444,DANG,394730,20/09/2023,NARAYAN TRANSPORT,"-, BHARWAD FALIYU, BHARWAD FALIYU, -, -, WAGHAI","[{""NIC5DigitId"":""96030"",""Description"":""Funeral and related activities""}]"
24,GUJARAT,444,DANG,394710,30/11/2023,KEVAL NOVELTY,"AHWA, SARDAR BAZAR, AHWA, AHWA, AHWA, AHWA","[{""NIC5DigitId"":""47190"",""Description"":""Other retail sale in non-specialized stores""}]"
24,GUJARAT,444,DANG,394710,5/2/2023,RAJU SOMNATH SHIMPI,"RAJU SHIMPI, SARDAR MARKET, MAIN BAZAR SARDAR MARKET, RAJU SHIMPI, MAIN BAZAR, AHWA","[{""NIC5DigitId"":""47190"",""Description"":""Other retail sale in non-specialized stores""}]"
24,GUJARAT,444,DANG,394710,7/11/2023,PRAKASHBHAI VALLBHBHAI CHAUHAN,"00, PRATHMIK SCHOOL NI SAME, BHAVANDAGAD, 00, 00, THE DANGS","[{""NIC5DigitId"":""47110"",""Description"":""Retail sale in non-specialized stores with food, beverages or tobacco predominating""}]"
24,GUJARAT,444,DANG,394730,30/11/2023,HETVI CSC eGovernance Service India Limited,"201, Borigavtha, Saputara Road, 201, Waghai, Waghai","[{""NIC5DigitId"":""64990"",""Description"":""Other financial service activities, except insurance and pension funding activities, n.e.c""}]"
24,GUJARAT,444,DANG,394715,15/10/2022,PIYUSHBHAI RAMUBHAI GAMIT,"AT PIMPARI, PIMPARI, MAIN ROAD, AT PIMPARI, PIMPARI, AHWA","[{""NIC5DigitId"":""82990"",""Description"":""Other business support service activities n.e.c.""}]"
24,GUJARAT,444,DANG,394710,7/6/2023,JIGNESHBHAI V.CHAUDHARI,"13, LINGA, LINGA ( KUMBHARIYA ), 13, 0, AHWA","[{""NIC5DigitId"":""41001"",""Description"":""Construction of buildings carried out on own-account basis or on a fee or contract basis""}]"
24,GUJARAT,444,DANG,394710,4/2/2022,GAVANDE M M,"MAIN ROAD, NEAR POST OFFICE, MAIN BAZAR ROAD, MAIN ROAD, MAIN ROAD NEAR POST OFFICE, AHWA","[{""NIC5DigitId"":""47510"",""Description"":""Retail sale of textiles in specialized stores""}]"
24,GUJARAT,444,DANG,394716,8/6/2022,VIJAY R CHAUDHARI,"33, PATEL FALIYU, JUNNER, 33, PIPALDAHAD, THE DANGS","[{""NIC5DigitId"":""68200"",""Description"":""Real estate activities on a fee or contract basis""}]"
24,GUJARAT,444,DANG,394710,14/10/2023,RAVINDRA TRANSPORT,"-, GONDALVIHIR, GONDALVIHIR, -, -, AHWA","[{""NIC5DigitId"":""68200"",""Description"":""Real estate activities on a fee or contract basis""}]"
24,GUJARAT,444,DANG,394720,6/3/2023,OM SAI VEG RESTAURANT,"131, NAVAGAM FALIYU, SAPUTARA ROAD, 131, TA AHWA, SAPUTARA","[{""NIC5DigitId"":""56102"",""Description"":""Cafeterias, fast-food restaurants and other food preparation in market stalls""},{""NIC5DigitId"":""56103"",""Description"":""Ice cream mobile vendors, mobile food carts""}]"
24,GUJARAT,444,DANG,394710,28/08/2023,JB Xerox And Online Services Shop,"Main Road, Garkhadi, Garkhadi, Main Road, Garkhadi, Ahwa","[{""NIC5DigitId"":""07299"",""Description"":""Mining of other non-ferrous metal ores, n.e.c. [titanium ( ilmenite and rutile) ,niobium, tantalum, vanadium or zirconium ores; tin bearing ores; and, nickel, cobalt, tungsten, molybdenum, antimony and other non-ferrous metal ores]""}]"
24,GUJARAT,444,DANG,394710,13/07/2023,VISHWKARMA SHARLETBEN ANILBHAI,"MISSIONPADA, MISSIONPADA KABRASTAN ROAD, MISSIONPADA KABRASTAN ROAD, MISSIONPADA, AHWA, AHWA","[{""NIC5DigitId"":""47190"",""Description"":""Other retail sale in non-specialized stores""}]"
24,GUJARAT,444,DANG,394730,19/01/2023,Devraj organic food proseshing,"-, Humbapada po, Man modi di. Dang Gujarat, -, -, -","[{""NIC5DigitId"":""32909"",""Description"":""Manufacture of other articles n.e.c.""}]"
24,GUJARAT,444,DANG,394710,6/2/2024,SUMITRA LEDIES TAILOR,"NEAR BOTING AREA, SAPUTARA, BOTING ROAD, NEAR BOTING AREA, AHWA, SAPUTARA","[{""NIC5DigitId"":""14101"",""Description"":""Manufacture of all types of textile garments and clothing accessories""}]"
24,GUJARAT,444,DANG,394730,5/12/2023,ROOP RAJAT COSMETICS & BEAUTY COLLECTION,"01, MENA BAJAR, MENA ROND, 01, WAGHAI, WAGHAI","[{""NIC5DigitId"":""46491"",""Description"":""Wholesale of toiletry, perfumery and cosmetics""}]"
24,GUJARAT,444,DANG,394710,31/01/2024,Riaan enterprise,"155, gamit falyu garkhadi, bardipada road, 155, gamit falyu, ahwa dang","[{""NIC5DigitId"":""66110"",""Description"":""Administration of financial markets""}]"
24,GUJARAT,444,DANG,394710,9/1/2024,SHRI DIPAKBHAI ANTARAMBHAI PAWAR,"NICHLU FALIYU AHIRPA, NICHLU FALIYU AHIRPADAGARAKHADI DANG, NICHLU FALIYU AHIRPADAGARAKHAD, NICHLU FALIYU AHIRPA, THE DANGS, THE DANGS","[{""NIC5DigitId"":""72100"",""Description"":""Research and experimental development on natural sciences and engineering""}]"
24,GUJARAT,444,DANG,394730,28/08/2024,PATHAN SHOP,"15, BUS STATION, BUS STATION, 15, 15, WAGHAI","[{""NIC5DigitId"":""69100"",""Description"":""Legal activities""}]"
24,GUJARAT,444,DANG,394716,29/08/2024,RITESH ENTERPRISE,"Bajar Faliyu, Char Rasta Bajar Faliyu, Navapur Road, Bajar Faliyu, Subir, Subir Dang","[{""NIC5DigitId"":""82920"",""Description"":""Packaging activities""}]"
24,GUJARAT,444,DANG,394716,2/9/2024,VELDING WORKSHOP,"4, GHANIAMBA PO GARKHADI TA SUBIR, CHINCHLI GARKHADI VISTAR, 4, SUBIR, AHWA","[{""NIC5DigitId"":""46632"",""Description"":""Wholesale of construction materials (sand, gravel etc.)""}]"
24,GUJARAT,444,DANG,394710,22/09/2024,BARIYA MAHESHBHAI GOVINDBHAI,"0, MOTIDABDAR, MAIN ROAD, 0, 0, AHWA","[{""NIC5DigitId"":""49231"",""Description"":""Motorised road freight transport""}]"
24,GUJARAT,444,DANG,394715,14/08/2024,YOGESH CSC CENTER,"1, YOGESH CSC CENTER, KALIBEL, 1, 0, VAGHAI","[{""NIC5DigitId"":""64199"",""Description"":""Other monetary intermediation services n.e.c.""}]"
24,GUJARAT,444,DANG,394710,29/07/2024,All in One Lighting And decoration,"At ahwa Ashram road, Ashram road ahwa, Ahwa, At ahwa Ashram road, Ahwa, Ahwa","[{""NIC5DigitId"":""27900"",""Description"":""Manufacture of other electrical equipment""}]"
24,GUJARAT,444,DANG,394716,25/07/2024,AKABEN RAUT,"RAUT AKABEN THAKORBH, RAUT AKABEN THAKORBH, PADALKHADI, RAUT AKABEN THAKORBH, SUBIR, SUBIR","[{""NIC5DigitId"":""32909"",""Description"":""Manufacture of other articles n.e.c.""}]"
24,GUJARAT,444,DANG,394716,9/7/2024,SMIT DIGITAL STUDIO,"01, PAWAR COMPLEX, NAVAPUR ROAD, 01, SUBIR, SUBIR","[{""NIC5DigitId"":""62011"",""Description"":""Writing , modifying, testing of computer program to meet the needs of a particular client excluding web-page designing""},{""NIC5DigitId"":""82192"",""Description"":""Document preparation, typing, word processing and desktop publishing sevices""}]"
24,GUJARAT,444,DANG,394716,20/06/2024,REKHA LEADIS TAILOR,"BAJAR FALIYU, SUBIR, MAHAL ROAD, BAJAR FALIYU, SUBIR, SUBIR","[{""NIC5DigitId"":""14105"",""Description"":""Custom tailoring""}]"
24,GUJARAT,444,DANG,394710,28/07/2024,Ahir Nursary Farm,"52 No., BhaskarBhai, Uplu Faliyu, 52 No., 00, Ahwa","[{""NIC5DigitId"":""46101"",""Description"":""Activities of commission agents, brokers dealing in wholesale trade of agricultural raw material, live animals, food, beverages, intoxicants and textiles""}]"
24,GUJARAT,444,DANG,394730,9/7/2024,RADHABEN BHARATBHAI BAGUL,"GENERAL STORE, MURAMBI, TA.WAGHAI, GENERAL STORE, POST.NADAGCHOND, NEAR SAMGAHAN","[{""NIC5DigitId"":""47219"",""Description"":""Retail sale of other food products n.e.c.""},{""NIC5DigitId"":""14105"",""Description"":""Custom tailoring""}]"
24,GUJARAT,444,DANG,394710,9/7/2024,INDIAN HARDWER TREDERS,"125, NEAR POST OFFICE NI BAJUMA, DEVALPADA, 125, 3, AHWA","[{""NIC5DigitId"":""32909"",""Description"":""Manufacture of other articles n.e.c.""}]"
24,GUJARAT,444,DANG,394716,28/12/2023,Divyansh Xerox $ janral store,"42, Divyansh Xerox $ janral store, NAVAPUR ROAD SUBIR DANG, 42, Subir, Ahwa","[{""NIC5DigitId"":""47611"",""Description"":""Retail sale of books of all kinds""}]"
24,GUJARAT,444,DANG,394720,19/07/2024,SAILEELA,"SAPUTARA, SAILEELA GUEST HOUSE, SAPUTARA ROAD, SAPUTARA, SAPUTARA, SAPUTARA","[{""NIC5DigitId"":""55101"",""Description"":""Hotels and Motels, inns, resorts providing short term lodging facilities; includes accommodation in house boats""}]"
24,GUJARAT,444,DANG,394710,8/7/2024,PATIL SANJAY,"AHWA, PATIL SANJAYBHAI, AHWA-DANG, AHWA, AHWA, AHWA","[{""NIC5DigitId"":""32909"",""Description"":""Manufacture of other articles n.e.c.""}]"
24,GUJARAT,444,DANG,394710,3/7/2024,Vanzara allarakhubhai jamalbhai,"0, 0, Danga, 0, 0, The danga","[{""NIC5DigitId"":""46693"",""Description"":""Wholesale of plastic materials in primary forms""}]"
24,GUJARAT,444,DANG,394715,27/11/2024,SHANKAR BASKET,"-, BEHIND BUS STAND, WAGHAI AHWA ROAD, -, -, CHICHINAGAONTHA","[{""NIC5DigitId"":""16233"",""Description"":""Manufacture of market basketry, grain storage bins and similar products made of bamboo or reed""}]"
24,GUJARAT,444,DANG,394710,15/06/2024,AJAY S SOLANKI,"0, Bandharpada, Bandharpada, 0, 0, Ahwa","[{""NIC5DigitId"":""42903"",""Description"":""Construction of dams etc.""}]"
24,GUJARAT,444,DANG,394715,30/11/2024,CHAUDHARI MAYANKKUMAR AJAYSINH,"1, PATEL FALIYU, NEAR BUS STAND, 1, 1, PIMPRI","[{""NIC5DigitId"":""46301"",""Description"":""Wholesale of fruits & vegetables""}]"
24,GUJARAT,444,DANG,394710,15/07/2024,JAY AMBE ELECTRICAL,"AHWA, POLICE STATION NI SAME, MAIN ROAD AHWA, AHWA, AHWA, AHWA","[{""NIC5DigitId"":""26101"",""Description"":""Manufacture of electronic capacitors, resistors, chokes, coils, trasformers (electronic) and similar components""}]"
24,GUJARAT,444,DANG,394710,26/11/2024,GAJANAND KIRANA STORE,"237, PATELPADA AHWA, MILPADA SCHOOL NI PACHAL, 237, AHWA, AHWA","[{""NIC5DigitId"":""47190"",""Description"":""Other retail sale in non-specialized stores""}]"
24,GUJARAT,444,DANG,394710,28/08/2024,PAWAR GULIBEN HASMUKHABHAI,"00, mission pada, cni church, 00, 00, ahwadang","[{""NIC5DigitId"":""82191"",""Description"":""Photocopying, duplicating and bluprinting services""}]"
24,GUJARAT,444,DANG,394710,15/07/2024,Neel farming,"96, Kadmal, Chinchali, 96, Chinchali, AHWA","[{""NIC5DigitId"":""45102"",""Description"":""Wholesale and retail sale of used motor vehicles""}]"
24,GUJARAT,444,DANG,394710,2/10/2024,IMRANBHAI HARUNBHAI MAJOTHI,"0, JADAV COMPLEX, AHWA, 0, 0, AHWA","[{""NIC5DigitId"":""41001"",""Description"":""Construction of buildings carried out on own-account basis or on a fee or contract basis""}]"
24,GUJARAT,444,DANG,394710,18/07/2024,BHOYE SHAILESHBHAI MANILALBHAI,"01, MAYANK DJ, Bhavndagd road, 01, Waghi, AMSARWALAN","[{""NIC5DigitId"":""47110"",""Description"":""Retail sale in non-specialized stores with food, beverages or tobacco predominating""}]"
24,GUJARAT,444,DANG,394730,23/07/2024,ALL STAG ENTERPRISE,"SURVEY NO 499, SHOP NO 7, MAIN BAZAR ROAD, SURVEY NO 499, OPPOSITE IDRISH SUPER STORE, WAGHAI","[{""NIC5DigitId"":""47613"",""Description"":""Retail sale of stationery office supplies such as pens, pencils, paper etc.""}]"
24,GUJARAT,444,DANG,394730,19/06/2024,YADGAR CHICKEN,"-, SINGAL FALIYU, BUS DEPO NI PACHHAL, -, -, WAGHAI","[{""NIC5DigitId"":""45200"",""Description"":""Maintenance and repair of motor vehicles""}]"
24,GUJARAT,444,DANG,394710,30/07/2024,SURAJBHAI RAKESHBHAI KUSHAVA,"000, SIXSHAN BHAVAN, Sbi bank, 000, 000, Ahwa","[{""NIC5DigitId"":""49300"",""Description"":""Transport via pipeline""}]"
24,GUJARAT,444,DANG,394710,24/06/2024,PAWAR AJITBHAI ANILBHAI,"35, AT.LINGA, LINGA, 35, TA.AHWA, AHWA","[{""NIC5DigitId"":""47713"",""Description"":""Retail sale of footwear""}]"
24,GUJARAT,444,DANG,394730,10/5/2024,SMIT AGRO CENTER,"0, MARY STELLA GRACEBAL C, DANDS, 0, ZAHVADA, DANGS","[{""NIC5DigitId"":""47990"",""Description"":""Other retail sale not in stores, stalls or markets""}]"
24,GUJARAT,444,DANG,394730,28/06/2024,Mobile richarg shop,"111, Ahwa, Saputara, 111, Shamghan, Ahwa","[{""NIC5DigitId"":""73100"",""Description"":""Advertising""}]"
24,GUJARAT,444,DANG,394710,11/6/2024,PAWAR TRANSPRT,"-, BORKHAL, NR WATER TANK, -, -, AHWA","[{""NIC5DigitId"":""49232"",""Description"":""Non-motorised road freight transport""}]"
24,GUJARAT,444,DANG,394710,1/7/2024,Tailoring Material and selling Machine,"Main road ahwa, Ahwa Dang, Main road, Main road ahwa, Ahwa, Ahwa","[{""NIC5DigitId"":""47711"",""Description"":""Retail sale of readymade garments, hosiery goods, other articles of clothing and clothing accessories such as gloves, ties, braces etc.""}]"
24,GUJARAT,444,DANG,394716,7/6/2024,SHREE RAM WELDING WORK,"KHAMBHLA, SHREE RAM WELDING, PATEL FALIYU, KHAMBHLA, SUBIR, SUBIR","[{""NIC5DigitId"":""96098"",""Description"":""General household maintenance activities like grooming of the floor, dusting, cleaning of utensils etc.""}]"
24,GUJARAT,444,DANG,394715,12/2/2025,Chaudhari Jayeshbhai,"45, Bhenskatri, Bhenskatri, 45, Mahwshkatri, Mahwshkatri","[{""NIC5DigitId"":""45300"",""Description"":""Sale of motor vehicle parts and accessories""}]"
24,GUJARAT,444,DANG,394716,17/06/2024,MAHESH ENTERPRISE,"01, JAMANYA GARKHADI, JUNER ROAD, 01, 01, THE DANGS","[{""NIC5DigitId"":""63992"",""Description"":""Activities of cyber café""}]"
24,GUJARAT,444,DANG,394730,2/12/2024,Uxcellence,"1, zankarvision, main Bazzar, 1, 1, waghai","[{""NIC5DigitId"":""62012"",""Description"":""Web-page designing""},{""NIC5DigitId"":""62099"",""Description"":""Other information technology and computer service activities n.e.c""},{""NIC5DigitId"":""74103"",""Description"":""Services of graphic designers""}]"
24,GUJARAT,444,DANG,394710,11/2/2025,Pawar Vaibhavbhai Rajendrabhai,"25, Borkhet, Borkhet, 25, Gondalvihar, Gondalvihar","[{""NIC5DigitId"":""27201"",""Description"":""Manufacture of primary cells and primary batteries nd rechargable batteries, cells containing manganese oxide, mercuric oxide silver oxide or other material""}]"
24,GUJARAT,444,DANG,394730,11/2/2025,JALA SAI MINERAL WATER SUPPLIERS,"GAYKAWAD KISHORBHAI, JALA SAI MINERAL WATER, NADAGCHOND, GAYKAWAD KISHORBHAI, NICHLU FALIYU, AHWA","[{""NIC5DigitId"":""50220"",""Description"":""Inland freight water transport""},{""NIC5DigitId"":""36000"",""Description"":""Water collection, treatment and supply""}]"
24,GUJARAT,444,DANG,394730,31/07/2024,NEW MAHADEV MOBILE,"MAIN BAZAR, AT POST -WAGHAI, NR RAILWAY STATION, MAIN BAZAR, NA, THE DANGS","[{""NIC5DigitId"":""61101"",""Description"":""Activities of basic telecom services: telephone, telex and telegraph (includes the activities of STD\/ISD booths)""}]"
24,GUJARAT,444,DANG,382213,17/09/2020,SHREE ANJANI ROADWAYS,"A207, SUKH SHANTI COMPLEX, SARKHEJ BAVLA ROAD, CHANGODAR, A207, A, AHMEDABAD","[{""NIC5DigitId"":""49231"",""Description"":""Motorised road freight transport""}]"
24,GUJARAT,444,DANG,394710,3/5/2023,S N VANI ANAJ KIRANA STORE,"GANDHI COLONY  AHWA, GANDHI COLONY  AHWA, GANDHI COLONY  AHWA, GANDHI COLONY  AHWA, AHWA, AHWA","[{""NIC5DigitId"":""47110"",""Description"":""Retail sale in non-specialized stores with food, beverages or tobacco predominating""}]"
24,GUJARAT,444,DANG,394710,15/02/2023,MAA SAPTASHRUNGI PETROLEUM,"01, MAA SAPTASHRUNGI PETROLEUM, NEAR MARUTI COMPLEX, 01, 0, AHWA","[{""NIC5DigitId"":""47300"",""Description"":""Retail sale of automotive fuel in specialized stores [includes the activity of petrol filling stations.""}]"
24,GUJARAT,444,DANG,394720,2/5/2023,MANGUKIYA HETAL BHARAT,"SAPUTARA TENT CITY, VILL- MALEGAM, AHWA, SAPUTARA TENT CITY, AHWA, AHWA","[{""NIC5DigitId"":""55101"",""Description"":""Hotels and Motels, inns, resorts providing short term lodging facilities; includes accommodation in house boats""}]"
24,GUJARAT,444,DANG,394710,9/5/2023,Super Chikan Center,"Rani faliya, Petrol Pump, Main Raod, Rani faliya, Dang, Ahwa","[{""NIC5DigitId"":""47213"",""Description"":""Retail sale of meat, meat products, poultry products, fish, other seafood and products thereof""}]"
24,GUJARAT,444,DANG,394710,19/06/2023,M/S HARIOM STEEL AND CEMENT,"Mauje Baripada, Mauje Baripada, Dangs, Mauje Baripada, Dangs, Dangs","[{""NIC5DigitId"":""46633"",""Description"":""Wholesale of hardware and sanitary fittings and fixtures and flat glass including tools such as hammers, saws, screwdrivers and other hand tools""},{""NIC5DigitId"":""46639"",""Description"":""Wholesale of other construction equipment n.e.c.""}]"
24,GUJARAT,444,DANG,394730,13/05/2022,GURUKRUPA GENERAL STORE,"NEAR BUSSTOP, GURUKRUPA GENERAL STORE, AHWA, NEAR BUSSTOP, AHWA, DANG","[{""NIC5DigitId"":""10719"",""Description"":""Manufacture of other bakery products n.e.c.""}]"
24,GUJARAT,444,DANG,394710,14/10/2023,BABU TRANSPORT,"-, AHWA, AHWA, -, -, AHWA","[{""NIC5DigitId"":""49110"",""Description"":""Passenger rail transport""}]"
24,GUJARAT,444,DANG,394710,13/07/2023,PRAKASH TRANSPORT,"-, BORKHAL, AHWA, -, -, AHWA","[{""NIC5DigitId"":""49110"",""Description"":""Passenger rail transport""}]"
24,GUJARAT,444,DANG,394710,16/10/2023,BABA PARAS CONSTRUCATION AND CARTING,"36/2, MISHAANPADA HAMUMAN TEMPLE NI SAME, MISHAANPADA HAMUMAN TEMPLE, 36/2, AHWA, AHWA","[{""NIC5DigitId"":""68100"",""Description"":""Real estate activities with own or leased property""}]"
24,GUJARAT,444,DANG,394715,9/2/2024,Vineshbhai Lahnubhai Gavit,"5, MASLI, MASLI MAIN ROAD, 5, 2, WAGHAI","[{""NIC5DigitId"":""87900"",""Description"":""Other residential care activities n.e.c.""}]"
24,GUJARAT,444,DANG,394720,21/09/2023,Reyance csc center,"HOUSE 27, BARMIYAVAD, MANDIR FALIYU, HOUSE 27, AHWA, AHWA","[{""NIC5DigitId"":""74209"",""Description"":""Other photographic activities""}]"
24,GUJARAT,444,DANG,394730,25/09/2023,Sukhalalbhai Sakharambhai Birari,"102, Upalu Faliyu, Saputara, 102, Waghai, Waghai","[{""NIC5DigitId"":""10799"",""Description"":""Other semi-processed, processed or instant foods n.e.c. except farinaceous products and malted foods and manufacturing activities like manufacture of egg powder, sambar powder etc. (this excludes the activities covered under 10619)""}]"
24,GUJARAT,444,DANG,394730,20/11/2023,MY COMPUTER CENTER,"-, -, AHWA ROAD, -, -, SUBIR","[{""NIC5DigitId"":""85500"",""Description"":""Educational support services""}]"
24,GUJARAT,444,DANG,394730,6/2/2024,Ashu tailor,"Near primary school, Chikhali, Vaghai saputara road, Near primary school, Ahwa, Chikhali","[{""NIC5DigitId"":""14105"",""Description"":""Custom tailoring""}]"
24,GUJARAT,444,DANG,394720,29/02/2024,Kabab Biryani & Co.,"Nashik road, Ahwa, Nashik road, Nashik road, Saputara, Ahea","[{""NIC5DigitId"":""56101"",""Description"":""Restaurants without bars""}]"
24,GUJARAT,444,DANG,394710,3/2/2024,SHREE RAM SPORTS,"JADHAV CPMPLEX, MISSION PADA, DANG, JADHAV CPMPLEX, AHWA, AHWA","[{""NIC5DigitId"":""47711"",""Description"":""Retail sale of readymade garments, hosiery goods, other articles of clothing and clothing accessories such as gloves, ties, braces etc.""}]"
24,GUJARAT,444,DANG,394710,30/01/2024,GAVIT AJYABHAI RAMANBHAI,"PATELPADA AHWA, PATELPADA AHWA, MAIN ROAD PATELPADA, PATELPADA AHWA, AHWA, AHWA","[{""NIC5DigitId"":""56102"",""Description"":""Cafeterias, fast-food restaurants and other food preparation in market stalls""}]"
24,GUJARAT,444,DANG,394730,3/3/2024,KRUSHANT POULTRY FARM,"15, DHANGDI, UPLU FALIYA, 15, WAGHAI, DANG","[{""NIC5DigitId"":""01463"",""Description"":""Operation of poultry hatcheries""}]"
24,GUJARAT,444,DANG,394716,11/2/2023,RINESHBHAI TRANSPORT,"-, NICHLU FALIYU, NICHLU FALIYU, -, -, DANG","[{""NIC5DigitId"":""49110"",""Description"":""Passenger rail transport""}]"
24,GUJARAT,444,DANG,394710,12/7/2023,YOGITA LADIES TAILOR,"SHAMGAHAN, SHAMGAHAN, SHAMGAHAN, SHAMGAHAN, AHWA, SHAMGAHAN","[{""NIC5DigitId"":""47110"",""Description"":""Retail sale in non-specialized stores with food, beverages or tobacco predominating""}]"
24,GUJARAT,444,DANG,394710,7/12/2023,SHAIKH JAMIRODIN GYASUDIN,"PWD COLONY AHWA, PWD COLON, PWD OFFICE, PWD COLONY AHWA, AHWA, AHWA","[{""NIC5DigitId"":""41002"",""Description"":""Activities relating to alteration, addition, repair, maintenance carried out on own-account basis or on a fee or contract basis""}]"
24,GUJARAT,444,DANG,394710,16/11/2023,SHIVDAS ENTERPRISE,"1, Manjula hospital/ Shivdas laboratory, Mission pada faliyu, 1, AHWA, AHWA","[{""NIC5DigitId"":""74909"",""Description"":""Other professional, scientific and technical activities n.e.c.""},{""NIC5DigitId"":""86100"",""Description"":""Hospital activities""}]"
24,GUJARAT,444,DANG,394716,18/03/2024,Blesi Electric & Electricals,"-, -, Navapur Road, -, -, Subir","[{""NIC5DigitId"":""47594"",""Description"":""Retail sale of refrigerators, washing machines and other electrical\/electronic household goods""},{""NIC5DigitId"":""33140"",""Description"":""Repair of electrical equipment""}]"
24,GUJARAT,444,DANG,394720,14/09/2023,SUMITHSINH VIRENDRASINH RAGHAV,"B-13, NEW SHOPPING CENTER, IN FRONT OF SHILPI HILL RESORT, B-13, 0, SAPUTARA","[{""NIC5DigitId"":""47640"",""Description"":""Retail sale of games and toys in specialized stores""},{""NIC5DigitId"":""16299"",""Description"":""Manufacture of other wood products n.e.c.""}]"
24,GUJARAT,444,DANG,394710,13/07/2023,PAWAR JYOTIBEN KAMLESHBHAI,"MISSIONPADA, MISSIONPADA AHWA, MISSIONPADA, MISSIONPADA, AHWA, AHWA","[{""NIC5DigitId"":""47190"",""Description"":""Other retail sale in non-specialized stores""}]"
24,GUJARAT,444,DANG,394716,9/2/2024,pratiksha beautiparlor,"pipaldahad, pipaldahad, bajar pati main road, pipaldahad, subir, pipaldahad","[{""NIC5DigitId"":""96020"",""Description"":""Hairdressing and other beauty treatment""}]"
24,GUJARAT,444,DANG,394716,9/2/2024,A.K borsa,"subir, subir, navapur road, subir, subir, subir","[{""NIC5DigitId"":""14105"",""Description"":""Custom tailoring""}]"
24,GUJARAT,444,DANG,394710,9/2/2024,MADHURAM SUTHARI WORK,"KARBARI FALIYU, DIVANTEMBRUN, KARBARI FALIYU, KARBARI FALIYU, AHWA, DIVANTEMBRUN","[{""NIC5DigitId"":""16229"",""Description"":""Manufacture of builders' carpentry and joinery n.e.c.""}]"
24,GUJARAT,444,DANG,394730,12/3/2024,YOGI CONSTRUCTION,"67, SHANTIRAMBHAI BAGUL, AHWA/WASURNA, 67, AHWA, AHWA","[{""NIC5DigitId"":""68200"",""Description"":""Real estate activities on a fee or contract basis""}]"
24,GUJARAT,444,DANG,394730,12/1/2024,MANOJBHAI REGHUNATHBHAI BAUGUL,"0, 0, MAIN RAOD, 0, 0, THE DANGS","[{""NIC5DigitId"":""10619"",""Description"":""Other grain milling and processing n.e.c.""}]"
24,GUJARAT,444,DANG,394730,27/05/2024,Ishwar Online Centre,"36, Ishwar Online Centre, Nadagchond, 36, Nichlu faliyu, Ahwa","[{""NIC5DigitId"":""62091"",""Description"":""Software installation""},{""NIC5DigitId"":""62099"",""Description"":""Other information technology and computer service activities n.e.c""}]"
24,GUJARAT,444,DANG,394716,7/6/2024,MAHLA ANILBHAI,"MAHLA ANILBHAI, MAHLA ANILBHAI, MAIN ROAD SUBIR, MAHLA ANILBHAI, SUBIR, AHWA","[{""NIC5DigitId"":""95120"",""Description"":""Repair of communication equipment""}]"
24,GUJARAT,444,DANG,394710,21/05/2024,MAHMAD TRANSPORT,"-, NANDANPEDA, NANDANPEDA, -, -, AHWA","[{""NIC5DigitId"":""49110"",""Description"":""Passenger rail transport""}]"
24,GUJARAT,444,DANG,394730,10/8/2023,GAVIT RUPESHBHAI DEVUBHAI,"Shree live fast food, Samgahan, Opp.bus stand, Shree live fast food, Ta.Ahwa, Saputara","[{""NIC5DigitId"":""47214"",""Description"":""Retail sale of bakery products, dairy products and eggs""},{""NIC5DigitId"":""56291"",""Description"":""Activities of food service contractors (e.g. for transportation companies)""}]"
24,GUJARAT,444,DANG,394730,30/01/2024,DOLATRAM MANGILAL VAISHNAV,"0, 0, waghai, 0, 0, waghai","[{""NIC5DigitId"":""47110"",""Description"":""Retail sale in non-specialized stores with food, beverages or tobacco predominating""}]"
24,GUJARAT,444,DANG,394716,9/2/2024,hill dhaba,"subir, subir, subir sabridham road, subir, subir, subir","[{""NIC5DigitId"":""10202"",""Description"":""Artificial dehydration of fish and sea food""}]"
24,GUJARAT,444,DANG,394716,14/10/2023,SHRI KANTILAL KASHIRAMBHAI RAUT,"A16, PATEL FALIYU, MAIN ROAD, A16, 0, SUBIR","[{""NIC5DigitId"":""30999"",""Description"":""Manufacture of other transport equipments n.e.c. such as pushcarts, handcarts etc""}]"
24,GUJARAT,444,DANG,394710,9/11/2023,SHREE LAXMI ELECTRICALS,"MAIN ROAD, NEAR POLICE STATION AHWA, MAIN ROAD, MAIN ROAD, AHWA, AHWA","[{""NIC5DigitId"":""27400"",""Description"":""Manufacture of electric lighting equipment""}]"
24,GUJARAT,444,DANG,394730,18/01/2024,HINALI FURNITURE,"87, HINALI FURNITURE, SAPUTARA WAGHAI MAIN ROAD, 87, POST,NANAPADA, WAGHAI","[{""NIC5DigitId"":""31009"",""Description"":""Manufacture of other furniture n.e.c.""}]"
24,GUJARAT,444,DANG,394710,21/02/2024,SHAILESHBHAI RAMANBHAI DESHMUKH,"AMBAPADA, AT. POST.AHWA AMBAPADA TA. AHWA DIST.DANG, AMBAPADA, AMBAPADA, AHWA, AHWA","[{""NIC5DigitId"":""46302"",""Description"":""Wholesale of raw milk & dairy products""}]"
24,GUJARAT,444,DANG,394710,11/2/2023,RAMANBHAI GONDYABHAI PAWAR,"0, Ashram Shala Chikatiya, Nr.Prathmik Shala, 0, Ahwa, Dang","[{""NIC5DigitId"":""81300"",""Description"":""Landscape care and maintenance service activities""}]"
24,GUJARAT,444,DANG,394730,13/02/2024,SHREE GANESH NASTA CENTRE,"OPP SOWMILL, WAGHAI, OPP SOWMILL, OPP SOWMILL, WAGHAI, WAGHAI","[{""NIC5DigitId"":""10616"",""Description"":""Manufacture of cereal breakfast foods obtained by roasting or swelling cereal grains""}]"
24,GUJARAT,444,DANG,394730,8/12/2023,E DIGITAL SERVICE POINT,"01, Near psc center, Vaghai saputara road, 01, Vaghai, Dang","[{""NIC5DigitId"":""64990"",""Description"":""Other financial service activities, except insurance and pension funding activities, n.e.c""}]"
24,GUJARAT,444,DANG,394710,15/03/2024,Niyati water supplier,"218, Ambapada, Ambapada, 218, Ahwa, Ahwa","[{""NIC5DigitId"":""36000"",""Description"":""Water collection, treatment and supply""}]"
24,GUJARAT,444,DANG,394716,12/1/2024,SIDHARTH  KRIYANA,"458, SUBIR, SUBIR CHAR RSATA MAHAL ROAD, 458, 1, SUBIR","[{""NIC5DigitId"":""47219"",""Description"":""Retail sale of other food products n.e.c.""}]"
24,GUJARAT,444,DANG,394710,23/11/2023,KIYAAN HOSPITAL AND MATERNITY HOME,"2nd Floor, Jadav complex, Navapur Road Ahwa, 2nd Floor, AHWA, Ahwa","[{""NIC5DigitId"":""86100"",""Description"":""Hospital activities""},{""NIC5DigitId"":""86201"",""Description"":""Medical practice activities""}]"
24,GUJARAT,444,DANG,394730,14/09/2023,RADHE KRISHNA MOBILE SHOP,"10, WAGHAI, RAILWAY STATION ROAD, 10, WAGHAI, WAGHAI","[{""NIC5DigitId"":""46524"",""Description"":""Wholesale of telephone, mobile phone and communications equipment and parts""}]"
24,GUJARAT,444,DANG,394730,20/11/2023,D.k.Farm City,"143, Dk farm city, Saputara road, 143, Waghai, Waghai","[{""NIC5DigitId"":""55101"",""Description"":""Hotels and Motels, inns, resorts providing short term lodging facilities; includes accommodation in house boats""}]"
24,GUJARAT,444,DANG,394710,21/08/2023,RANJIT TRANSPORT,"454, GRAMYA VISTAR, MANDIR FALIYU, 454, 454, SUBIR","[{""NIC5DigitId"":""56102"",""Description"":""Cafeterias, fast-food restaurants and other food preparation in market stalls""}]"
24,GUJARAT,444,DANG,394710,24/11/2023,UMIYA KIRANA STORE,"D.P FALIYU KOTBA, KOTBA, KOTBA, D.P FALIYU KOTBA, AHWA, AHWA","[{""NIC5DigitId"":""47990"",""Description"":""Other retail sale not in stores, stalls or markets""}]"
24,GUJARAT,444,DANG,394720,6/2/2024,Yogita S contrastion,"sonuniya, sonuniya, sonuniya, sonuniya, ahwa, ahwa","[{""NIC5DigitId"":""41003"",""Description"":""Assembly and erection of prefabricated constructions on the site""}]"
24,GUJARAT,444,DANG,394710,6/2/2024,HOTEL JAY MALHAR,"GALKUND ROAD, PIPALPADA, PIPALPADA GALKUND ROAD, GALKUND ROAD, AHWA, PIPALPADA","[{""NIC5DigitId"":""10750"",""Description"":""Manufacture of prepared meals and dishes""}]"
24,GUJARAT,444,DANG,394710,2/1/2024,Agripreneurship Unit,"Patel Faliyu, Gadhvi, Gadhvi, Patel Faliyu, Ahwa, Gadhvi","[{""NIC5DigitId"":""10719"",""Description"":""Manufacture of other bakery products n.e.c.""}]"
24,GUJARAT,444,DANG,394730,2/1/2024,CHAUDHARI KRUPESHBHAI SHIVRAMBHAI,"KUNDA SAKARPATAL, KUNDA SAKARPATAL, SAKARPATAL KUNDA ROAD, KUNDA SAKARPATAL, WAGHAI, SAKARPATAL","[{""NIC5DigitId"":""60200"",""Description"":""This class includes creation""}]"
24,GUJARAT,444,DANG,394710,22/12/2023,GAVIT RAMABHAI POPATBHAI,"-, BILMAL, LINGA, BILMAL, -, AHWA, AHWA","[{""NIC5DigitId"":""41001"",""Description"":""Construction of buildings carried out on own-account basis or on a fee or contract basis""}]"
24,GUJARAT,444,DANG,394730,16/01/2021,JAYESH POLATRY FARM,"0, 0, UPALA FALIYA, 0, 0, AHWA","[{""NIC5DigitId"":""01463"",""Description"":""Operation of poultry hatcheries""}]"
24,GUJARAT,444,DANG,394730,28/04/2022,Ramdev general store,"1447, RAMDEV GENERAL STORE, Bazaar street, 1447, Dang, Waghai","[{""NIC5DigitId"":""47214"",""Description"":""Retail sale of bakery products, dairy products and eggs""}]"
24,GUJARAT,444,DANG,394710,21/04/2022,BHARAT CLOTHS,"0, 0, MAIN ROAD, 0, 0, THE DANGS","[{""NIC5DigitId"":""47711"",""Description"":""Retail sale of readymade garments, hosiery goods, other articles of clothing and clothing accessories such as gloves, ties, braces etc.""}]"
24,GUJARAT,444,DANG,389170,5/7/2021,SMT PRIYVANDA BHUPENDRA PANCHAL,"12, luharvada, jhalod, 12, 1, dahod","[{""NIC5DigitId"":""96020"",""Description"":""Hairdressing and other beauty treatment""}]"
24,GUJARAT,444,DANG,394710,23/09/2021,ASHWAMEGH ELECTRONICS,"HOUSE NO 418, SARDAR BAZAR VISTAR, TAL AHWA, HOUSE NO 418, AT AND PO AHWA, DANG","[{""NIC5DigitId"":""47594"",""Description"":""Retail sale of refrigerators, washing machines and other electrical\/electronic household goods""}]"
24,GUJARAT,444,DANG,394720,4/3/2022,PRANAV RESTAURANT,"0, 0, MAIN ROAD, 0, 0, AHWA","[{""NIC5DigitId"":""56101"",""Description"":""Restaurants without bars""}]"
24,GUJARAT,444,DANG,394716,16/08/2021,MANILALBHAI BUDHYABHAI KAMADI,"01, AT POST KHAMBHLA PIPALDAHAD, KHAMBHLA PIPALDAHAD, 01, AHWA, AHWA","[{""NIC5DigitId"":""68200"",""Description"":""Real estate activities on a fee or contract basis""}]"
24,GUJARAT,444,DANG,394710,18/02/2022,Common Service Centre,"., Chaudhari Shaileshbhai Kishanbhai, Dhavlidod, Ahwa, Dang, ., Dhavlidod, Ahwa","[{""NIC5DigitId"":""09900"",""Description"":""Support activities for other mining and quarrying""}]"
24,GUJARAT,444,DANG,394716,4/7/2022,VINOD MANDAP DECORATION,"62, 0, School Faliya, 62, 0, Taluka Subir","[{""NIC5DigitId"":""90009"",""Description"":""Other creative arts and and entertainment activities""}]"
24,GUJARAT,444,DANG,394730,22/12/2020,VAN OSHADI UPCHAR KENDRA,"00, KHIRMANI, KHIRMANI, 00, 00, WAGHAI","[{""NIC5DigitId"":""86909"",""Description"":""Other human health activities n.e.c. (including independent ambulance activities)""}]"
24,GUJARAT,444,DANG,394710,22/09/2020,UNITY CONSTRUCTION,"EDUCATION COLONY, NEAR DRDA OFFICE, RANGUPAVAN ROAD, EDUCATION COLONY, DANG, AHWA","[{""NIC5DigitId"":""82990"",""Description"":""Other business support service activities n.e.c.""},{""NIC5DigitId"":""41001"",""Description"":""Construction of buildings carried out on own-account basis or on a fee or contract basis""},{""NIC5DigitId"":""42101"",""Description"":""Construction and maintenance of motorways, streets, roads, other vehicular and pedestrian ways, highways, bridges, tunnels and subways""}]"
24,GUJARAT,444,DANG,394715,14/06/2021,Rajeshbhai sonyabhai gamit,"23, Kosimda, NISHAL FADIYU, 23, 23, KOSIMDA","[{""NIC5DigitId"":""96098"",""Description"":""General household maintenance activities like grooming of the floor, dusting, cleaning of utensils etc.""}]"
24,GUJARAT,444,DANG,394730,7/10/2021,BIPINBHAI AMRATBHAI GAVIT,"55, AT POST NICHLU FALIYU, NICHLU FALIYU, 55, WAGHAI, WAGHAI","[{""NIC5DigitId"":""01639"",""Description"":""Other post harvest crop activities, n.e.c.""}]"
24,GUJARAT,444,DANG,394730,9/5/2022,TREE BONES RESORT & ADVENTURE PARK,"BLOC/SERVE NO.226, KHATA NO.102, SAPUTARA ROAD, BLOC/SERVE NO.226, POST-SHIMGAHAN, CHIRPADA","[{""NIC5DigitId"":""55101"",""Description"":""Hotels and Motels, inns, resorts providing short term lodging facilities; includes accommodation in house boats""},{""NIC5DigitId"":""56102"",""Description"":""Cafeterias, fast-food restaurants and other food preparation in market stalls""},{""NIC5DigitId"":""93290"",""Description"":""Other amusement and recreation activities n.e.c.""},{""NIC5DigitId"":""14101"",""Description"":""Manufacture of all types of textile garments and clothing accessories""}]"
24,GUJARAT,444,DANG,394730,7/9/2020,charak kendra jamlapada rambhash,"35, jamlapda rambhash, jamlapda rambhash, 35, 35, waghai","[{""NIC5DigitId"":""86909"",""Description"":""Other human health activities n.e.c. (including independent ambulance activities)""}]"
24,GUJARAT,444,DANG,394710,6/3/2022,SARDAR MALKITSINGH ISHWERSINGH KAUSHAL,"BEHIND NEW COURT, AHWA, AHWA DUNGARI FALIYA, BEHIND NEW COURT, AHWA, DANG","[{""NIC5DigitId"":""42909"",""Description"":""Other civil engineering projects n.e.c.""}]"
24,GUJARAT,444,DANG,394715,2/5/2024,KAKAD NILESHBHAI,"01, NISHAL FALIYU, DANG, 01, 01, DANG","[{""NIC5DigitId"":""23955"",""Description"":""Manufacture of hume pipes and other pre-fabricated structural components of cement and\/or concrete for building or civil engineering""}]"
24,GUJARAT,444,DANG,394730,4/4/2024,Raju tin welding works,"44, Waghai, Railway station road, 44, Waghai, Waghai","[{""NIC5DigitId"":""29201"",""Description"":""Manufacture of bodies, including cabs for motor vehicles""}]"
24,GUJARAT,444,DANG,394710,27/06/2022,SHRI MAHAMADHAROONKHAN VISHALKHAN PATHAN,"000, Patelpada school ni bajuma, Saputara road, 000, 000, Ahwa","[{""NIC5DigitId"":""49300"",""Description"":""Transport via pipeline""}]"
24,GUJARAT,444,DANG,394710,3/1/2022,JALARAM STEEL AND BUILDING MATERIAL,"MAINROAD, MISSIONPADA, AHWA, MAINROAD, AHWA, AHWA","[{""NIC5DigitId"":""23955"",""Description"":""Manufacture of hume pipes and other pre-fabricated structural components of cement and\/or concrete for building or civil engineering""}]"
24,GUJARAT,444,DANG,394730,28/10/2021,MAA ENTERPRISE,"0,, BAZAR, 0, 0,, WAGHAI, WAGHAI","[{""NIC5DigitId"":""47521"",""Description"":""Retail sale of building material such as bricks, wood, sanitary equipment""},{""NIC5DigitId"":""47522"",""Description"":""Retail sale of hardware including paints, varnishes and lacquers and do - it - yourself materials and equipments""}]"
24,GUJARAT,444,DANG,394716,6/5/2024,Pawar surekhaben vasantbhai,"-, at.po subir, -, -, -, DANG","[{""NIC5DigitId"":""56291"",""Description"":""Activities of food service contractors (e.g. for transportation companies)""}]"
24,GUJARAT,444,DANG,394710,23/08/2021,M/S SHREE MAHA LAXMI SARVAJANIK TRUST,"0, Gotiyamal, Dang, 0, Ahwa, Dang","[{""NIC5DigitId"":""78300"",""Description"":""Human resources provision and management of human resources functions""}]"
24,GUJARAT,444,DANG,394710,18/12/2020,MATIKAM & K.B.K BRICKS,"15, Golshta, Golshta, 15, 15, Ahwa","[{""NIC5DigitId"":""23921"",""Description"":""Manufacture of bricks""}]"
24,GUJARAT,444,DANG,394715,26/06/2021,Jyotiben,"., ., Naka faliya, ., ., Bhenskatri","[{""NIC5DigitId"":""52294"",""Description"":""Weighing of goods""}]"
24,GUJARAT,444,DANG,394710,15/04/2021,TUSHARKUMAR DILIPBHAI DESALE,"152, MISSIONPADA, MISSIONPADA, 152, 152, AHWA","[{""NIC5DigitId"":""58199"",""Description"":""Other publishing activities (including on-line) n.e.c.""}]"
24,GUJARAT,444,DANG,394716,11/4/2022,ZATIYA GIRISHBHAI,"000, Vachlu faliyu, School, 000, 000, Subir","[{""NIC5DigitId"":""45200"",""Description"":""Maintenance and repair of motor vehicles""},{""NIC5DigitId"":""47190"",""Description"":""Other retail sale in non-specialized stores""},{""NIC5DigitId"":""49300"",""Description"":""Transport via pipeline""},{""NIC5DigitId"":""96098"",""Description"":""General household maintenance activities like grooming of the floor, dusting, cleaning of utensils etc.""}]"
24,GUJARAT,444,DANG,394730,9/4/2021,CHAMPABEN PATEL,"0, NAKA FALIYU, POST OFFICE, 0, 0, DANG","[{""NIC5DigitId"":""96091"",""Description"":""Social activities such as escort services, marriage bureaus""}]"
24,GUJARAT,444,DANG,394710,13/04/2022,SAHEEN PLASTIC WARE,"0, MAIN ROAD, OPP. NEW POLICE STATION, AHVA, DEVALPADA, 0, AHVA, AHVA","[{""NIC5DigitId"":""22204"",""Description"":""Manufacture of bathing tubs, wash-basins, lavatory pans and covers,flushing cisterns and similar sanitary-ware of plastics""}]"
24,GUJARAT,444,DANG,394710,6/2/2021,K K K.LIFESTYLE,"Main Road, Sardar bazar, Main road, Main Road, 1, Ahwa","[{""NIC5DigitId"":""14101"",""Description"":""Manufacture of all types of textile garments and clothing accessories""}]"
24,GUJARAT,444,DANG,394730,19/05/2021,BHAGARIYA SAGARKUMAR VINODBHAI,"172, WAGHAI NAKA FADIYU, SAPUTARA ROAD, 172, NEAR RTO CHECK POST, WAGHAI","[{""NIC5DigitId"":""66110"",""Description"":""Administration of financial markets""}]"
24,GUJARAT,444,DANG,394710,24/02/2022,SURAJ ELECTRICS,"0, 0, MAIN ROAD, 0, 0, AHWA","[{""NIC5DigitId"":""95295"",""Description"":""Repair of musical instruments""}]"
24,GUJARAT,444,DANG,394730,31/05/2025,MINAXIBEN DINESHBHAI BORSE,"1, CHIRAPADA FALIYA, CHIRAPADA FALIYA, 1, 1, SAMGAHAN","[{""NIC5DigitId"":""46301"",""Description"":""Wholesale of fruits & vegetables""}]"
24,GUJARAT,444,DANG,394710,6/6/2025,SHIV SAKTI PAPAD,"156, BANDHARPADA, SUNSET  ROAD, 156, A, AHWA","[{""NIC5DigitId"":""10796"",""Description"":""Manufacture of papads, appalam and similar food products""}]"
24,GUJARAT,444,DANG,394710,5/6/2025,BAPA SITARAM MINERAL WATER,"HOUSE NO 1 26, AMBAPADA, AHWA, HOUSE NO 1 26, AHWA, AHWA","[{""NIC5DigitId"":""56292"",""Description"":""Operation of canteens or (e.g. for factories, offices, hospitals or schools) on a concession basis""}]"
24,GUJARAT,444,DANG,394710,10/7/2025,MIHIKA SELECTION & TELOR MATERIAL,"98, Sardar bazar Ahwa, Main road ahwa, 98, ahwa, Ahwa","[{""NIC5DigitId"":""14105"",""Description"":""Custom tailoring""}]"
24,GUJARAT,444,DANG,394710,21/05/2025,BHOYE PRAKASHBHAI S CONSTRUCTION,"2/53, KOTBA, NAVAPUR ROAD, 2/53, DHAVLIDOD, AHWA","[{""NIC5DigitId"":""43900"",""Description"":""Other specialized construction activities""}]"
24,GUJARAT,444,DANG,394710,29/05/2025,SONWANE SUREKHABEN RAVINDRABHAI,"-, Bandarpada faliyu, Bandarpada faliyu, -, Ahwa, Ahwa","[{""NIC5DigitId"":""56291"",""Description"":""Activities of food service contractors (e.g. for transportation companies)""}]"
24,GUJARAT,444,DANG,394715,2/7/2025,Padvi Vipulbhai Mansirambhai,"0, Kalibel, Ahwa, 0, 0, Ahwa","[{""NIC5DigitId"":""01612"",""Description"":""Operation of agricultural irrigation equipment""}]"
24,GUJARAT,444,DANG,394710,20/07/2025,SALIM AMUL KESHAR MILK BANAVAT,"AT AHWA BANDHAR PADA, BANDHARPADA NEAR SESHRAV MANDIR, BANDHARPADA, AT AHWA BANDHAR PADA, AHWA, AHWA","[{""NIC5DigitId"":""56304"",""Description"":""Mobile beverage vendors""}]"
24,GUJARAT,444,DANG,394720,24/07/2025,Kanishka villa resort,"A16-17, Kanishka villa resort, Saputara nashik road, A16-17, Saputara, Saputara","[{""NIC5DigitId"":""55101"",""Description"":""Hotels and Motels, inns, resorts providing short term lodging facilities; includes accommodation in house boats""}]"
24,GUJARAT,444,DANG,394710,23/07/2025,NAKULKUMAR MADHUKARBHAI JADAV,"SARDAR BAZAR, AT POST AHWA SARDAR BAZAR MAIN ROAD TA AHWA, MAIN ROAD AHWA, SARDAR BAZAR, AHWA, AHWA","[{""NIC5DigitId"":""47211"",""Description"":""Retail sale of cereals and pulses, tea, coffee, spices and flour""}]"
24,GUJARAT,444,DANG,394710,4/8/2025,"DIGITAL SEWA JANSEWA KENDRA ,GALKUND","GALKUND, AT POST GALKUND TA AHWA DANG, GALKUND, GALKUND, BAJAR ROAD, AHWA","[{""NIC5DigitId"":""62092"",""Description"":""Computer disaster recovery""},{""NIC5DigitId"":""95111"",""Description"":""Repair and maintenance of computer and peripheral equipment""}]"
24,GUJARAT,444,DANG,394710,31/07/2025,JADAV KALUBHAI GOVINDBHAI,"JAWAHAR COLONY AHWA, JAWAHAR COLONY AHWA, JAWAHAR COLONY AHWA, JAWAHAR COLONY AHWA, AHWA, AHWA","[{""NIC5DigitId"":""14101"",""Description"":""Manufacture of all types of textile garments and clothing accessories""}]"
24,GUJARAT,444,DANG,394730,30/07/2025,SIYON FAST FOOD,"45, SCHOOL NI SAME ZAVDA, ZAVDA, 45, WAGHAI, WAGHAI","[{""NIC5DigitId"":""56102"",""Description"":""Cafeterias, fast-food restaurants and other food preparation in market stalls""},{""NIC5DigitId"":""56104"",""Description"":""Restaurant and bar activities connected to transportation, when carried out by separate units""},{""NIC5DigitId"":""56291"",""Description"":""Activities of food service contractors (e.g. for transportation companies)""},{""NIC5DigitId"":""10750"",""Description"":""Manufacture of prepared meals and dishes""}]"
24,GUJARAT,444,DANG,394710,24/02/2026,DIXITBHAI VARATHA,"VTC -WANZTTEMRUN, PO -GARAKHADI, THE DANGS, VTC -WANZTTEMRUN, TAL -SUBIR, THE DANGS","[{""NIC5DigitId"":""49231"",""Description"":""Motorised road freight transport""}]"
24,GUJARAT,444,DANG,694715,23/02/2026,MANISH GENERAL STORE,"01, Nearby hanuman temple, KHATAL ROAD, 01, WAGHAI, WAGHAI","[{""NIC5DigitId"":""47110"",""Description"":""Retail sale in non-specialized stores with food, beverages or tobacco predominating""}]"
24,GUJARAT,444,DANG,394730,20/02/2026,SHREE SHYAM NASTA CENTER,",, SHREE SHYAM NASTA CENTER, ., ,, ., dang","[{""NIC5DigitId"":""56101"",""Description"":""Restaurants without bars""}]"
24,GUJARAT,444,DANG,394720,22/02/2026,S4 COLLECTION,"2, Saputara, At.navagam post.saputara ta.ah, 2, 2, Saputara","[{""NIC5DigitId"":""47711"",""Description"":""Retail sale of readymade garments, hosiery goods, other articles of clothing and clothing accessories such as gloves, ties, braces etc.""}]"
24,GUJARAT,444,DANG,394710,14/02/2026,Nidhi fashion,"Kasavdahad, Kasavdahad post ahwa, School near, Kasavdahad, Ahwa, Ahwa","[{""NIC5DigitId"":""66290"",""Description"":""Other activities auxiliary to insurance and pension funding""}]"
24,GUJARAT,444,DANG,394730,14/02/2026,FARMER,"AA, ANGANVADI FALIYU, ANGANVADI FALIYU, AA, AA, BORIGAVTHA","[{""NIC5DigitId"":""46512"",""Description"":""Wholesale of software""}]"
24,GUJARAT,444,DANG,394730,20/02/2026,Traveling in car,"1-15, Galakhava faliu,gramyavistar, NH no-8,nashik too surat, 1-15, 1-15, Ahwa","[{""NIC5DigitId"":""79110"",""Description"":""Travel agency activities""}]"
24,GUJARAT,444,DANG,394715,7/1/2026,FARMER,"AA, PATEL FALIYA, PATEL FALIYA, AA, AA, GHODI","[{""NIC5DigitId"":""46511"",""Description"":""Wholesale of computers and computer peripheral equipment""}]"
24,GUJARAT,444,DANG,394710,7/1/2026,PRIYA GENERAL STORE PAN AND COLDDRINKS,"AA, NEAR SARDAR MARKET, MAIN ROAD, AA, AA, AHWA","[{""NIC5DigitId"":""96098"",""Description"":""General household maintenance activities like grooming of the floor, dusting, cleaning of utensils etc.""}]"
24,GUJARAT,444,DANG,394710,28/04/2026,BARE CHETANBHAI SUBHASHBHAI,"0, 0, 0, 0, 0, 0","[{""NIC5DigitId"":""47990"",""Description"":""Other retail sale not in stores, stalls or markets""}]"
24,GUJARAT,444,DANG,394710,26/04/2026,Gavli Ramjibhai Dhanjibhai,"00, Kahandolghodi, Main road, 00, 00, Dang","[{""NIC5DigitId"":""49110"",""Description"":""Passenger rail transport""}]"
24,GUJARAT,444,DANG,394716,29/04/2026,CHAUDHARI TRANSPORT,"-, NICHLU FALIYU, PIPALDAHAD, -, -, AHWA","[{""NIC5DigitId"":""49223"",""Description"":""Rental of private cars with driver""}]"
24,GUJARAT,444,DANG,394710,16/01/2026,stavan maid service,"House/Bldg./apt210/, Mission colony, Mission colony, House/Bldg./apt210/, 210/2, Gujrat","[{""NIC5DigitId"":""96098"",""Description"":""General household maintenance activities like grooming of the floor, dusting, cleaning of utensils etc.""}]"
24,GUJARAT,444,DANG,394730,10/1/2026,Ritesh ratanbhai bhusara,"ghodvahal, nadgchond, the dangs, ghodvahal, 2, the dangs","[{""NIC5DigitId"":""79110"",""Description"":""Travel agency activities""}]"
24,GUJARAT,444,DANG,394716,13/01/2026,GAVIT RUPASHBHAI,"01, DANG, DANG, 01, 01, DANG","[{""NIC5DigitId"":""33190"",""Description"":""Repair of other equipment""}]"
24,GUJARAT,444,DANG,394716,22/04/2026,GAMIT ARVINDBHAI MAGANBHAI,"0, KHARDANDI FALUYU, NISHANA ROAD, 0, 0, NISHANA","[{""NIC5DigitId"":""52291"",""Description"":""Activities of travel agents and tour operators""}]"
24,GUJARAT,444,DANG,394715,24/04/2026,VAGHERA SATISHBHAI SONUBHAI,"0, BHUJAD KALIBEL THE DANGS, MAIN ROAD, 0, A, KALIBEL","[{""NIC5DigitId"":""49300"",""Description"":""Transport via pipeline""}]"
24,GUJARAT,444,DANG,394710,24/04/2026,IRFAN CONSTRUCTION,"PATELPADA, SAPUTARA NAKA, MAIN ROAD, PATELPADA, 2, AHWA","[{""NIC5DigitId"":""42101"",""Description"":""Construction and maintenance of motorways, streets, roads, other vehicular and pedestrian ways, highways, bridges, tunnels and subways""}]"
24,GUJARAT,444,DANG,394710,23/01/2026,SUPER AUTO,"78, SUPER AUTO, NAVAPUR RODE, 78, AHWA, AHWA","[{""NIC5DigitId"":""45200"",""Description"":""Maintenance and repair of motor vehicles""}]"
24,GUJARAT,444,DANG,394730,5/2/2026,DISHA STATIONERY & ZEROX,"OPP BOB ATM WAGHAI, APMC MARKET WAGHAI, WAGHAI  BUS STOP BEHIND, OPP BOB ATM WAGHAI, 101, AHWA","[{""NIC5DigitId"":""47613"",""Description"":""Retail sale of stationery office supplies such as pens, pencils, paper etc.""}]"
24,GUJARAT,444,DANG,394710,24/12/2025,UNITY CONTRUCTION CONTRACTS,"NAVAPUR ROAD, NEAR UNITY ENERGY, MAIN ROAD, NAVAPUR ROAD, AHWA, AHWA","[{""NIC5DigitId"":""68200"",""Description"":""Real estate activities on a fee or contract basis""}]"
24,GUJARAT,444,DANG,394710,24/12/2025,AHIR TEJASBHAI VARUBHAI,"0, BIMBUPADA, BIMBUPADA, 0, SCHOOL, DANG","[{""NIC5DigitId"":""46301"",""Description"":""Wholesale of fruits & vegetables""}]"
24,GUJARAT,444,DANG,394710,2/1/2026,Saanvi Enterprises,"127, Gavthan faliya, Nandanpeda, Primary school Gavthan faliya, 127, Gavthan faliya, Ahwa, Ahwa","[{""NIC5DigitId"":""17029"",""Description"":""Manufacture of other containers of paper and paperboard n.e.c.""},{""NIC5DigitId"":""17092"",""Description"":""Manufacture of paper cups, saucers, plates, hoops, cones and other similar products""}]"
24,GUJARAT,444,DANG,394710,13/01/2026,HELLO POINT,"Near Bus stand,Ahwa, Hello Point, Main Road, Near Bus stand,Ahwa, 2, Ahwa","[{""NIC5DigitId"":""47414"",""Description"":""Retail sale of telecommunication equipment""}]"
24,GUJARAT,444,DANG,394716,15/05/2026,BHOYE FISH FARMING,"at.po.chamarpada, pipaldahad, subir, at.po.chamarpada, pipaldahad, subir","[{""NIC5DigitId"":""96091"",""Description"":""Social activities such as escort services, marriage bureaus""}]"
24,GUJARAT,444,DANG,394715,29/07/2026,GAMIT JAYESHBHAI RAJUBHAI,"00, NISHAL FALIYA, MAIN ROAD, 00, 00, AHWA","[{""NIC5DigitId"":""46302"",""Description"":""Wholesale of raw milk & dairy products""}]"
24,GUJARAT,444,DANG,394710,29/07/2026,SHREESHIV TRADERS,"176, ASHWINBHAI SAJIRAVBHAI GAVIT, AT. PO. AHWA, NEAR PWD OFFICE, 176, AHWA, AHWA","[{""NIC5DigitId"":""77100"",""Description"":""Renting and leasing of motor vehicles""},{""NIC5DigitId"":""47613"",""Description"":""Retail sale of stationery office supplies such as pens, pencils, paper etc.""},{""NIC5DigitId"":""46696"",""Description"":""Wholesale of paper in bulk""},{""NIC5DigitId"":""47737"",""Description"":""Retail sale of seeds, fertilisers, pesticides, machinery equipments and hand tools""},{""NIC5DigitId"":""46593"",""Description"":""Wholesale of electrical machinery, equipment and supplies, n.e.c.""}]"
24,GUJARAT,444,DANG,394716,30/07/2026,RAUT SUMANBHAI,"51, RAUT DAMUBHAI, PADALKHADI SUBIR DANG, 51, SUBIR, AHWA","[{""NIC5DigitId"":""32909"",""Description"":""Manufacture of other articles n.e.c.""}]"
24,GUJARAT,444,DANG,394716,14/04/2026,S.R. STUDIO,"00, 00, 00, 00, 00, THE DANGS","[{""NIC5DigitId"":""63992"",""Description"":""Activities of cyber café""},{""NIC5DigitId"":""74201"",""Description"":""Commercial and consumer photograph production""}]"
24,GUJARAT,444,DANG,394715,20/06/2026,PAWAR CHAMPAKBHAI,"0, 0, gramya vistar, 0, 0, ahwa","[{""NIC5DigitId"":""49300"",""Description"":""Transport via pipeline""}]"
24,GUJARAT,444,DANG,394730,18/07/2026,MAA LAXMI TRDAERS,"0, MAA LAXMI TRDAERS, DUNGARDA ROAD, 0, 0, WAGHAI","[{""NIC5DigitId"":""46632"",""Description"":""Wholesale of construction materials (sand, gravel etc.)""},{""NIC5DigitId"":""46633"",""Description"":""Wholesale of hardware and sanitary fittings and fixtures and flat glass including tools such as hammers, saws, screwdrivers and other hand tools""}]"
24,GUJARAT,444,DANG,394730,14/05/2026,A YADGAR CHICKEN,"-, BUS DEPO NI PASAD, SINGAL FALIYU, -, -, WAGHAI","[{""NIC5DigitId"":""56102"",""Description"":""Cafeterias, fast-food restaurants and other food preparation in market stalls""}]"
24,GUJARAT,444,DANG,394730,13/05/2026,Youppi,"S/O: Mahale Kishanbh, Balvantbhai Kishanbhai Mahale, S/O Mahale Kishanbhai, saputar, S/O: Mahale Kishanbh, 0, The Dang","[{""NIC5DigitId"":""47510"",""Description"":""Retail sale of textiles in specialized stores""}]"
24,GUJARAT,444,DANG,394710,16/05/2026,MISHRA RAMESHBHAI KALISHANKARBHAI,"0, SHIXAN COLONY, AHWA, 0, AHWA, AHWA","[{""NIC5DigitId"":""47212"",""Description"":""Retail sale of fresh or preserved fruit and vegetables""}]"
24,GUJARAT,444,DANG,394710,2/6/2026,MANISHBHAI SITARAMBHAI AHIRE,"0, MANISHBHAI SITARAMBHAI AHIRE, AT AND POST MAHALPADA, 0, 0, AHWA","[{""NIC5DigitId"":""41001"",""Description"":""Construction of buildings carried out on own-account basis or on a fee or contract basis""}]"
24,GUJARAT,444,DANG,394730,9/6/2026,SHEKH FARUKBHAI ABDULBHAI,"11, hanuman faliyu, hanuman faliyu, 11, 51, dang","[{""NIC5DigitId"":""49231"",""Description"":""Motorised road freight transport""}]"
24,GUJARAT,444,DANG,394716,28/05/2026,jignesh,"131, rakesh home, school faliyu, 131, vachlu faliyu, kakshala","[{""NIC5DigitId"":""56101"",""Description"":""Restaurants without bars""}]"
24,GUJARAT,444,DANG,394710,28/05/2026,RAJESH GENERAL STORE,"-, -, -, -, -, ahwa","[{""NIC5DigitId"":""49219"",""Description"":""Other urban or suburban passenger transport n.e.c.""}]"
24,GUJARAT,444,DANG,394715,28/05/2026,CHAUDHARI ROHITBHAI NATUBHAI,"132, BARDIPADA, SAJUPADA, 132, 00, SUBIR","[{""NIC5DigitId"":""49110"",""Description"":""Passenger rail transport""}]"
24,GUJARAT,444,DANG,394710,15/06/2026,PAWAR JIGNESHBHAI RAMDASBHAI,"01, PAWAR RAMDASBHAI, AHWA DANG, 01, AHWA, AHWA","[{""NIC5DigitId"":""10719"",""Description"":""Manufacture of other bakery products n.e.c.""},{""NIC5DigitId"":""32909"",""Description"":""Manufacture of other articles n.e.c.""}]"
24,GUJARAT,444,DANG,394720,15/06/2026,VILASBHAI PUNAJIBHAI SHEVARE,"00, Gundia, Gundia, 00, 00, Ahwa","[{""NIC5DigitId"":""49231"",""Description"":""Motorised road freight transport""}]"
24,GUJARAT,444,DANG,396580,26/06/2026,SHREE SAI FRUIT,"-, NIRMAN ROAD, -, -, -, VANSDA","[{""NIC5DigitId"":""46301"",""Description"":""Wholesale of fruits & vegetables""}]"
24,GUJARAT,444,DANG,394730,25/06/2026,H.R.CONSTRUCTION,"160, N/A, MAIN BAZAR, 160, 0, WAGHAI","[{""NIC5DigitId"":""41001"",""Description"":""Construction of buildings carried out on own-account basis or on a fee or contract basis""},{""NIC5DigitId"":""41002"",""Description"":""Activities relating to alteration, addition, repair, maintenance carried out on own-account basis or on a fee or contract basis""},{""NIC5DigitId"":""42101"",""Description"":""Construction and maintenance of motorways, streets, roads, other vehicular and pedestrian ways, highways, bridges, tunnels and subways""}]"
24,GUJARAT,444,DANG,394710,18/06/2026,DHANLAXMI ELECTRICALS AND COLOUR,"PLOT NO 3, VANVIHAR COMPLEX, AHWA, PLOT NO 3, .., Dangs","[{""NIC5DigitId"":""47522"",""Description"":""Retail sale of hardware including paints, varnishes and lacquers and do - it - yourself materials and equipments""}]"
24,GUJARAT,444,DANG,394730,6/7/2026,DEEP SOLAR SERVICE,"0, 0, Bhapkhal, 0, 0, The Dangs","[{""NIC5DigitId"":""78200"",""Description"":""Temporary employment agency activities""}]"
24,GUJARAT,444,DANG,394730,15/07/2026,IZAN BAKERY,"18, PRAMUKH SWAMI NAGAR, NR ADARSH NIWASI SCHOOL, 18, -, WAGHAI","[{""NIC5DigitId"":""10712"",""Description"":""Manufacture of biscuits, cakes, pastries, rusks etc.""}]"
24,GUJARAT,444,DANG,394715,16/07/2026,BARISH NITESHBHAI VINESHBHAI,"0, BARDIPADA PRIMARY SCHOOL, BARDIPADA PRIMARY SCHOOL, 0, 0, SUBIR","[{""NIC5DigitId"":""41001"",""Description"":""Construction of buildings carried out on own-account basis or on a fee or contract basis""}]"
24,GUJARAT,444,DANG,394910,16/07/2026,PATEL WATER,"GROUND FLOOR, PATEL WATER, BEHIND CIVIL HOSPITAL, GROUND FLOOR, -, AHWA","[{""NIC5DigitId"":""11043"",""Description"":""Manufacture of mineral water""}]"
24,GUJARAT,444,DANG,394730,10/7/2026,DEVENDRABHAI ANADBHAI CHAUDHARI,"-, SAKARPATAL, WAGHAI, -, -, WAGHAI","[{""NIC5DigitId"":""49110"",""Description"":""Passenger rail transport""}]"
24,GUJARAT,444,DANG,394716,19/09/2021,SMILEY ELECTRONICS,",, ,, ,, ,, BAZAR FALIYU,, AHWA","[{""NIC5DigitId"":""47414"",""Description"":""Retail sale of telecommunication equipment""},{""NIC5DigitId"":""47599"",""Description"":""Retail sale of other household appliances n.e.c. ( security systems, such as locking devices, safes, and vaults, without installation or maintenance services etc. , wooden, cork and wickerwork goods, sewing and knitting machine and other household utensils and durables n.e.c.)""},{""NIC5DigitId"":""46524"",""Description"":""Wholesale of telephone, mobile phone and communications equipment and parts""}]"
24,GUJARAT,444,DANG,394710,22/02/2022,Vanjara Sonalben,"0, Opp. Canara Bank, ,Main Road, Ahwa, Dang, Main Raod, 0, Ahwa, Ahwa","[{""NIC5DigitId"":""47640"",""Description"":""Retail sale of games and toys in specialized stores""}]"
24,GUJARAT,444,DANG,394710,21/06/2022,AANSHI CHILDREN HOSPITAL,"0, AANSHI CHILDREN HOSPITAL, NEAR HARIOM SWEETS, 0, 0, THE DANGS","[{""NIC5DigitId"":""86100"",""Description"":""Hospital activities""}]"
24,GUJARAT,444,DANG,394716,29/06/2022,Anilbhai S pawar,"000, Kadmal, main road, 000, 000, Dang","[{""NIC5DigitId"":""49300"",""Description"":""Transport via pipeline""}]"
24,GUJARAT,444,DANG,394730,27/07/2021,DIXIT CONSTRUCTION,"Pramukhswami nivas, AT, and post. Nanapada, Waghai saputara road, Pramukhswami nivas, vaghai, Waghai","[{""NIC5DigitId"":""71100"",""Description"":""Architectural and engineering activities and related technical consultancy""}]"
24,GUJARAT,444,DANG,394715,28/06/2021,DJ BUSINESS CHICHINAGANVTHA,"135, Nichalu Faliyu Chichinaganvtha, Ahwa Road, 135, Waghai, Waghai","[{""NIC5DigitId"":""96091"",""Description"":""Social activities such as escort services, marriage bureaus""}]"
24,GUJARAT,444,DANG,394730,31/05/2022,JENIS ENTERPRISE,"Saputara Road, New Ambika Hotel and Restaurant, SH 174, Saputara Road, Samgahan, Ta Ahwa Dist Dang","[{""NIC5DigitId"":""55102"",""Description"":""Provision of short term lodging facilities to members of a particular organisition such as govt. guest houses, company guest houses, circuit houses and similar establishments""},{""NIC5DigitId"":""55109"",""Description"":""Provision of short stay accommodation n.e.c. (e.g. holiday homes, private guest houses etc.)""},{""NIC5DigitId"":""56101"",""Description"":""Restaurants without bars""},{""NIC5DigitId"":""56292"",""Description"":""Operation of canteens or (e.g. for factories, offices, hospitals or schools) on a concession basis""}]"
24,GUJARAT,444,DANG,394730,16/06/2021,Chintabhai,"89-1, Chintabhai, Near school, 89-1, 89-1, Waghai","[{""NIC5DigitId"":""96098"",""Description"":""General household maintenance activities like grooming of the floor, dusting, cleaning of utensils etc.""}]"
24,GUJARAT,444,DANG,394710,12/3/2021,RISHIKESH UTTAMBHAI GANGURDE,"Village Gadhvi, Ahwa, Gavthan Faliyu, Village Gadhvi, Ahwa, Ahwa","[{""NIC5DigitId"":""42909"",""Description"":""Other civil engineering projects n.e.c.""}]"
24,GUJARAT,444,DANG,394710,11/1/2022,DHANANI ENTERPRISE,"MAINROAD, NEAR BUS DEPO, MAIN ROAD, MAINROAD, AHWA, AHWA","[{""NIC5DigitId"":""46524"",""Description"":""Wholesale of telephone, mobile phone and communications equipment and parts""}]"
24,GUJARAT,444,DANG,394710,16/10/2022,KRISHNA BEAUTY PARLOUR,"01, KRISHNA BEAUTY PARLOUR, PATELPADA, 01, 01, AHWA","[{""NIC5DigitId"":""96020"",""Description"":""Hairdressing and other beauty treatment""}]"
24,GUJARAT,444,DANG,394730,16/09/2022,THORAT POULTRY FARM,"0, NISHAL FALIYU, KOYLIPADA, 0, WAGHAI, WAGHAI","[{""NIC5DigitId"":""01463"",""Description"":""Operation of poultry hatcheries""}]"
24,GUJARAT,444,DANG,394710,16/09/2022,VAIBHAVKUMAR LAXMANBHAI PATEL,"00, AT PO AHWA MISSIONPADA, AHWA, 00, 00, AHWA","[{""NIC5DigitId"":""47190"",""Description"":""Other retail sale in non-specialized stores""}]"
24,GUJARAT,444,DANG,394730,28/06/2021,CSC center,"0, CSC CENTER Nadagchond, 0, 0, 0, Waghai","[{""NIC5DigitId"":""65110"",""Description"":""Life insurance""}]"
24,GUJARAT,444,DANG,394715,3/8/2022,PRABHUKRUPA FLOUR&RICE MILL,"0, Wankan, Wankan, 0, Waghai, Waghai","[{""NIC5DigitId"":""10611"",""Description"":""Flour milling""}]"
24,GUJARAT,444,DANG,394716,31/12/2020,KHUSHI MISSION MANGALM,"12, PAWAR, BAZAR FALIYU, 12, SUBIR, PIPALDAHAD","[{""NIC5DigitId"":""56292"",""Description"":""Operation of canteens or (e.g. for factories, offices, hospitals or schools) on a concession basis""}]"
24,GUJARAT,444,DANG,394730,1/8/2022,BALAJI TRADERS,"SHOP NO. 1, OPP. TALUKA SEVA SADAN, SEVA SADAN ROAD, SHOP NO. 1, WAGHAI, WAGHAI","[{""NIC5DigitId"":""47110"",""Description"":""Retail sale in non-specialized stores with food, beverages or tobacco predominating""}]"
24,GUJARAT,444,DANG,394710,28/11/2021,THE DANG NEWS,"01, OPP DANG SEVA MANDAL, MISSION COLONY, 01, AHWA, AHWA","[{""NIC5DigitId"":""63122"",""Description"":""Operation of other websites that act as portals to the Internet, such as media sites providing periodically updated content""}]"
24,GUJARAT,444,DANG,394730,8/2/2022,PATHAN ASIFKHAN MOHAMADKHAN,"00, MANDIR FALIYU, AMBAMATANU MANDIR, 00, 00, WAGHAI","[{""NIC5DigitId"":""10719"",""Description"":""Manufacture of other bakery products n.e.c.""}]"
24,GUJARAT,444,DANG,394716,28/07/2022,SOMNATHBHAI MAGANBHAI KANADE,"AT POST 1-53, NAVAPUR ROAD SUBIR, NAVAPUR ROAD SUBIR, AT POST 1-53, SUBIR, AHWA","[{""NIC5DigitId"":""01639"",""Description"":""Other post harvest crop activities, n.e.c.""}]"
24,GUJARAT,444,DANG,394730,27/11/2021,M/S DANG AHWA FARMER PRODUCER COMPANY LIMITED,"AT- JAMALPADA, PO-RAMBHASH, TA-AHWA, AT- JAMALPADA, TA-AHWA, DANG","[{""NIC5DigitId"":""46209"",""Description"":""Whole sale of other agriculture raw materials n.e.c.""}]"
24,GUJARAT,444,DANG,394730,22/03/2022,MILWALA TRANSPORT SERVICES,"1091, DARGAH FALIYU, DARGAH ROAD, 1091, 1091, WAGHAI","[{""NIC5DigitId"":""49231"",""Description"":""Motorised road freight transport""}]"
24,GUJARAT,444,DANG,394716,9/1/2022,MAYUR CSC & XEROX CENTRE,"MAYUR CSC CENTRE, BESIDE OF TALUKA PANCHAYAT KACHERI SUBIR, NAVAPUR ROAD, MAYUR CSC CENTRE, MAIN ROAD, SUBIR","[{""NIC5DigitId"":""62092"",""Description"":""Computer disaster recovery""}]"
24,GUJARAT,444,DANG,394710,17/03/2022,Kiyaan Hospital,"1, 2 nd Floor, Jadav Complex, Main Road, 1, Ahwa, Ahwa","[{""NIC5DigitId"":""86100"",""Description"":""Hospital activities""}]"
24,GUJARAT,444,DANG,394710,27/07/2022,RAHULBHAI DEVANANDBHAI BHOYE,"125, AT POST BEHIND SARDAR BAZAR  AHWA, BEHIND SARDAR BAZAR  AHWA, 125, AHWA, AHWA","[{""NIC5DigitId"":""16299"",""Description"":""Manufacture of other wood products n.e.c.""}]"
24,GUJARAT,444,DANG,394710,4/12/2020,MATIKAM & S.R.P BRICKS,"50, Mahalpada, Mahalpada, 50, 50, Ahwa","[{""NIC5DigitId"":""23921"",""Description"":""Manufacture of bricks""}]"
24,GUJARAT,444,DANG,394710,23/05/2022,VALVI PRAVINBHAI SAYABUBHAI,"WANZITEMRUN, WANZITEMRUN, WANZITEMRUN, WANZITEMRUN, AHWA, AHWA","[{""NIC5DigitId"":""47190"",""Description"":""Other retail sale in non-specialized stores""}]"
24,GUJARAT,444,DANG,394710,18/03/2021,SAIRAJ FOOTWEAR,"0, 0, PETROL PUMP NI PACHAD, 0, 0, THE DANGS","[{""NIC5DigitId"":""95230"",""Description"":""Repair of footwear and leather goods""}]"
24,GUJARAT,444,DANG,394730,6/6/2022,OLIYA TRADERS,"ASHANAGAR FALIYU, NEAR WATER TANK, NEAR POST OFFICE WAGHAI, ASHANAGAR FALIYU, WAGHAI, DANGS","[{""NIC5DigitId"":""47611"",""Description"":""Retail sale of books of all kinds""},{""NIC5DigitId"":""18119"",""Description"":""Other printing activities like screen printing other than textile n.e.c.""}]"
24,GUJARAT,444,DANG,394710,28/10/2021,Kailash Readymade Garments,"0, Beside library, main road, ahwa, dang, Main road, 0, 0, AHWA","[{""NIC5DigitId"":""96010"",""Description"":""Washing and (dry-) cleaning of textile and fur products""}]"
24,GUJARAT,444,DANG,394710,18/12/2021,ARVIND LACHHUBHAI PAVAR,"HARPADA, HARPADA, HARPADA, HARPADA, HARPADA, HARPADA","[{""NIC5DigitId"":""47521"",""Description"":""Retail sale of building material such as bricks, wood, sanitary equipment""}]"
24,GUJARAT,444,DANG,394730,3/4/2024,SAI ELECTRONICS,"45, SAKARPATAL DHANGADI ROAD, SAKARPATAL DHANGADI ROAD, 45, WAGHAI, DANG","[{""NIC5DigitId"":""47594"",""Description"":""Retail sale of refrigerators, washing machines and other electrical\/electronic household goods""},{""NIC5DigitId"":""33133"",""Description"":""Repair and maintenance of optical instruments and equipment of class 2670""}]"
24,GUJARAT,444,DANG,394710,10/8/2021,SHRI FARIDKHAN CHANDKHAN PATHAN,"0, 0, PWD COLONY, 0, 0, THE DANGS","[{""NIC5DigitId"":""56101"",""Description"":""Restaurants without bars""}]"
24,GUJARAT,444,DANG,394710,21/12/2021,Kiran shop,"Gadad, Gadad, Gadad, Gadad, Gadad, Ahwa","[{""NIC5DigitId"":""56291"",""Description"":""Activities of food service contractors (e.g. for transportation companies)""}]"
24,GUJARAT,444,DANG,394716,5/8/2022,GENERAL KIRANA STORE,"51, NA, PATEL FALIYU, 51, SUBIR, AHWA","[{""NIC5DigitId"":""47110"",""Description"":""Retail sale in non-specialized stores with food, beverages or tobacco predominating""}]"
24,GUJARAT,444,DANG,396730,28/12/2020,SHASHIKANT SHARMA,"10 52 2, DARGHAH FALIYU, DARGHAH NAJIK, 10 52 2, 0, WAGHAI","[{""NIC5DigitId"":""49229"",""Description"":""Other non urban passenger land transport n.e.c.""}]"
24,GUJARAT,444,DANG,394730,14/09/2020,vanoshadi charak,"38, DUNGRDA, DUNGRDA, 38, 38, WAGHAI","[{""NIC5DigitId"":""86909"",""Description"":""Other human health activities n.e.c. (including independent ambulance activities)""}]"
24,GUJARAT,444,DANG,394730,7/10/2023,Sai cutlery and plastic,"3/35, Post office ni pasada, Asha nagar, 3/35, 3, Waghai Dang","[{""NIC5DigitId"":""47592"",""Description"":""Retail sale of household utensils and cutlery, crockery, glassware, china and pottery""}]"
24,GUJARAT,444,DANG,394710,14/07/2023,DESHMUKH TRANSPORT,"48/1, MOGRA, THE DANGS, 48/1, -, AHWA","[{""NIC5DigitId"":""49231"",""Description"":""Motorised road freight transport""}]"
24,GUJARAT,444,DANG,394716,14/07/2023,MALVI CONTRACTOR,"18/2, MAJI SARPACH FALIYU, KESHBANDH, 18/2, -, SUBIR","[{""NIC5DigitId"":""96098"",""Description"":""General household maintenance activities like grooming of the floor, dusting, cleaning of utensils etc.""}]"
24,GUJARAT,444,DANG,394716,27/09/2023,BAGUL JASHUBHAI ISHARAMBHAI,"SAWARDA, SAWARDA, SAWARDA, SAWARDA, SUBIR, SUBIR","[{""NIC5DigitId"":""47510"",""Description"":""Retail sale of textiles in specialized stores""}]"
24,GUJARAT,444,DANG,394710,10/10/2022,BHINTU TRANSPORT,"-, GARKHADI, GARKHADI, -, -, SUBIR","[{""NIC5DigitId"":""49110"",""Description"":""Passenger rail transport""}]"
24,GUJARAT,444,DANG,394716,20/09/2023,BANGAL SUBHASHBHAI,"00, BIJURPADA, MAIN ROAD, 00, 0, THE DANGS","[{""NIC5DigitId"":""96010"",""Description"":""Washing and (dry-) cleaning of textile and fur products""}]"
24,GUJARAT,444,DANG,394715,11/4/2023,SMRUTI MAHEK CEMENT PRODUCT,"94/1, 0, GODAVUN FALIYA, 94/1, WAGHAI, WAGHAI","[{""NIC5DigitId"":""32909"",""Description"":""Manufacture of other articles n.e.c.""}]"
24,GUJARAT,444,DANG,394730,10/1/2024,SONU CEMENT AGENCY,"1,2,3, RAILWAY STATION ROAD, RAILWAY STATION ROAD, 1,2,3, 0, WAGHAI","[{""NIC5DigitId"":""47521"",""Description"":""Retail sale of building material such as bricks, wood, sanitary equipment""}]"
24,GUJARAT,444,DANG,394710,14/02/2024,BHUMI ENTERPRISE,"SAWARNA PADA FALIYU, BHUMI ENTERPRISE, KOTBA, SAWARNA PADA FALIYU, DHAVLIDHOD, KOTBA","[{""NIC5DigitId"":""42903"",""Description"":""Construction of dams etc.""},{""NIC5DigitId"":""41001"",""Description"":""Construction of buildings carried out on own-account basis or on a fee or contract basis""}]"
24,GUJARAT,444,DANG,394730,7/12/2023,HOBITON FARM AND RESORT,"HOUSE NO 36, HOBITON FARM AND RESORT, TAL VAGHAI, HOUSE NO 36, POST NANAPADA, DIST DANG","[{""NIC5DigitId"":""55109"",""Description"":""Provision of short stay accommodation n.e.c. (e.g. holiday homes, private guest houses etc.)""}]"
24,GUJARAT,444,DANG,394730,26/06/2023,ANUSAYABEN HIRAMANBHAI GANGURDE,"02, TAILOR, NADAGCHOND, 02, POST NADAGCHOND, WAGHAI","[{""NIC5DigitId"":""14105"",""Description"":""Custom tailoring""}]"
24,GUJARAT,444,DANG,394710,15/07/2023,BHOYE TRANSPORT,"-, PIPLYAMAL, PO CHANKHAL, -, -, AHWA","[{""NIC5DigitId"":""49231"",""Description"":""Motorised road freight transport""}]"
24,GUJARAT,444,DANG,394710,15/07/2023,KAVARSIG TRANSPORT,"-, AMBAPADA, MAHADEV TEMPLE, -, -, AHWA","[{""NIC5DigitId"":""49110"",""Description"":""Passenger rail transport""}]"
24,GUJARAT,444,DANG,394710,18/09/2023,RAJU TRANSPORT,"-, JAKHANA, AHWA, -, -, AHWA","[{""NIC5DigitId"":""49110"",""Description"":""Passenger rail transport""}]"
24,GUJARAT,444,DANG,394730,30/11/2023,YOGI BEAUTY PARLOUR,"NEAR SBI BANK, SAMGAHAN, SAPUTARA ROAD, NEAR SBI BANK, AHWA, SAMGAHAN","[{""NIC5DigitId"":""96020"",""Description"":""Hairdressing and other beauty treatment""}]"
24,GUJARAT,444,DANG,394716,22/06/2023,YASMEEN GENERAL STORE,"KADMAL, KADMAL SUBIR, KADMAL MAIN ROAD, KADMAL, SUBIR, SUBIR","[{""NIC5DigitId"":""47110"",""Description"":""Retail sale in non-specialized stores with food, beverages or tobacco predominating""}]"
24,GUJARAT,444,DANG,394730,19/10/2023,PAWAR MANISHABEN MAHESHBHAI,"LADIES TRAILER, SAMGAHAN, SAPUTARA WAGHAI MAIN ROAD, LADIES TRAILER, TA AHWA, AHWA","[{""NIC5DigitId"":""95292"",""Description"":""Repair and alteration of clothing""},{""NIC5DigitId"":""96020"",""Description"":""Hairdressing and other beauty treatment""}]"
24,GUJARAT,444,DANG,394710,18/04/2023,WASIM TRANSPORT,"243, PATELPADA, PATELPADA, 243, 243, AHWA","[{""NIC5DigitId"":""49110"",""Description"":""Passenger rail transport""}]"
24,GUJARAT,444,DANG,394720,4/9/2023,GOPAL VILLA,"Saputara, Gopal villa, Dangs, Saputara, Saputara, Dang","[{""NIC5DigitId"":""47110"",""Description"":""Retail sale in non-specialized stores with food, beverages or tobacco predominating""}]"
24,GUJARAT,444,DANG,394730,13/10/2023,SHAILESHBHAI K PAWAR,"KOSHMAL, VACHALU FALIYU, MAIN ROAD, KOSHMAL, VACHALU FALIYU, WAGHAI","[{""NIC5DigitId"":""96098"",""Description"":""General household maintenance activities like grooming of the floor, dusting, cleaning of utensils etc.""}]"
24,GUJARAT,444,DANG,394710,12/9/2022,PRAKASHBHAI DEVRAMBHAI BHOYE,"jaman hoda faliya, jaman hoda faliya  don, jaman hoda, jaman hoda faliya, morzira, ahwa","[{""NIC5DigitId"":""47613"",""Description"":""Retail sale of stationery office supplies such as pens, pencils, paper etc.""}]"
24,GUJARAT,444,DANG,394730,12/9/2022,CONSTRUCTION,"4, GANESHBHAI GAIKWAD, TA AHWA, 4, POST CHIKHALI, AHWA","[{""NIC5DigitId"":""41002"",""Description"":""Activities relating to alteration, addition, repair, maintenance carried out on own-account basis or on a fee or contract basis""}]"
24,GUJARAT,444,DANG,394730,16/12/2022,G R RATHOD,"162, DUDH SHEET KENDRA, SAI ZEROX, 162, -, WAGHAI","[{""NIC5DigitId"":""56303"",""Description"":""Fruit juice bars""}]"
24,GUJARAT,444,DANG,394710,3/8/2022,DESHMUKH VIJAYBHAI MOTIRAMBHAI,"PAYARGHODI FALIYU, PAYARGHODI FALIYU, NR. SARKARI SCHOOL, PAYARGHODI FALIYU, PAYARGHODI FALIYU, AHWA","[{""NIC5DigitId"":""68200"",""Description"":""Real estate activities on a fee or contract basis""}]"
24,GUJARAT,444,DANG,394716,23/02/2023,NAHRI HOTEL,"Subir, Mandir faliyu, The dangs, Subir, Subir, Ahwa","[{""NIC5DigitId"":""47990"",""Description"":""Other retail sale not in stores, stalls or markets""}]"
24,GUJARAT,444,DANG,394730,6/1/2023,Dr. Ashok jiyani,"1, lahan malunga, nakapada, 1, 1, Lahan Malunga","[{""NIC5DigitId"":""86904"",""Description"":""Activities of nurses, masseures, physiotherapists or other para-medical practitioners""}]"
24,GUJARAT,444,DANG,394730,21/09/2022,SAMIULLA ALLIMULLA MANSURI,"0, DARGAH FALIYU, WAGHAI DARGAH, 0, 0, WAGHAI","[{""NIC5DigitId"":""47212"",""Description"":""Retail sale of fresh or preserved fruit and vegetables""}]"
24,GUJARAT,444,DANG,394720,17/10/2022,PARVATIBEN GULABBHAI VAGHERA,"23, GOTIYAMAL, GOTIYAMAL GRAMYA VISTAR, 23, AHWA, AHWA","[{""NIC5DigitId"":""47190"",""Description"":""Other retail sale in non-specialized stores""}]"
24,GUJARAT,444,DANG,394710,7/3/2024,TAJ BAKERY,"EDDAN PARK, EDDAN PARK, MISSAN PADA, EDDAN PARK, AHWA, AHWA","[{""NIC5DigitId"":""10712"",""Description"":""Manufacture of biscuits, cakes, pastries, rusks etc.""}]"
24,GUJARAT,444,DANG,394710,10/5/2023,DEVRE VEG TRANSPORT,"-, RANI FALIYA, GEB OFFICE NI PASAD, -, -, AHWA","[{""NIC5DigitId"":""49231"",""Description"":""Motorised road freight transport""}]"
24,GUJARAT,444,DANG,394730,26/10/2023,PRIYANKA MEDICAL AND GENERAL STORE,"PRIYANKA MEDICAL, SAMGAHAN, SAPUTARA -WAGHAIMAIN ROAD, PRIYANKA MEDICAL, AHWA, SAPUTARA","[{""NIC5DigitId"":""47721"",""Description"":""Retail sale of pharmaceuticals, medical and orthopaedic goods and toilet articles""}]"
24,GUJARAT,444,DANG,394730,7/12/2023,hiteshbhai transport,"39, rajendrapur sity srve, waghai, 39, 39, waghai","[{""NIC5DigitId"":""50111"",""Description"":""Sea and coastal ferry service""}]"
24,GUJARAT,444,DANG,394730,13/02/2024,SHREE SAINATH NASTA CENTRE,"NEAR POLICE STATION, WAGHAI, NEAR POLICE STATION, NEAR POLICE STATION, WAGHAI, WAGHAI","[{""NIC5DigitId"":""10791"",""Description"":""Processing and blending of tea including manufacture of instant tea""}]"
24,GUJARAT,444,DANG,394710,16/01/2024,MATIKAM & MINALI BRICKS,"0, Matikam, Temrughta, 0, 0, Ahwa","[{""NIC5DigitId"":""11020"",""Description"":""Manufacture of wines""}]"
24,GUJARAT,444,DANG,394716,9/2/2024,shiv shakti tailor,"kasadbari, kasadbari, kasadbari subir road, kasadbari, subir, kasadbari","[{""NIC5DigitId"":""14105"",""Description"":""Custom tailoring""}]"
24,GUJARAT,444,DANG,394710,18/01/2021,CHETAN D KANADE,"PLOT NO. 2 - 3,, PUSHPDEEP BUNGALOW,, AHWA, PLOT NO. 2 - 3,, NEAR INDIAN OIL PETROL PUMP,, AHWA","[{""NIC5DigitId"":""41001"",""Description"":""Construction of buildings carried out on own-account basis or on a fee or contract basis""}]"
24,GUJARAT,444,DANG,394720,22/01/2023,S.K .DINING HALL,"AHWA, DEVALPADA ROAD, AHWA, DEVALPADA ROAD ,OPP POLICE STATION,AHWA ,DAN, DEVALPADA ROAD, AHWA, DEVALPADA ROAD, ahwa, ahwa","[{""NIC5DigitId"":""56101"",""Description"":""Restaurants without bars""}]"
24,GUJARAT,444,DANG,394710,30/08/2023,DESHMUKH TRANSPORT,"-, NISHAL FALIYU, CHINCHLI ROAD, -, -, AHWA","[{""NIC5DigitId"":""49231"",""Description"":""Motorised road freight transport""}]"
24,GUJARAT,444,DANG,394710,28/09/2022,ANAND PAN CENTER,"ahwa, AHWA, AHWA MAIN ROAD, ahwa, AHWA, AHWA","[{""NIC5DigitId"":""56292"",""Description"":""Operation of canteens or (e.g. for factories, offices, hospitals or schools) on a concession basis""}]"
24,GUJARAT,444,DANG,394730,21/10/2023,GULAB TRANSPORT,"-, BONDARMAL, MANMODI, -, -, AHWA","[{""NIC5DigitId"":""49110"",""Description"":""Passenger rail transport""}]"
24,GUJARAT,444,DANG,394710,23/06/2023,SHIV GENERAL STORE AHWA,"PATELPADA, SHIV GENERAL STORE AHWA, NAVAPUR ROAD, PATELPADA, PATELPADA, AHWA","[{""NIC5DigitId"":""47211"",""Description"":""Retail sale of cereals and pulses, tea, coffee, spices and flour""}]"
24,GUJARAT,444,DANG,394730,2/5/2023,AMBICA COLDRINKS ICE CREAM AND GENERAL STORE,"AT PO SHAMGAHAN, AMBICA COLDRINKS ICE CREAM AND GENERAL STORE, SAPUTARA HIGHWAY, AT PO SHAMGAHAN, SHAMGAHAN, SHAMGAHAN","[{""NIC5DigitId"":""56102"",""Description"":""Cafeterias, fast-food restaurants and other food preparation in market stalls""}]"
24,GUJARAT,444,DANG,394715,27/10/2023,Chauhan Nilamben Vineshbhai,"6/30, Bhawadi, Waghai to Ahwa Main Road, 6/30, 1, Waghai","[{""NIC5DigitId"":""96098"",""Description"":""General household maintenance activities like grooming of the floor, dusting, cleaning of utensils etc.""}]"
24,GUJARAT,444,DANG,394710,5/6/2023,GAURANGKUMAR AMRATBHAI PATEL,"1, Sahyog society, Sahyog society, 1, Ahwa, Ahwa","[{""NIC5DigitId"":""86100"",""Description"":""Hospital activities""}]"
24,GUJARAT,444,DANG,394710,3/2/2023,GAYAKWAD MINABEN NITESHBHAI,"KOTBA, KARBHARI FALIYU, KARBHARI FALIYU, KOTBA, KOTBA, AHWA","[{""NIC5DigitId"":""96098"",""Description"":""General household maintenance activities like grooming of the floor, dusting, cleaning of utensils etc.""}]"
24,GUJARAT,444,DANG,394730,12/1/2024,Tejasviny Electronic,"Tejasviny Electronic, Tejasviny Electronic, Nadagchond Chokadi, Tejasviny Electronic, Nadagchond, Waghai","[{""NIC5DigitId"":""95111"",""Description"":""Repair and maintenance of computer and peripheral equipment""}]"
24,GUJARAT,444,DANG,394710,6/12/2023,SHIVAM FRUIT CENTRE,"Na, Na, Main road, Na, Na, Ahwa","[{""NIC5DigitId"":""46301"",""Description"":""Wholesale of fruits & vegetables""}]"
24,GUJARAT,444,DANG,394716,17/01/2022,JIGNESHBHAI RAMESHBHAI PAWAR,"At po lavchali, Ta subir, Dangs, At po lavchali, Ta subir, Subir","[{""NIC5DigitId"":""49224"",""Description"":""Taxi operation""}]"
24,GUJARAT,444,DANG,394710,2/6/2022,HUNANI STORE,"01, AT POST BANDHARPADA AHWA, BANDHARPADA AHWA, 01, AHWA, AHWA","[{""NIC5DigitId"":""10799"",""Description"":""Other semi-processed, processed or instant foods n.e.c. except farinaceous products and malted foods and manufacturing activities like manufacture of egg powder, sambar powder etc. (this excludes the activities covered under 10619)""}]"
24,GUJARAT,444,DANG,394710,22/07/2022,REYANSH MEDICAL AND GENERAL STORES,"98, GROUND FLOOR, OPP POLICE STATION, 98, AHWA, AHWA","[{""NIC5DigitId"":""47721"",""Description"":""Retail sale of pharmaceuticals, medical and orthopaedic goods and toilet articles""}]"
24,GUJARAT,444,DANG,394730,15/10/2022,new master mind computer education,"0, vasu mall ini upar, bus deopo road, 0, 0, waghai","[{""NIC5DigitId"":""58191"",""Description"":""On-line publishing of statistics and other information""},{""NIC5DigitId"":""85500"",""Description"":""Educational support services""}]"
24,GUJARAT,444,DANG,394710,21/01/2023,RAJUBHAI DAYARAMBHAI CHAUDHARI,"01, AT POST THORPADA CHINCHALI, THORPADA CHINCHALI, 01, AHWA, AHWA","[{""NIC5DigitId"":""01639"",""Description"":""Other post harvest crop activities, n.e.c.""}]"
24,GUJARAT,444,DANG,394716,3/2/2022,SAJIT TAILOR,",, ,, ,, ,, UPALU FALIYU, AT GIMAL,, SUBIR","[{""NIC5DigitId"":""14105"",""Description"":""Custom tailoring""}]"
24,GUJARAT,444,DANG,394710,7/9/2022,RUPAMBEN SHAILESHBHAI BHOYE,"00, AT PO BHORKHET MANDIR ARYA, NAVAPUR ROAD, 00, 00, BHORKHET","[{""NIC5DigitId"":""64990"",""Description"":""Other financial service activities, except insurance and pension funding activities, n.e.c""}]"
24,GUJARAT,444,DANG,394730,2/3/2023,ASHIRWAD HARDWARE AND ELECTRONICS,"30/2, JAMNABHAI BHOYE, NISHAL FALIYU, 30/2, WAGHAI, WAGHAI","[{""NIC5DigitId"":""47522"",""Description"":""Retail sale of hardware including paints, varnishes and lacquers and do - it - yourself materials and equipments""}]"
24,GUJARAT,444,DANG,394730,15/02/2023,MILWALA TRANSPORT,"-, DARGAH FALIYU, NR DARGAH, -, -, WAGHAI","[{""NIC5DigitId"":""49231"",""Description"":""Motorised road freight transport""}]"
24,GUJARAT,444,DANG,394710,24/10/2022,Kirana & general shop,"67, Garkhadi, Gamit falyu, 67, Garkhadi, Ahwa dang","[{""NIC5DigitId"":""10712"",""Description"":""Manufacture of biscuits, cakes, pastries, rusks etc.""}]"
24,GUJARAT,444,DANG,394716,17/10/2022,MAA KRUPA TRADERS,"560, G, BAZAR FALIYU, 560, 1, SUBIR","[{""NIC5DigitId"":""47521"",""Description"":""Retail sale of building material such as bricks, wood, sanitary equipment""}]"
24,GUJARAT,444,DANG,394730,20/09/2022,AZHARI KIRANA STOR,"0, ASHANAGAR, OPP. RTO OFFICE, 0, WAGHAI, WAGHAI","[{""NIC5DigitId"":""47219"",""Description"":""Retail sale of other food products n.e.c.""}]"
24,GUJARAT,444,DANG,389380,21/09/2022,ARVIND PATEL,"NA, MANGABHAI, DAHOD, NA, NA, DAHOD","[{""NIC5DigitId"":""46632"",""Description"":""Wholesale of construction materials (sand, gravel etc.)""}]"
24,GUJARAT,444,DANG,394716,3/10/2022,R C CHAURYA,"65, UPLU FALIYU, UPLU FALIYU, 65, SUBIR, AMSARPADA","[{""NIC5DigitId"":""47190"",""Description"":""Other retail sale in non-specialized stores""},{""NIC5DigitId"":""42909"",""Description"":""Other civil engineering projects n.e.c.""}]"
24,GUJARAT,444,DANG,394730,12/10/2022,KALPESHBHAI SHANKARBHAI KANSYA,"125, DHODHALPADA, NICHALU FALIYU, 125, WAGHAI, WAGHAI","[{""NIC5DigitId"":""47613"",""Description"":""Retail sale of stationery office supplies such as pens, pencils, paper etc.""}]"
24,GUJARAT,444,DANG,394716,9/2/2024,Anjali ladies ttailor,"mahal, mahal, subir mahal road, mahal, subir, mahal","[{""NIC5DigitId"":""14105"",""Description"":""Custom tailoring""}]"
24,GUJARAT,444,DANG,394710,11/1/2024,OMKAR SINGH,"0, 0, MAIN ROAD, 0, 0, THE DANGS","[{""NIC5DigitId"":""10617"",""Description"":""Manufacture of flour mixes and prepared blended flour and dough for bread, cakes, biscuits""}]"
24,GUJARAT,444,DANG,394730,4/5/2023,NIDA TRADERS,"., NIDA TRADERS, Opp. TALUKA SEVA SADAN, ., WAGHAI, WAGHAI","[{""NIC5DigitId"":""46309"",""Description"":""Wholesale of other basic\/manufactured food stuffs n.e.c.""}]"
24,GUJARAT,444,DANG,394710,9/2/2024,BHAVINI XEROX CENTRE,"SCHOOL FALIYU, OPP PRIMARY SCHOOL, SCHOOL FALIYU, SCHOOL FALIYU, AHWA, DHAVLIDOD","[{""NIC5DigitId"":""17097"",""Description"":""Manufacture of carbon paper & stationary items""}]"
24,GUJARAT,444,DANG,394730,16/01/2024,RAKESH TRANSPORT,"63, CHIKAR, ZAVDA, 63, 63, WAGHAI","[{""NIC5DigitId"":""49110"",""Description"":""Passenger rail transport""}]"
24,GUJARAT,444,DANG,394710,9/2/2024,M/S JAY JALARAM SAKHI MANDAL,"., Ahwa-Dang, Collector kacheri kentin, ., ., Ahwa","[{""NIC5DigitId"":""56102"",""Description"":""Cafeterias, fast-food restaurants and other food preparation in market stalls""},{""NIC5DigitId"":""56210"",""Description"":""Event catering""},{""NIC5DigitId"":""56292"",""Description"":""Operation of canteens or (e.g. for factories, offices, hospitals or schools) on a concession basis""}]"
24,GUJARAT,444,DANG,394710,8/1/2024,TANAWALA STEEL AND BUILDING MATERIAL,"0,, PATELPADA, AHWA - NAVAPUR ROAD,, 0,, 0, AHWA","[{""NIC5DigitId"":""47521"",""Description"":""Retail sale of building material such as bricks, wood, sanitary equipment""}]"
24,GUJARAT,444,DANG,394710,23/09/2023,HARIBHAI ULUBHAI BHAOYE,"0, 0, SAVARNAPADA, 0, 0, AHWA","[{""NIC5DigitId"":""73200"",""Description"":""Market research and public opinion polling""}]"
24,GUJARAT,444,DANG,394730,11/1/2024,Bamboo Craft,"Waghai, Waghai Saw Mill, Main Road, Waghai, Waghai, Waghai","[{""NIC5DigitId"":""16294"",""Description"":""Manufacture of various articles made of bamboo, cane and grass""}]"
24,GUJARAT,444,DANG,394710,10/3/2022,MUSKAN GAADI BHANDHAR & ASPAK CUSHIONS,"116, JAVAHAR COLONY, AHWA, 116, ., THE DANGS","[{""NIC5DigitId"":""32909"",""Description"":""Manufacture of other articles n.e.c.""}]"
24,GUJARAT,444,DANG,394716,31/12/2020,KARINA MISSION MANGALM,"33, DESHMUKH, NICHALU FALIYU, 33, SUBIR, PIPALDHAD","[{""NIC5DigitId"":""56292"",""Description"":""Operation of canteens or (e.g. for factories, offices, hospitals or schools) on a concession basis""}]"
24,GUJARAT,444,DANG,394710,16/10/2023,SHREE KHIMAJ MATA ELECTRICALS AND SANITARY,"DEVALPADA, DEVALPADA, MANDIR ROAD DEVALPADA, DEVALPADA, AHWA, AHWA","[{""NIC5DigitId"":""47190"",""Description"":""Other retail sale in non-specialized stores""}]"
24,GUJARAT,444,DANG,394716,18/02/2023,DIPAK HARDWARE,"19, PATEL FALIYU, NR CHAR RASTA, 19, -, SUBIR","[{""NIC5DigitId"":""49110"",""Description"":""Passenger rail transport""}]"
24,GUJARAT,444,DANG,394730,18/02/2023,GOKUL TRANSPORT,"9833, BHARVAD FALIYU, BHARVAD FALIYU, 9833, 9833, WAGHAI","[{""NIC5DigitId"":""49110"",""Description"":""Passenger rail transport""}]"
24,GUJARAT,444,DANG,394710,8/9/2022,Gulabbhai thakre,"000, Bibupada, school, 000, 000, Ahwa","[{""NIC5DigitId"":""79900"",""Description"":""Other reservation service and related activities""}]"
24,GUJARAT,444,DANG,394710,31/10/2021,NOVELTY GENERAL STORES,"0, MAINROAD, MAIN ROAD, 0, AHWA, AHWA","[{""NIC5DigitId"":""25994"",""Description"":""Manufacture of metal household articles (plates, saucers, pots, kettles, saucepans, frying pans and other non-electrical utensils, small hand-operated kitchen appliances and accessories)""},{""NIC5DigitId"":""46499"",""Description"":""Wholesale of other households goods, n.e.c. [Includes wholesale of household equipment and appliances, n.e.c; photographic equipment, games, toys and sports goods (also includes bicycles, cycle rickshaw, tonga & other non-mechanised vehicles); leather goods and travel accessories; cleaning materials etc.]""},{""NIC5DigitId"":""47592"",""Description"":""Retail sale of household utensils and cutlery, crockery, glassware, china and pottery""},{""NIC5DigitId"":""47593"",""Description"":""Retail sale of gas stoves, cooking\/kitchen appliances""},{""NIC5DigitId"":""47711"",""Description"":""Retail sale of readymade garments, hosiery goods, other articles of clothing and clothing accessories such as gloves, ties, braces etc.""},{""NIC5DigitId"":""31001"",""Description"":""Manufacture of furniture made of wood""},{""NIC5DigitId"":""31003"",""Description"":""Manufacture of furniture primarily of metal""},{""NIC5DigitId"":""77291"",""Description"":""Renting of tent, furniture, pottery and glass, kitchen and tableware, utensils, household electrical and electronic equipments etc.""},{""NIC5DigitId"":""13921"",""Description"":""Manufacture of curtains, bed covers and furnishings""},{""NIC5DigitId"":""13924"",""Description"":""Manufacture of bedding, quilts pillows, sleeping bags etc.""},{""NIC5DigitId"":""14201"",""Description"":""Manufacture of wearing apparel and clothing accessories made of fur""},{""NIC5DigitId"":""15201"",""Description"":""Manufacture of leather footwear such as shoes, sandals, chappals, leather-cum-rubber\/plastic cloth sandles and chappals""},{""NIC5DigitId"":""46411"",""Description"":""Wholesale of textiles, fabrics, yarn, household linen, articles of clothing, floor coverings and tapestry, sports clothes""},{""NIC5DigitId"":""46413"",""Description"":""Wholesale of footwear""},{""NIC5DigitId"":""46419"",""Description"":""Wholesale of other clothing items n.e.c.""},{""NIC5DigitId"":""46492"",""Description"":""Wholesale of metal, porcelain and glass utensils; crockery and chinaware""}]"
24,GUJARAT,444,DANG,394715,12/5/2023,Gramin Sandesh News,"0, At/Post- Kokhari, At- Kokhari , post -Bardipada, 0, Dang, Dang","[{""NIC5DigitId"":""63122"",""Description"":""Operation of other websites that act as portals to the Internet, such as media sites providing periodically updated content""}]"
24,GUJARAT,444,DANG,394716,22/10/2022,GAVIT XEROX CENTER,"PATEL FALIYU, SURYABARDA, barda, PATEL FALIYU, SUBIR, AHWA","[{""NIC5DigitId"":""47990"",""Description"":""Other retail sale not in stores, stalls or markets""}]"
24,GUJARAT,444,DANG,394710,25/11/2022,INDIAN TANDURY  RESTAURANT,"PATELPADA, SAPUTARA ROAD, PATELPADA SAPUTARA ROAD, PATELPADA, AHWA, AHWA","[{""NIC5DigitId"":""56102"",""Description"":""Cafeterias, fast-food restaurants and other food preparation in market stalls""}]"
24,GUJARAT,444,DANG,394730,5/3/2022,MANSI TRAVELlS,"0, 0, DAIRY FALIYU, 0, 0, WAGHAI","[{""NIC5DigitId"":""77100"",""Description"":""Renting and leasing of motor vehicles""},{""NIC5DigitId"":""79110"",""Description"":""Travel agency activities""}]"
24,GUJARAT,444,DANG,394720,30/08/2022,Fashion Street,"00, Opp Boat house, Nr nahri candra, 00, 00, Ahwa","[{""NIC5DigitId"":""46411"",""Description"":""Wholesale of textiles, fabrics, yarn, household linen, articles of clothing, floor coverings and tapestry, sports clothes""}]"
24,GUJARAT,444,DANG,394710,18/09/2023,I S MOBILE GALORY,"AHWA, DEVALAPADA, DEVALAPADA, AHWA, DEVALAPADA, AHWA","[{""NIC5DigitId"":""61202"",""Description"":""Activities of maintaining and operating pageing, cellur and other tetecommunication networks""}]"
24,GUJARAT,444,DANG,394710,18/09/2023,GAYKAWAD JAYESHBHAI ULUBHAI,"KOTBA, KOTBA, MAIN ROAD KOTBA, KOTBA, AHWA, KOTBA","[{""NIC5DigitId"":""47110"",""Description"":""Retail sale in non-specialized stores with food, beverages or tobacco predominating""}]"
24,GUJARAT,444,DANG,394720,18/09/2023,PRITAM TRANSPORT,"-, SHAMGHAHAN, NISHALU FALIYU, -, -, AHWA","[{""NIC5DigitId"":""49110"",""Description"":""Passenger rail transport""}]"
24,GUJARAT,444,DANG,394716,18/09/2023,VINOD TRANSPORT,"-, TIMBERTHAWA, SHABRIDHAM, -, -, AHWA","[{""NIC5DigitId"":""49110"",""Description"":""Passenger rail transport""}]"
24,GUJARAT,444,DANG,394710,14/12/2022,SAI SHREE STATIOANARY AND GENREL  STORE,"SHOP NO 5, PAWAR COMPLEX, OPP.SARDAR BAJAAR MAIN ROAD, SHOP NO 5, AHWA, AHWA","[{""NIC5DigitId"":""47613"",""Description"":""Retail sale of stationery office supplies such as pens, pencils, paper etc.""}]"
24,GUJARAT,444,DANG,394710,5/7/2023,Anil Auto Electricals,"01, AHWA NAVAPUR ROAD, NAVAPUR ROAD, 01, 0, AHWA","[{""NIC5DigitId"":""45200"",""Description"":""Maintenance and repair of motor vehicles""},{""NIC5DigitId"":""33150"",""Description"":""Repair of transport equipment, except motor vehicles""}]"
24,GUJARAT,444,DANG,394710,26/08/2022,ATTITUDE THE FAMILY SHOWROOM,"0, SARDAR BAZAR, Main road, 0, 0, Ahwa","[{""NIC5DigitId"":""46411"",""Description"":""Wholesale of textiles, fabrics, yarn, household linen, articles of clothing, floor coverings and tapestry, sports clothes""}]"
24,GUJARAT,444,DANG,394730,26/12/2020,sai security service,"0, NIWASI SHALA SOCIETY, WAGHAI, 0, DANGS, DANGS","[{""NIC5DigitId"":""80200"",""Description"":""Security systems service activities""}]"
24,GUJARAT,444,DANG,394710,17/01/2024,Amulya-2 Handicraft Unit Vangan,"Nichalu Faliya, Vangan, Vangan, Nichalu Faliya, Ahwa, Ahwa","[{""NIC5DigitId"":""16294"",""Description"":""Manufacture of various articles made of bamboo, cane and grass""}]"
24,GUJARAT,444,DANG,394730,28/06/2024,REKHABEN KIRANA STORE,"171, 0, Uplu Faliyu, 171, Waghai, Waghai","[{""NIC5DigitId"":""47211"",""Description"":""Retail sale of cereals and pulses, tea, coffee, spices and flour""},{""NIC5DigitId"":""47214"",""Description"":""Retail sale of bakery products, dairy products and eggs""},{""NIC5DigitId"":""47219"",""Description"":""Retail sale of other food products n.e.c.""}]"
24,GUJARAT,444,DANG,394710,18/06/2024,SHUBHAM VIJAY THAKARE,"DUNGRI FALIYA AHWA, DUNGRI FALIYA AHWA, MAIN ROAD, DUNGRI FALIYA AHWA, AHWA, AHWA","[{""NIC5DigitId"":""55902"",""Description"":""Worker hostels and boarding houses""}]"
24,GUJARAT,444,DANG,394710,21/12/2023,A. S. Chaudhary,"43, AT VAKARYA POST GALKUND, NICHALU FALIYU, 43, 43, THE DANG","[{""NIC5DigitId"":""42909"",""Description"":""Other civil engineering projects n.e.c.""}]"
24,GUJARAT,444,DANG,394710,17/01/2024,Sarsvati-2 NTFP Unit Divantemrun,"Bus stand faliya, Divantemrun, Divantemrun, Bus stand faliya, Ahwa, Ahwa","[{""NIC5DigitId"":""21001"",""Description"":""Manufacture of medicinal substances used in the manufacture of pharmaceuticals: antibiotics, endocrine products, basic vitamins; opium derivatives; sulpha drugs; serums and plasmas; salicylic acid, its salts and esters; glycosides and vegetable alkaloids; chemically pure suger etc.""}]"
24,GUJARAT,444,DANG,394730,27/01/2024,HARDIK CSC,"17, SILOTMAL, SILOTMAL, 17, WAGHAI, DANG","[{""NIC5DigitId"":""63992"",""Description"":""Activities of cyber café""}]"
24,GUJARAT,444,DANG,394715,27/12/2023,DHUM YOGESH RAMANBHAI,"00, KALIBEL, 00, 00, 00, KALIBEL","[{""NIC5DigitId"":""96098"",""Description"":""General household maintenance activities like grooming of the floor, dusting, cleaning of utensils etc.""}]"
24,GUJARAT,444,DANG,394710,18/11/2023,shivam enterprize,"303/1, patelpada maruti colony ahwa ahwa dangs, -, 303/1, -, -","[{""NIC5DigitId"":""47990"",""Description"":""Other retail sale not in stores, stalls or markets""},{""NIC5DigitId"":""56210"",""Description"":""Event catering""},{""NIC5DigitId"":""95111"",""Description"":""Repair and maintenance of computer and peripheral equipment""}]"
24,GUJARAT,444,DANG,394730,10/7/2024,NOMANALI SAADATALI SAIYAD,"7 23, MANDIR FALIYU, MANDIR FALIYU, 7 23, 0, THE DANGS","[{""NIC5DigitId"":""49231"",""Description"":""Motorised road freight transport""}]"
24,GUJARAT,444,DANG,394710,15/04/2023,PRANIT GENERAL STORES,"0, PRANIT GENERAL STORES, SERKIT HOUSE ROAD, 0, AHWA, AHWA","[{""NIC5DigitId"":""47219"",""Description"":""Retail sale of other food products n.e.c.""},{""NIC5DigitId"":""47510"",""Description"":""Retail sale of textiles in specialized stores""},{""NIC5DigitId"":""47593"",""Description"":""Retail sale of gas stoves, cooking\/kitchen appliances""},{""NIC5DigitId"":""47595"",""Description"":""Retail sale of musical instruments""},{""NIC5DigitId"":""47613"",""Description"":""Retail sale of stationery office supplies such as pens, pencils, paper etc.""},{""NIC5DigitId"":""47630"",""Description"":""Retail sale of sporting equipment in specialized stores""},{""NIC5DigitId"":""47640"",""Description"":""Retail sale of games and toys in specialized stores""},{""NIC5DigitId"":""47721"",""Description"":""Retail sale of pharmaceuticals, medical and orthopaedic goods and toilet articles""},{""NIC5DigitId"":""47732"",""Description"":""Retail sale of watches and clocks""},{""NIC5DigitId"":""46411"",""Description"":""Wholesale of textiles, fabrics, yarn, household linen, articles of clothing, floor coverings and tapestry, sports clothes""},{""NIC5DigitId"":""46412"",""Description"":""Wholesale of umbrella and clothing accessories""},{""NIC5DigitId"":""46413"",""Description"":""Wholesale of footwear""},{""NIC5DigitId"":""46491"",""Description"":""Wholesale of toiletry, perfumery and cosmetics""},{""NIC5DigitId"":""46496"",""Description"":""Wholesale of paper and other stationery items; books, magazines and newspapers""}]"
24,GUJARAT,444,DANG,394720,25/06/2024,GURU KRUPA KATHIYAVADI HOTEL,"00, MALEGAON, SAPUTARA ROAD, 00, 00, DANG","[{""NIC5DigitId"":""56102"",""Description"":""Cafeterias, fast-food restaurants and other food preparation in market stalls""}]"
24,GUJARAT,444,DANG,394716,25/06/2024,JASMIN MOBILE SUBIR,"426/7, SUBIR, MAHAL ROAD, 426/7, 501, SUBIR","[{""NIC5DigitId"":""46524"",""Description"":""Wholesale of telephone, mobile phone and communications equipment and parts""}]"
24,GUJARAT,444,DANG,393715,21/03/2024,Mobile recharge,"Kali BEL, Vyakul, Kalibel, Kali BEL, Kali BEL, Wasada","[{""NIC5DigitId"":""82990"",""Description"":""Other business support service activities n.e.c.""}]"
24,GUJARAT,444,DANG,394730,25/02/2023,Bhoomi Organic products,"., Waghai, Koshmal, ., ., Dangs","[{""NIC5DigitId"":""10795"",""Description"":""Grinding and processing of spices""}]"
24,GUJARAT,444,DANG,394730,20/12/2023,AMRATBHAI N PALVE,"., DERI FALIYU, JHAVDASAJA, ., ., WAGHAI","[{""NIC5DigitId"":""10509"",""Description"":""Manufacture of other dairy products n.e.c.""}]"
24,GUJARAT,444,DANG,394730,22/02/2024,AMBICA BAAGAYAT UTPADAK SAHKARI MANDLI LIMITED,"0, JAMLAPADA AT & POST RAMBHAS, JAMLAPADA AT & POST RAMBHAS, 0, 0, DANG","[{""NIC5DigitId"":""10301"",""Description"":""Sun-drying of fruit and vegetables""},{""NIC5DigitId"":""10302"",""Description"":""Artificial dehydration of fruit and vegetables""}]"
24,GUJARAT,444,DANG,394730,31/08/2022,VEDRAJ PETROLEUM,"0, NANAPADA, SAPUTARA ROAD, 0, WAGHAI, WAGHAI","[{""NIC5DigitId"":""47300"",""Description"":""Retail sale of automotive fuel in specialized stores [includes the activity of petrol filling stations.""}]"
24,GUJARAT,444,DANG,394710,24/02/2023,FLOUR MILL,"235, dhavalidod, dhavalidod, 235, dhavalidod, AHWA","[{""NIC5DigitId"":""10799"",""Description"":""Other semi-processed, processed or instant foods n.e.c. except farinaceous products and malted foods and manufacturing activities like manufacture of egg powder, sambar powder etc. (this excludes the activities covered under 10619)""}]"
24,GUJARAT,444,DANG,394730,7/11/2022,AMAAN TRADING,"05, AMPC MARKET WAGHAI, MAIN BAZAR ROAD, 05, WAGHAI, WAGHAI","[{""NIC5DigitId"":""47219"",""Description"":""Retail sale of other food products n.e.c.""}]"
24,GUJARAT,444,DANG,394710,18/04/2023,GHANSHYAMBHAI SUBHASHBHAI SALUNKE,"58-1, MISSIONPADA, MISSIONPADA, 58-1, 58-1, AHWA","[{""NIC5DigitId"":""45200"",""Description"":""Maintenance and repair of motor vehicles""}]"
24,GUJARAT,444,DANG,394716,18/09/2022,csc sawarda,"115, bagul mahendra, bagul falyu, 115, bagul falyu, subir","[{""NIC5DigitId"":""62092"",""Description"":""Computer disaster recovery""}]"
24,GUJARAT,444,DANG,394730,8/11/2022,Pratikshaben Ketanbhai Rathod,"., Dudhsit Kendra ni same, Dudhsit Kendra ni same, ., Waghai, Waghai","[{""NIC5DigitId"":""47990"",""Description"":""Other retail sale not in stores, stalls or markets""}]"
24,GUJARAT,444,DANG,394710,18/11/2022,MARUTI NANDAN ENTERPRISE,"SHOP NO. 6, THAKOR COMPLEX, MAIN ROAD, NR. HANUMAN MANDIR, SHOP NO. 6, AHWA, AHWA","[{""NIC5DigitId"":""53200"",""Description"":""Courier activities""}]"
24,GUJARAT,444,DANG,394716,29/08/2023,GAVIT DIXITBHAI BUDHYABHAI,"PIPALPADA GALKUNDSAJ, PIPALPADA, SUBIR, PIPALPADA GALKUNDSAJ, PIPALPADA SUBIR, PIPALPADA","[{""NIC5DigitId"":""86201"",""Description"":""Medical practice activities""}]"
24,GUJARAT,444,DANG,394720,9/6/2023,GANGODA GANPTABHAI VAMANBHAI,"GOTIYAMAL, GOTIYAMAL, GOTIYAMAL, GOTIYAMAL, 1, SHAMGAHAN","[{""NIC5DigitId"":""46209"",""Description"":""Whole sale of other agriculture raw materials n.e.c.""}]"
24,GUJARAT,444,DANG,394710,3/4/2023,ZOOM GRAPHICS,"15, jadav complex, main road, 15, 15, ahwa","[{""NIC5DigitId"":""47613"",""Description"":""Retail sale of stationery office supplies such as pens, pencils, paper etc.""}]"
24,GUJARAT,444,DANG,394730,10/2/2023,NITABEN KESHAVBHAI PATEL,"68, BARIPADA, SAPUTARA WAGHAI MAIN ROAD, 68, POST NADAGCHOND, AHWA","[{""NIC5DigitId"":""56302"",""Description"":""Tea\/coffee shops""},{""NIC5DigitId"":""56303"",""Description"":""Fruit juice bars""}]"
24,GUJARAT,444,DANG,394710,4/7/2023,SUNILBHAI KANTUBHAI PAWAR,"00, GHUBITA, GHUBITA, 00, 00, AHWA","[{""NIC5DigitId"":""32909"",""Description"":""Manufacture of other articles n.e.c.""}]"
24,GUJARAT,444,DANG,394730,11/11/2022,Y. B. Construction,"37, yogeshbhai, near school, 37, waghai, waghai","[{""NIC5DigitId"":""42909"",""Description"":""Other civil engineering projects n.e.c.""}]"
24,GUJARAT,444,DANG,394710,8/8/2023,MAHAKAL ELECTRICIAN,"174, BANDHARPADA, NEAR INDIAN PETROL PUMP, 174, AHWA, AHWA","[{""NIC5DigitId"":""33140"",""Description"":""Repair of electrical equipment""}]"
24,GUJARAT,444,DANG,394710,10/8/2023,Ramnikbhai Rupabhai Rathod,"At Rani Faliyu Ahwa, At Ahwa Rani Faliyu, Ahwa, At Rani Faliyu Ahwa, Ahwa, Ahwa","[{""NIC5DigitId"":""41001"",""Description"":""Construction of buildings carried out on own-account basis or on a fee or contract basis""}]"
24,GUJARAT,444,DANG,394710,10/9/2023,SHEKH TASKINBANU MAHAMMAD ZAKIR,"BANDHARPADA AHWA, BANDHARPADA, MAIN ROAD AHWA, BANDHARPADA AHWA, AHWA, AHWA","[{""NIC5DigitId"":""47110"",""Description"":""Retail sale in non-specialized stores with food, beverages or tobacco predominating""}]"
24,GUJARAT,444,DANG,394720,26/06/2023,SAI XEROX,"SAMGAHAN, AHWADANGS, Nr. SAMGAHAN MAIN BUS DEPO, SAMGAHAN, SAMGAHAN, AHWA","[{""NIC5DigitId"":""96091"",""Description"":""Social activities such as escort services, marriage bureaus""}]"
24,GUJARAT,444,DANG,394720,24/05/2024,SAI KIRANA AND GENERAL STORE,"00, UPLU FALIYU, SAPUTARA ROAD, 00, 00, MALEGAON","[{""NIC5DigitId"":""47110"",""Description"":""Retail sale in non-specialized stores with food, beverages or tobacco predominating""}]"
24,GUJARAT,444,DANG,394710,31/03/2023,SCRAP BUSINESS,"MISSION PADA, ADARSH SOCIETY, Adarsh society road, MISSION PADA, Ahwa, Ahwa","[{""NIC5DigitId"":""38300"",""Description"":""Materials recovery""}]"
24,GUJARAT,444,DANG,394715,9/6/2023,PRADIPBHAI VIRJIBHAI GAMIT,"00, JHADI FALIYA, JHADI FALIYA, 00, 00, WAGHAI","[{""NIC5DigitId"":""01639"",""Description"":""Other post harvest crop activities, n.e.c.""}]"
24,GUJARAT,444,DANG,394710,30/10/2021,Saptashrungi Kariyana Stores,"0, Sunset Point, Ahwa, Dang, Sunset point Road, 0, 0, Ahwa","[{""NIC5DigitId"":""96098"",""Description"":""General household maintenance activities like grooming of the floor, dusting, cleaning of utensils etc.""}]"
24,GUJARAT,444,DANG,394730,9/10/2023,SHIV SHAKTI,"79, CHICHIND, DAGUNIYA, 79, CHICHIND, DANGS","[{""NIC5DigitId"":""78100"",""Description"":""Activities of employment placement agencies""},{""NIC5DigitId"":""78200"",""Description"":""Temporary employment agency activities""},{""NIC5DigitId"":""78300"",""Description"":""Human resources provision and management of human resources functions""},{""NIC5DigitId"":""86909"",""Description"":""Other human health activities n.e.c. (including independent ambulance activities)""},{""NIC5DigitId"":""96098"",""Description"":""General household maintenance activities like grooming of the floor, dusting, cleaning of utensils etc.""}]"
24,GUJARAT,444,DANG,394710,20/02/2024,PANKAJBHAI TANAJIBHAI GAYKWAD,"PATEL FALIYA, GODALVIHIR AHWA, GODALVIHIR, PATEL FALIYA, THE DANG, THE DANG","[{""NIC5DigitId"":""82110"",""Description"":""Combined office administrative service activities""}]"
24,GUJARAT,444,DANG,394716,31/03/2022,UMESHBHAI BHIVABHAI PAWAR,"01, AT POST PATEL FALIYU PIPALDAHAD, PATEL FALIYU PIPALDAHA, 01, AHWA, AHWA","[{""NIC5DigitId"":""01639"",""Description"":""Other post harvest crop activities, n.e.c.""}]"
24,GUJARAT,444,DANG,394710,30/11/2021,MUKTANAND KIRANA STORES,"0, MUKTANAND KIRANA STORES, MAIN ROAD, 0, 0, AHWA","[{""NIC5DigitId"":""46909"",""Description"":""Other non-specialised wholesale trade n.e.c.""}]"
24,GUJARAT,444,DANG,394710,27/11/2020,MATIKAM & V.S.P BRICKS,"30, Umarapada, Umarapada, 30, 30, Ahwa","[{""NIC5DigitId"":""23921"",""Description"":""Manufacture of bricks""}]"
24,GUJARAT,444,DANG,394710,9/2/2022,BHOYE GENERAL STORE,"5, JALARAM COMPLEX, MISSION COLONY, 5, -, DANG","[{""NIC5DigitId"":""56291"",""Description"":""Activities of food service contractors (e.g. for transportation companies)""}]"
24,GUJARAT,444,DANG,394210,10/9/2020,SHRI HARERAM SHARMA,"64, RANGILA NAGAR-2, NILGIRI, LIMBAYAT, 64, ., SURAT","[{""NIC5DigitId"":""32909"",""Description"":""Manufacture of other articles n.e.c.""}]"
24,GUJARAT,444,DANG,394710,4/4/2024,MEVAD ICE CREAM,"1, AMBAPADA FALIYA, AMBAPADA FALIYA, 1, 1, AHWA","[{""NIC5DigitId"":""46302"",""Description"":""Wholesale of raw milk & dairy products""}]"
24,GUJARAT,444,DANG,394730,25/08/2020,SANKATMOCHAN AYURVEDA,"BLOCK NO.5, VASURNA, SAPUTARA ROAD, BLOCK NO.5, AHWA, AHWA","[{""NIC5DigitId"":""86909"",""Description"":""Other human health activities n.e.c. (including independent ambulance activities)""}]"
24,GUJARAT,444,DANG,394710,28/11/2020,MATIKAM & S.R.P BRICKS,"12, Mulchod, Mulchod, 12, 11, Ahwa","[{""NIC5DigitId"":""23921"",""Description"":""Manufacture of bricks""}]"
24,GUJARAT,444,DANG,394710,12/10/2021,Harshadbhai Dilipbbhai Desale,"106, Patelpada, Patelpada, 106, Patelpada, Ahwa","[{""NIC5DigitId"":""56291"",""Description"":""Activities of food service contractors (e.g. for transportation companies)""}]"
24,GUJARAT,444,DANG,394715,16/04/2024,NITESHBHAI GOVINDBHAI PAWAR,"AT/POST.KHATAL, KHATAL, KHATAL, AT/POST.KHATAL, KHATAL, WAGHAI","[{""NIC5DigitId"":""75000"",""Description"":""Veterinary activities""}]"
24,GUJARAT,444,DANG,394716,22/02/2021,AV RICE MILL,"31, K, BAJAR FALIYU, 31, 0, SUBIR","[{""NIC5DigitId"":""10611"",""Description"":""Flour milling""},{""NIC5DigitId"":""10612"",""Description"":""Rice milling""}]"
24,GUJARAT,444,DANG,394710,23/08/2021,Shiv Shakti mobile,"0, Dang jilla Seva sadan, Near jilla Seva sadan, 0, Ahwa, Ahwa","[{""NIC5DigitId"":""95210"",""Description"":""Repair of consumer electronics""}]"
24,GUJARAT,444,DANG,394715,28/06/2021,CSC e-governance services india limited,"DK Computer, DK Computer, Behind SBI Bank Near School, DK Computer, Patel Faliyu, Pimpri","[{""NIC5DigitId"":""62020"",""Description"":""Computer consultancy and computer facilities management activities""},{""NIC5DigitId"":""82192"",""Description"":""Document preparation, typing, word processing and desktop publishing sevices""},{""NIC5DigitId"":""88100"",""Description"":""Social work activities without accommodation for the elderly and disabled""}]"
24,GUJARAT,444,DANG,394730,17/09/2020,VAN OSHADHI UPCHAR KENDRA,"58, DABDAR (GIRA), DABDAR (GIRA), 58, 58, WAGHAI","[{""NIC5DigitId"":""86909"",""Description"":""Other human health activities n.e.c. (including independent ambulance activities)""}]"
24,GUJARAT,444,DANG,394710,28/06/2022,Rajdant dental clinic,"Rajdant dental clini, Navapur main road Patel pada, Navapur main road, Rajdant dental clini, Ahwa, Ahwa","[{""NIC5DigitId"":""86100"",""Description"":""Hospital activities""}]"
24,GUJARAT,444,DANG,394710,19/10/2021,KRISHNA ROADWAYS,"0, 0, MAIN ROAD, 0, 0, THE DANGS","[{""NIC5DigitId"":""52241"",""Description"":""Cargo handling incidental to land transport""}]"
24,GUJARAT,444,DANG,394730,24/08/2020,PRAGATI SAKHIMANDAL,"BLOCK NO.101, MANDIR FALIYU, AMBAPADA, BLOCK NO.101, WAGHAI, WAGHAI","[{""NIC5DigitId"":""86909"",""Description"":""Other human health activities n.e.c. (including independent ambulance activities)""}]"
24,GUJARAT,444,DANG,394730,30/03/2024,SWAGAT NASTA CENTER,"45, Tekpada, Tekpada godadiya pul par, 45, Waghai, Waghai","[{""NIC5DigitId"":""56102"",""Description"":""Cafeterias, fast-food restaurants and other food preparation in market stalls""},{""NIC5DigitId"":""10616"",""Description"":""Manufacture of cereal breakfast foods obtained by roasting or swelling cereal grains""}]"
24,GUJARAT,444,DANG,394730,5/4/2024,GITABEN DINESHBHAI GANGODE,"0, 0, KUDKAS, 0, 0, WAGHAI","[{""NIC5DigitId"":""42909"",""Description"":""Other civil engineering projects n.e.c.""}]"
24,GUJARAT,444,DANG,394710,2/4/2024,jay jalaram mistion mangalam,"213, MEDICAL COLONY, medical colony, 213, 0, AHWA","[{""NIC5DigitId"":""56210"",""Description"":""Event catering""}]"
24,GUJARAT,444,DANG,394730,29/04/2024,Self independent,"Sakarpatal, Csc centre, Saputara road, Sakarpatal, Sakarpatal, Waghai","[{""NIC5DigitId"":""62011"",""Description"":""Writing , modifying, testing of computer program to meet the needs of a particular client excluding web-page designing""}]"
24,GUJARAT,444,DANG,394710,27/11/2020,MATIKAM & V.J.P  BRICKS,"21, Mulchnd, Mulchnd, 21, 21, Ahwa","[{""NIC5DigitId"":""23921"",""Description"":""Manufacture of bricks""}]"
24,GUJARAT,444,DANG,394710,9/4/2024,RAHULBHAI ASHOKBHAI BHOYE,"44, Ambapada Talav ni Bajuma, Ambapada, 44, 0, Ahwa","[{""NIC5DigitId"":""42903"",""Description"":""Construction of dams etc.""}]"
24,GUJARAT,444,DANG,394716,22/04/2024,DESHMUKH AMITBHAI RAMESHBHAI,"0, KARBHARI FALIYU, MOKHAMAL SUBIR, 0, 0, THE DANGS","[{""NIC5DigitId"":""46632"",""Description"":""Wholesale of construction materials (sand, gravel etc.)""}]"
24,GUJARAT,444,DANG,394730,27/05/2021,MANDAP DECORATERS,"00, MANDAP DECORATERS, NAKAFALIYA, 00, WAGHAI, DANG","[{""NIC5DigitId"":""74102"",""Description"":""Activities of interior decorators""}]"
24,GUJARAT,444,DANG,394710,28/11/2020,MATIKAM & 555 BRICKS,"13, Subir, Subir, 13, 13, Subir","[{""NIC5DigitId"":""23921"",""Description"":""Manufacture of bricks""}]"
24,GUJARAT,444,DANG,394715,12/12/2020,OM ENTERPRISE,"2-10, DK Computer, Patel Faliyu, 2-10, Patel Faliyu-2, Ahwa","[{""NIC5DigitId"":""62020"",""Description"":""Computer consultancy and computer facilities management activities""},{""NIC5DigitId"":""62091"",""Description"":""Software installation""},{""NIC5DigitId"":""62099"",""Description"":""Other information technology and computer service activities n.e.c""},{""NIC5DigitId"":""74201"",""Description"":""Commercial and consumer photograph production""},{""NIC5DigitId"":""82191"",""Description"":""Photocopying, duplicating and bluprinting services""},{""NIC5DigitId"":""82192"",""Description"":""Document preparation, typing, word processing and desktop publishing sevices""},{""NIC5DigitId"":""95111"",""Description"":""Repair and maintenance of computer and peripheral equipment""},{""NIC5DigitId"":""95210"",""Description"":""Repair of consumer electronics""},{""NIC5DigitId"":""33140"",""Description"":""Repair of electrical equipment""}]"
24,GUJARAT,444,DANG,394730,12/4/2024,KALYANI FARSAN,"BARIPADA, BARIPADA, BARIPADA ROAD, BARIPADA, 1, AHWA","[{""NIC5DigitId"":""56102"",""Description"":""Cafeterias, fast-food restaurants and other food preparation in market stalls""}]"
24,GUJARAT,444,DANG,394710,12/4/2022,SHREE SAI XEROX,"AHWA CIVIL COURT NI, AHWA CIVIL COURT NI SAME, MAIN ROAD AHWA, AHWA CIVIL COURT NI, AHWA, AHWA","[{""NIC5DigitId"":""96094"",""Description"":""Coin-operated personal service machines such as photo booths, weighing machines, blood pressure checking machines etc.""}]"
24,GUJARAT,444,DANG,394730,1/3/2022,Deepmala Jignesh Surti,"., Nr, Water Tank Ashanagar, Nr, Water Tank, ., ., Waghai","[{""NIC5DigitId"":""70200"",""Description"":""Management consultancy activities""}]"
24,GUJARAT,444,DANG,394716,5/9/2021,JIGNASHA GARMENT AND TAILOR,",, ,, SINGANA TO GIRMAL MAIN ROAD,, ,, ,, AHWA, GAVDAHAD,","[{""NIC5DigitId"":""47510"",""Description"":""Retail sale of textiles in specialized stores""},{""NIC5DigitId"":""14105"",""Description"":""Custom tailoring""}]"
24,GUJARAT,444,DANG,394710,25/09/2021,BALUBHAI RAJYABHAI VALVI,"01, AT POST KARBHARI FALIYU GARAKHADI, GARAKHADI, 01, AHWA, AHWA","[{""NIC5DigitId"":""68200"",""Description"":""Real estate activities on a fee or contract basis""}]"
24,GUJARAT,444,DANG,394730,28/06/2021,(CSC CENTER) DIGITAL SEVA,"-, -, WAGHAI SAPUTARA ROAD, -, AHWA, AHWA","[{""NIC5DigitId"":""62099"",""Description"":""Other information technology and computer service activities n.e.c""}]"
24,GUJARAT,444,DANG,394710,27/03/2024,JAYRAMBHAI ULUSYABHAI AHIRE,"0, JAYRAMBHAI ULUSYABHAI AHIRE, AHWA, 0, 0, AHWA","[{""NIC5DigitId"":""41003"",""Description"":""Assembly and erection of prefabricated constructions on the site""}]"
24,GUJARAT,444,DANG,394730,23/12/2021,RAJWADI NOVELTY,"RAJWADI NOVELTY, SBI BANK NI SAME, MAIN BAZAR, RAJWADI NOVELTY, WAGHAI, WAGHAI","[{""NIC5DigitId"":""47990"",""Description"":""Other retail sale not in stores, stalls or markets""}]"
24,GUJARAT,444,DANG,394710,17/06/2022,ARUNABEN MAHESHBHAI PATEL,"01, MAIN ROAD CHANKHAL, MAIN ROAD CHANKHAL, 01, AHWA, AHWA","[{""NIC5DigitId"":""41002"",""Description"":""Activities relating to alteration, addition, repair, maintenance carried out on own-account basis or on a fee or contract basis""}]"
24,GUJARAT,444,DANG,394730,4/1/2021,OM NAMAH SHIVAY SAKHI MANDAL WAGHAI,"12-188, NAKA FALIYU SAPUTARA ROAD ,WAGHAI, NAKA FALIYU SAPUTARA ROAD ,WAG, 12-188, WAGHAI, WAGHAI","[{""NIC5DigitId"":""56102"",""Description"":""Cafeterias, fast-food restaurants and other food preparation in market stalls""}]"
24,GUJARAT,444,DANG,394710,2/7/2022,M K FASHION,"D-1,, NEW SHOPPING CENTRE,, -, D-1,, -, AHWA DANG","[{""NIC5DigitId"":""47711"",""Description"":""Retail sale of readymade garments, hosiery goods, other articles of clothing and clothing accessories such as gloves, ties, braces etc.""}]"
24,GUJARAT,444,DANG,394710,24/04/2024,BHOYE ZIMANBHAI SONUBHAI,"1, HANUMANFALIYA, HANUMANFALIYA, 1, 1, KARANJADI","[{""NIC5DigitId"":""01612"",""Description"":""Operation of agricultural irrigation equipment""}]"
24,GUJARAT,444,DANG,394710,7/4/2024,GAYKWAD AJENDRABHAI DINESHBHAI,"AT. UPALU FALIYU, DHAVLIDOD ,PO. DHAVLIDOD, PIPLAYDEVI ROAD, AT. UPALU FALIYU, AHWA, AHWA","[{""NIC5DigitId"":""47211"",""Description"":""Retail sale of cereals and pulses, tea, coffee, spices and flour""}]"
24,GUJARAT,444,DANG,394716,25/07/2021,KHUSHI AUTO GARAGE & TYRES,",, ,, ,, ,, TA.SUBIR, DIST DANG,, 394716","[{""NIC5DigitId"":""45402"",""Description"":""Wholesale or retail sale of parts and accessories of motorcycles, mopeds, scooters and three wheelers""}]"
24,GUJARAT,444,DANG,394710,25/02/2022,OM SAI RAM RESTAURANTS,"SHIV MANDIR FALIYA, OM SAI RAM RESTAURANTS, MAIN ROAD, SHIV MANDIR FALIYA, CHINCHALI, TA AHWA","[{""NIC5DigitId"":""56102"",""Description"":""Cafeterias, fast-food restaurants and other food preparation in market stalls""}]"
24,GUJARAT,444,DANG,394730,1/9/2020,DANG HADVAIDH,"11, BARDA(WAGHAI), BARDA, 11, 11, WAGHAI","[{""NIC5DigitId"":""86909"",""Description"":""Other human health activities n.e.c. (including independent ambulance activities)""}]"
24,GUJARAT,444,DANG,394710,2/12/2020,MATIKAM & V.S.K BRICKS,"21, Gurudiya, Gurudiya, 21, 21, Subir","[{""NIC5DigitId"":""23921"",""Description"":""Manufacture of bricks""}]"
24,GUJARAT,444,DANG,394730,26/05/2021,PATEL SUNIRABEN ARVINDBHAI,"140/2, AASHANAGR FADIYU, NEAR POST OFFICE, 140/2, Waghai, WAGHAI","[{""NIC5DigitId"":""32909"",""Description"":""Manufacture of other articles n.e.c.""}]"
24,GUJARAT,444,DANG,394730,28/09/2021,SARFARAJBHAI SATTARBHAI SAIYAD,"0, 1/109, RAJENDRAPUR VISTAR, 0, 0, THE DANGS","[{""NIC5DigitId"":""52219"",""Description"":""Other land transport services n.e.c""}]"
24,GUJARAT,444,DANG,394710,2/5/2024,SAI KIRAN GENERAL STORE,"POLICE LINE, AHWA, AHWA, POLICE LINE, POLICE LINE, AHWA","[{""NIC5DigitId"":""47110"",""Description"":""Retail sale in non-specialized stores with food, beverages or tobacco predominating""}]"
24,GUJARAT,444,DANG,394730,20/08/2024,Kishan Motor Rewinding,"3, RAILWAY STATION ROAD, OLD POLICE STATION WAGHAI, 3, WAGHAI, WAGHAI","[{""NIC5DigitId"":""50119"",""Description"":""Other sea and coastal water transport n.e.c.""}]"
24,GUJARAT,444,DANG,394710,10/6/2024,NAAZ HARDWEAR,"42, AT PO AHWA SARDAR MARKET, MAIN ROAD, 42, 0, AHWA","[{""NIC5DigitId"":""47522"",""Description"":""Retail sale of hardware including paints, varnishes and lacquers and do - it - yourself materials and equipments""}]"
24,GUJARAT,444,DANG,394710,22/07/2024,Grocery Store,"Bilmal, Bilmal, Ahwa, Bilmal, Bilmal, Ahwa","[{""NIC5DigitId"":""46305"",""Description"":""Wholesale of edible oils, fats, sugar and processed\/manufactured spices etc.""}]"
24,GUJARAT,444,DANG,394710,23/07/2024,PAVAR YOGITABEN KANTILALBHAI,"SARDAR COLONY AHWA, ASHRAM ROAD, ASHRAM ROAD, SARDAR COLONY AHWA, AHWA, AHWA","[{""NIC5DigitId"":""52101"",""Description"":""Warehousing of refrigerated (cold storage)""}]"
24,GUJARAT,444,DANG,694716,20/07/2024,VADU SHEELABEN SAMPATBHAI,"01, SUBIR INDANE, MAHAL ROAD, 01, SUBIR, SUBIR","[{""NIC5DigitId"":""96091"",""Description"":""Social activities such as escort services, marriage bureaus""}]"
24,GUJARAT,444,DANG,394710,5/9/2023,PAWAR AJAYBHAI RAMUBHAI,"BHAVANDAGAD, AT. POST. BHAVANDAGAD TA. AHWA DIST.DANG, MAIN ROAD, BHAVANDAGAD, AHWA, AHWA","[{""NIC5DigitId"":""46499"",""Description"":""Wholesale of other households goods, n.e.c. [Includes wholesale of household equipment and appliances, n.e.c; photographic equipment, games, toys and sports goods (also includes bicycles, cycle rickshaw, tonga & other non-mechanised vehicles); leather goods and travel accessories; cleaning materials etc.]""}]"
24,GUJARAT,444,DANG,394710,19/07/2024,A TO Z ENTERPRISE,"02, AHWA MISSION COLONY, AHWA, 02, 0, AHWA","[{""NIC5DigitId"":""47411"",""Description"":""Retail sale of computers and computer peripherals""},{""NIC5DigitId"":""47613"",""Description"":""Retail sale of stationery office supplies such as pens, pencils, paper etc.""}]"
24,GUJARAT,444,DANG,394730,26/11/2024,MAZDA RESTAURANT,"-, NEAR RAMBHAS FARM, WAGHAI SAPUTARA ROAD, -, -, DOKPATAL","[{""NIC5DigitId"":""10750"",""Description"":""Manufacture of prepared meals and dishes""}]"
24,GUJARAT,444,DANG,394730,26/11/2024,PALAK BEAUTY PARLOUR,"101, uga chicpada, uga chicpada, 101, waghai, waghai","[{""NIC5DigitId"":""96020"",""Description"":""Hairdressing and other beauty treatment""}]"
24,GUJARAT,444,DANG,394710,28/08/2024,KRUPA KIRANA STOR AND TEA CENTER,"AT TOKARDAHAD, GAURYA, DANG, AT TOKARDAHAD, AHWA, AHWA","[{""NIC5DigitId"":""47190"",""Description"":""Other retail sale in non-specialized stores""}]"
24,GUJARAT,444,DANG,394720,22/11/2024,Online Work,"1, 12, sonuniya, 1, ahwa, ahwa","[{""NIC5DigitId"":""95111"",""Description"":""Repair and maintenance of computer and peripheral equipment""}]"
24,GUJARAT,444,DANG,393710,2/1/2024,Handicraft Unit,"Uplu Faliyu, Vangan, Vangan, Uplu Faliyu, Ahwa, Ahwa","[{""NIC5DigitId"":""16294"",""Description"":""Manufacture of various articles made of bamboo, cane and grass""}]"
24,GUJARAT,444,DANG,394715,27/12/2023,SHRI ARUNBHAI JAYANTIBHAI GAMIT,"0, 0, NAKTYAHANWATSAJA, 0, 0, THE DANGS","[{""NIC5DigitId"":""49232"",""Description"":""Non-motorised road freight transport""}]"
24,GUJARAT,444,DANG,394716,21/02/2024,Uttam kariyana Stor,"35, Ahirpada chokadi, Ahirpada nichala  Faliya, 35, 35, Ahwa","[{""NIC5DigitId"":""96098"",""Description"":""General household maintenance activities like grooming of the floor, dusting, cleaning of utensils etc.""}]"
24,GUJARAT,444,DANG,394730,3/8/2024,CHETNA CUTLARY,"Station Road, Waghai, Bazar Street, Station Road, Waghai, Waghai","[{""NIC5DigitId"":""74909"",""Description"":""Other professional, scientific and technical activities n.e.c.""}]"
24,GUJARAT,444,DANG,396250,13/02/2023,SHRI DEBI LAL,"Railway stattion toa, Waghai, Ahva, Railway stattion toa, Waghai, Waghai","[{""NIC5DigitId"":""49232"",""Description"":""Non-motorised road freight transport""}]"
24,GUJARAT,444,DANG,394710,30/01/2023,PRADIPBHAI PRAKASHBHAI PATHAK,"16, DANG SEVA MANDAL, AHWA, 16, 0, AHWA","[{""NIC5DigitId"":""62099"",""Description"":""Other information technology and computer service activities n.e.c""}]"
24,GUJARAT,444,DANG,394716,11/6/2024,GAYAKWAD BIRYANI HOUSE,"-, BORINA FALIYU, NR WATER TANK, -, -, THE DANGS","[{""NIC5DigitId"":""56291"",""Description"":""Activities of food service contractors (e.g. for transportation companies)""}]"
24,GUJARAT,444,DANG,394730,27/07/2024,MIRZA TAILOR,"77 ASHANAGAR FALIYU, PUNI KENDRA NI PACHAD WAGHAI, ASHANAGAR, 77 ASHANAGAR FALIYU, WAGHAI, DANGS","[{""NIC5DigitId"":""32909"",""Description"":""Manufacture of other articles n.e.c.""}]"
24,GUJARAT,444,DANG,394716,22/11/2023,GAVIT ANKITBHAI MALUBHAI,"AHWA, MOKHAMAL, MOKHAMAL, AHWA, SUBIR, AHWA","[{""NIC5DigitId"":""85301"",""Description"":""Higher education in science, commerce, humanity and fine arts leading to a university degree or equivalent""}]"
24,GUJARAT,444,DANG,394710,28/12/2023,Agripreneurship,"Mulchond, Mulchond, Ahwa, Mulchond, Ahwa, Ahwa","[{""NIC5DigitId"":""10719"",""Description"":""Manufacture of other bakery products n.e.c.""}]"
24,GUJARAT,444,DANG,394716,3/2/2024,Excellence Consultancy,"Patel Faliyu, Prathmik school ni same, prathmik school, Patel Faliyu, S/o Shantaram bhai, Chinchavihir","[{""NIC5DigitId"":""62099"",""Description"":""Other information technology and computer service activities n.e.c""}]"
24,GUJARAT,444,DANG,394715,8/6/2024,GAVIT GUMANBHAI THAKORBHAI,"171, CHICHINAGAVTHA, MAIN ROAD CHICHINAGAVTHA, 171, 02, WAGHAI","[{""NIC5DigitId"":""96093"",""Description"":""Shoe shiners, porters, valet car parkers etc.""}]"
24,GUJARAT,444,DANG,394730,21/08/2024,BHUJAD RAMESHBHAI SONUBHAI,"00, GIRA DABDAR, ZANDUNGARDA, 00, 00, THE DANGS","[{""NIC5DigitId"":""49231"",""Description"":""Motorised road freight transport""}]"
24,GUJARAT,444,DANG,394710,3/2/2024,LAXMI KARIYANA STORE,"01, AMBAPADA, ABAPDA FALYU  TRAN RASTA, 01, AHWA, AHWA","[{""NIC5DigitId"":""47219"",""Description"":""Retail sale of other food products n.e.c.""}]"
24,GUJARAT,444,DANG,394710,3/10/2024,NAVJIVAN CLINIC,"GROUND FLOOR, NAVJIVAN CLINIC, SUBIR, GROUND FLOOR, SUBIR, DANG","[{""NIC5DigitId"":""86201"",""Description"":""Medical practice activities""}]"
24,GUJARAT,444,DANG,394716,3/10/2024,SURYAVANSHI NITINBHAI BHALCHANDBHAI,"SATBABLA, SATBABLA POST GARKHADI, SATBABLA POST GARKHADI, SATBABLA, SUBIR, SATBABLA","[{""NIC5DigitId"":""13999"",""Description"":""Manufacture of other textiles\/textile products n.e.c.""}]"
24,GUJARAT,444,DANG,394730,20/09/2024,SAGAR LADIES TAILOR,"A, A, MAIN BAZAR, A, A, WAGHAI","[{""NIC5DigitId"":""32909"",""Description"":""Manufacture of other articles n.e.c.""}]"
24,GUJARAT,444,DANG,394730,18/07/2024,RAJ AUTO,"113, DODIPADA ROAD POLICE QUTAR NI SAME WAGHAI, DODIPADA ROAD, 113, WAGHAI, WAGHAI","[{""NIC5DigitId"":""45102"",""Description"":""Wholesale and retail sale of used motor vehicles""}]"
24,GUJARAT,444,DANG,394730,26/12/2023,BARKAT CHICKEN CENTRE,"12-23-K, NAKAFALIYU, NEAR RTO CHECK POST, 12-23-K, -, WAGHAI","[{""NIC5DigitId"":""10109"",""Description"":""Production, processing and preserving of other meat and meat products n.e.c.""}]"
24,GUJARAT,444,DANG,394710,14/06/2024,SUSHMA LEADIS TAILOR,"BUS STAND FALIYU, DHAVLODOD, BUS STAND FALIYU, BUS STAND FALIYU, AHWA, DHAVLIDOD","[{""NIC5DigitId"":""14105"",""Description"":""Custom tailoring""}]"
24,GUJARAT,444,DANG,394710,7/6/2024,MUKTABEN JADAV,"MUKTABEN, MUKTABEN JADAV, MAIN ROAD AHWA, MUKTABEN, SARDARBAJAR, AHWA","[{""NIC5DigitId"":""47711"",""Description"":""Retail sale of readymade garments, hosiery goods, other articles of clothing and clothing accessories such as gloves, ties, braces etc.""}]"
24,GUJARAT,444,DANG,394710,7/2/2025,KIYAN TRAVELS,"-, -, GONDALVIHIR, -, -, AHWA","[{""NIC5DigitId"":""79110"",""Description"":""Travel agency activities""}]"
24,GUJARAT,444,DANG,394710,7/2/2025,Aradhna Tailor,"Dhavlidod, Dhavlidod, Dhavaidod, Dhavlidod, Ahwa, Ahwa","[{""NIC5DigitId"":""14105"",""Description"":""Custom tailoring""}]"
24,GUJARAT,444,DANG,394730,17/12/2024,FARMING AND MILLK TRADING,"A, AMBAPADA, NA, A, B, WAGHAI","[{""NIC5DigitId"":""32909"",""Description"":""Manufacture of other articles n.e.c.""}]"
24,GUJARAT,444,DANG,394716,2/1/2025,ARYAN HOTEL VAKUTYA,"ARYAN, KOKNI FAKYU, MAIN ROAD, ARYAN, VAHUTYA, SUBIR","[{""NIC5DigitId"":""55101"",""Description"":""Hotels and Motels, inns, resorts providing short term lodging facilities; includes accommodation in house boats""}]"
24,GUJARAT,444,DANG,394716,2/1/2025,URMILA FLORE MILL,"TIMBERTHAVA, URMILA FLORE MILL, MAIN ROAD, TIMBERTHAVA, TIMBERTHAVA, AHWA","[{""NIC5DigitId"":""47219"",""Description"":""Retail sale of other food products n.e.c.""}]"
24,GUJARAT,444,DANG,394710,10/1/2025,BHAGVAT RAYSINGBHAI PAWAR,"56, NEAR OLD COURT, MAIN ROAD, 56, 3, AHWA","[{""NIC5DigitId"":""15201"",""Description"":""Manufacture of leather footwear such as shoes, sandals, chappals, leather-cum-rubber\/plastic cloth sandles and chappals""}]"
24,GUJARAT,444,DANG,394710,10/1/2025,Gangarambhai Poultry Farm,"0, 0, 0, 0, 0, Ta.Waghai","[{""NIC5DigitId"":""01463"",""Description"":""Operation of poultry hatcheries""}]"
24,GUJARAT,444,DANG,394716,2/1/2025,SNEHAL LADIES TAILOR,"JHARAB, SNEHAL LADIES TAILOR, MAIN ROAD, JHARAB, JHARAN, AHWA","[{""NIC5DigitId"":""47711"",""Description"":""Retail sale of readymade garments, hosiery goods, other articles of clothing and clothing accessories such as gloves, ties, braces etc.""}]"
24,GUJARAT,444,DANG,394710,10/2/2025,Shiv General Store,"Bhavandagad, Bhavandagad, Bhavandagad, Bhavandagad, Ahwa, DANGS(AHWA)","[{""NIC5DigitId"":""10791"",""Description"":""Processing and blending of tea including manufacture of instant tea""}]"
24,GUJARAT,444,DANG,394716,9/12/2024,GAMIT MADHUBHAI DASHRYABHAI,"UPALU FALIYU, KESHBANDH, KESHBANDH, UPALU FALIYU, 0, THE DANGS","[{""NIC5DigitId"":""52294"",""Description"":""Weighing of goods""}]"
24,GUJARAT,444,DANG,394710,10/12/2024,GAVLI NARESHABHAI JAYAVANBHAI,"JAMALAPADA, GAVLI NARESHBHAI, DUKAN FALIYU, JAMALAPADA, 100.1, AHWA","[{""NIC5DigitId"":""47212"",""Description"":""Retail sale of fresh or preserved fruit and vegetables""}]"
24,GUJARAT,444,DANG,394715,10/12/2024,YOGI PHOTO STUDIO,"-, BESIDE PIMPARI GRAM PANCHAYAT, WAGHAI AHWA ROAD, -, -, PIMPARI","[{""NIC5DigitId"":""74209"",""Description"":""Other photographic activities""}]"
24,GUJARAT,444,DANG,394730,12/12/2024,PRADIPKUMAR RAMJI SINGH,"SHAMGAHAN, SAPUTARA ROAD, SAPUTARA ROAD, SHAMGAHAN, THE DANGS, SHAMGAHAN","[{""NIC5DigitId"":""49300"",""Description"":""Transport via pipeline""}]"
24,GUJARAT,444,DANG,394730,29/11/2024,M M CORPORATION,"544, WAGHAI, BAJAR FALIYU, 544, 0, WAGHAI","[{""NIC5DigitId"":""46304"",""Description"":""Wholesale of confectionery, bakery products and beverages other than intoxicants""}]"
24,GUJARAT,444,DANG,394716,1/3/2024,roshan csc center,"subir, subir, subir navapur road, subir, subir, subir","[{""NIC5DigitId"":""18129"",""Description"":""Other service activities related to printing n.e.c.""}]"
24,GUJARAT,444,DANG,394710,13/07/2023,SHARA WELDING WORKS & TRADERS,"Patelpada, Ahwa, Ahwa, Patelpada, Ahwa, Ahwa","[{""NIC5DigitId"":""33190"",""Description"":""Repair of other equipment""}]"
24,GUJARAT,444,DANG,394710,5/8/2023,SHIVRAM TRANSPORT,"-, NICHLU FALIYU, AHWA, -, -, AHWA","[{""NIC5DigitId"":""49110"",""Description"":""Passenger rail transport""}]"
24,GUJARAT,444,DANG,394730,14/03/2023,BHAVESH TRANSPORT,"-, WAGHAI, DAGUNIA, -, -, AHWA","[{""NIC5DigitId"":""49110"",""Description"":""Passenger rail transport""}]"
24,GUJARAT,444,DANG,394716,1/7/2023,CHAUDHARI SURAJBHAI GANPATBHAI,"Uplu faliya, Chikhali, Lavchalisaja, Uplu faliya, Chikhli, Ahwa","[{""NIC5DigitId"":""49300"",""Description"":""Transport via pipeline""}]"
24,GUJARAT,444,DANG,394710,7/2/2023,AMBICA HALDAR FARM,"AT JAMAL PADA, AT JAMAL PADA, SAPUTARA ROAD, AT JAMAL PADA, POST RAMBHAS, TALUKA WAGHAI","[{""NIC5DigitId"":""47211"",""Description"":""Retail sale of cereals and pulses, tea, coffee, spices and flour""},{""NIC5DigitId"":""10795"",""Description"":""Grinding and processing of spices""}]"
24,GUJARAT,444,DANG,394715,19/09/2022,MAYUR GENERAL STORE,"MAYUR GENERAL STORE, UPLU FALIYU, POST CHICHINAGAVTHA, MAYUR GENERAL STORE, WAGHAI, WAGHAI","[{""NIC5DigitId"":""47190"",""Description"":""Other retail sale in non-specialized stores""},{""NIC5DigitId"":""47211"",""Description"":""Retail sale of cereals and pulses, tea, coffee, spices and flour""}]"
24,GUJARAT,444,DANG,394716,9/8/2023,Baras Grocery & General Store,"02, AT PO BARIPADA, PIPLDAHAD, 02, 0, BARIPADA","[{""NIC5DigitId"":""47110"",""Description"":""Retail sale in non-specialized stores with food, beverages or tobacco predominating""},{""NIC5DigitId"":""47211"",""Description"":""Retail sale of cereals and pulses, tea, coffee, spices and flour""},{""NIC5DigitId"":""47219"",""Description"":""Retail sale of other food products n.e.c.""}]"
24,GUJARAT,444,DANG,394710,19/05/2023,KIRAN PLASTIC,"GOUND SHOP NO 198, COMPLEX MAIN ROAD AHWA, MAIN ROAD AHWA, GOUND SHOP NO 198, AHWA, AHWA","[{""NIC5DigitId"":""22206"",""Description"":""Manufacture of spectacle frames of plastic""}]"
24,GUJARAT,444,DANG,394730,13/09/2023,kamaleshbhai jivarambhai palve,"12, UPALU FALAYU, SAPUTARA, 12, WAGHAI, WAGHAI","[{""NIC5DigitId"":""10799"",""Description"":""Other semi-processed, processed or instant foods n.e.c. except farinaceous products and malted foods and manufacturing activities like manufacture of egg powder, sambar powder etc. (this excludes the activities covered under 10619)""}]"
24,GUJARAT,444,DANG,396580,15/12/2022,PRK BAKERS,"396/1, -, GODAVUN FALIYU, 396/1, -, VANSADA","[{""NIC5DigitId"":""10712"",""Description"":""Manufacture of biscuits, cakes, pastries, rusks etc.""}]"
24,GUJARAT,444,DANG,394730,31/08/2023,munufacture of food products,"137, Barkhandhia, Saputara, 137, Waghai, Waghai","[{""NIC5DigitId"":""10799"",""Description"":""Other semi-processed, processed or instant foods n.e.c. except farinaceous products and malted foods and manufacturing activities like manufacture of egg powder, sambar powder etc. (this excludes the activities covered under 10619)""}]"
24,GUJARAT,444,DANG,394710,10/9/2022,HARSHADBHAI JANUBHAI CHAUDHARI,"0, HARSHADBHAI JANUBHAI CHAUDHARI, KODMAL, 0, 0, AHWA","[{""NIC5DigitId"":""42903"",""Description"":""Construction of dams etc.""},{""NIC5DigitId"":""41001"",""Description"":""Construction of buildings carried out on own-account basis or on a fee or contract basis""}]"
24,GUJARAT,444,DANG,394730,12/2/2024,PAWAR SUMITRABEN BHAVDUBHAI,"2, BHURAPANI, BHURAPANI MAIN ROAD, 2, 2, AHWA","[{""NIC5DigitId"":""87900"",""Description"":""Other residential care activities n.e.c.""}]"
24,GUJARAT,444,DANG,394715,1/6/2023,Thakre Kalpanaben Jugatrambhai,"N/A, N/A, Main Road, N/A, Subir, Ahwa","[{""NIC5DigitId"":""62099"",""Description"":""Other information technology and computer service activities n.e.c""}]"
24,GUJARAT,444,DANG,394720,12/7/2023,Business,"Block no 1, Somabhai house, Hanuman temple near Kotamdar, Block no 1, Block 1, Saputara","[{""NIC5DigitId"":""56103"",""Description"":""Ice cream mobile vendors, mobile food carts""}]"
24,GUJARAT,444,DANG,394715,14/07/2023,SHRI HARICHANDRABHAI RAMESHBHAI SOLYA,"236, KALIBEL, KALIBEL, 236, MAIN ROAF, DANG","[{""NIC5DigitId"":""46301"",""Description"":""Wholesale of fruits & vegetables""}]"
24,GUJARAT,444,DANG,394730,10/4/2023,GAVIT MILLK TRANSPORT,"-, LAHAN DABDAR, THE DANGS, -, -, WAGHAI","[{""NIC5DigitId"":""49231"",""Description"":""Motorised road freight transport""}]"
24,GUJARAT,444,DANG,394710,16/11/2022,SURAJ TEE STORE,"AHWA CIVIL HOSPITAL, MAIN ROAD, MAIN ROAD, AHWA CIVIL HOSPITAL, AHWA, AHWA","[{""NIC5DigitId"":""47110"",""Description"":""Retail sale in non-specialized stores with food, beverages or tobacco predominating""}]"
24,GUJARAT,444,DANG,394715,15/09/2022,VPLANET PHOTOGRAPHY AND ONLINE WORK,"01, NISHAL FALIYA, BHENSHKATRI, 01, BHENSHKATRI, DANG","[{""NIC5DigitId"":""47731"",""Description"":""Retail sale of photographic, optical and precision equipment""},{""NIC5DigitId"":""74209"",""Description"":""Other photographic activities""}]"
24,GUJARAT,444,DANG,394710,24/05/2024,HIRUBHAI SITARAMBHAI GANGADA,"000, Kel, Main road, 000, 000, Ta Subir","[{""NIC5DigitId"":""01620"",""Description"":""Support activities for animal production""}]"
24,GUJARAT,444,DANG,394730,11/5/2024,NEHA RUMI PATRAWALA,"NEHA RUMI PATRAWALA, -, NICHALU FALIYU, NEHA RUMI PATRAWALA, NEAR PRIMARY SCHOOL, WAGHAI","[{""NIC5DigitId"":""47110"",""Description"":""Retail sale in non-specialized stores with food, beverages or tobacco predominating""}]"
24,GUJARAT,444,DANG,394710,21/05/2024,Rowing Enterprise,"43, Bahai Bhavan, Mahadev Mandir Road, 43, Davalpada, Ahwa","[{""NIC5DigitId"":""93290"",""Description"":""Other amusement and recreation activities n.e.c.""}]"
24,GUJARAT,444,DANG,394710,22/09/2022,M/S DHANANI STORES,"NEAR MAHADEV MANDIR, DEVALPADA, AHWA, NEAR MAHADEV MANDIR, AHWA, AHWA","[{""NIC5DigitId"":""46909"",""Description"":""Other non-specialised wholesale trade n.e.c.""}]"
24,GUJARAT,444,DANG,394710,17/05/2024,Shivaji Enterprise,"3rd from left side, Shivaji villa, Nichlu faliyu, 3rd from left side, A, Ahwa","[{""NIC5DigitId"":""69100"",""Description"":""Legal activities""}]"
24,GUJARAT,444,DANG,394710,9/2/2024,NIL LEADIS TAILOR,"160, BISHYA, FILTER FALIYU, 160, AHWA, BISHYA","[{""NIC5DigitId"":""14105"",""Description"":""Custom tailoring""}]"
24,GUJARAT,444,DANG,394730,12/3/2022,Mishay Buildcon,"02, Dhangadi, Post. Daguniya, 02, Waghai, Waghai","[{""NIC5DigitId"":""10793"",""Description"":""Processing of edible nuts""}]"
24,GUJARAT,444,DANG,394710,28/11/2022,CHAUDHARI SHIVANBHAI JANUBHAI,"105 LAIN FALIYU, DHAVLIDOD, DHAVLIDOD ROAD, 105 LAIN FALIYU, AHWA, AHWA","[{""NIC5DigitId"":""56291"",""Description"":""Activities of food service contractors (e.g. for transportation companies)""}]"
24,GUJARAT,444,DANG,394716,3/1/2023,ISHAKBHAI JOHNBHAI GAMIT,"JOHNBHAI GAMIT, AT POST NISHANA TALUKA,SUBIR, DANGS, JOHNBHAI GAMIT, -, DANG","[{""NIC5DigitId"":""41001"",""Description"":""Construction of buildings carried out on own-account basis or on a fee or contract basis""}]"
24,GUJARAT,444,DANG,394710,6/10/2022,MIHIKA SELECTION,"SHOP NO 28, SARDAR BAZAR, MAIN RAOD, SHOP NO 28, AHWA, AHWA","[{""NIC5DigitId"":""96098"",""Description"":""General household maintenance activities like grooming of the floor, dusting, cleaning of utensils etc.""}]"
24,GUJARAT,444,DANG,394730,8/6/2023,GAVIT SANKARBHAI TULASYABHAI,"0, Shamgahan, Shamgahan, 0, 0, Ahwa","[{""NIC5DigitId"":""41002"",""Description"":""Activities relating to alteration, addition, repair, maintenance carried out on own-account basis or on a fee or contract basis""}]"
24,GUJARAT,444,DANG,394715,17/11/2022,RAJENDRKUMAR RUSHIBHAI TANDEL,"0, 0, MAINROAD, 0, 0, THE DANGS","[{""NIC5DigitId"":""49231"",""Description"":""Motorised road freight transport""}]"
24,GUJARAT,444,DANG,394710,16/01/2024,SHEVARE SARLA RAJU,"DHAVLIDHOD, DHAVLIDHOD, UPALU FALIYU, DHAVLIDHOD, 1, AHWA","[{""NIC5DigitId"":""46302"",""Description"":""Wholesale of raw milk & dairy products""}]"
24,GUJARAT,444,DANG,394730,20/12/2022,SHREE SWAMI SAMARTH SUPER MARKET,"SWAMI SAMARTH KIRANA, SAMGAHAN, SAPUTARA ROAD, SWAMI SAMARTH KIRANA, AHWA, AHWA","[{""NIC5DigitId"":""47110"",""Description"":""Retail sale in non-specialized stores with food, beverages or tobacco predominating""},{""NIC5DigitId"":""46302"",""Description"":""Wholesale of raw milk & dairy products""},{""NIC5DigitId"":""46306"",""Description"":""Wholesale of tea, coffee & cocoa""}]"
24,GUJARAT,444,DANG,394716,21/08/2023,ASHOKBHAI VALLABHBHAI PAWAR,"00, UPLU FALIYU KARAJPADA, UPLU FALIYU, 00, 00, AHWA","[{""NIC5DigitId"":""58199"",""Description"":""Other publishing activities (including on-line) n.e.c.""}]"
24,GUJARAT,444,DANG,394730,6/2/2024,Om ganesai tailoring,"Ghodvahal, Ghodvahal, Nadagchond road, Ghodvahal, Ahwa, Ghodvahal","[{""NIC5DigitId"":""14105"",""Description"":""Custom tailoring""}]"
24,GUJARAT,444,DANG,394710,8/5/2024,JAT RATANLAL RAMLAL,"00, RAILWAY STATION ROAD, WAGHAI, 00, 00, WAGHAI","[{""NIC5DigitId"":""10505"",""Description"":""Manufacture of ice-cream, kulfi etc.""}]"
24,GUJARAT,444,DANG,394710,6/2/2024,Vedanshi ledis tailoring,"191, Patel faliyu, Saputara road, 191, Samgahan, Samgahan","[{""NIC5DigitId"":""14101"",""Description"":""Manufacture of all types of textile garments and clothing accessories""}]"
24,GUJARAT,444,DANG,394730,27/09/2022,DARSHANA DAL MILLS,"-, NANIDABDAR, WAGHAI, -, SURVEY NO-48, DANG","[{""NIC5DigitId"":""10613"",""Description"":""Dal (pulses) milling""}]"
24,GUJARAT,444,DANG,394710,16/11/2022,MUKESHBHAI PARSOTTAMBHAI JADAV,"0, DUNGARI FALIYA, DUNGARI FALIYA, 0, 0, AHWA","[{""NIC5DigitId"":""49231"",""Description"":""Motorised road freight transport""}]"
24,GUJARAT,444,DANG,394730,22/07/2023,E DIGITAL SERVICE POINT,"36, School faliyu, Saputara road, 36, Waghai, The dang","[{""NIC5DigitId"":""64990"",""Description"":""Other financial service activities, except insurance and pension funding activities, n.e.c""}]"
24,GUJARAT,444,DANG,394710,4/10/2023,DIVYA DANG NEWS,"305/5 PATEL PADA, AHWA, NAVAPUR ROAD, 305/5 PATEL PADA, AHWA, AHWA DANGS","[{""NIC5DigitId"":""58131"",""Description"":""Publishing of newspapers""}]"
24,GUJARAT,444,DANG,394716,19/04/2025,BHAVIKA LADIES TAILOR,"MALGA, BHAVIKA LADIES TAILOR, MAIN ROAD, MALGA, MALGA, AHWA","[{""NIC5DigitId"":""47711"",""Description"":""Retail sale of readymade garments, hosiery goods, other articles of clothing and clothing accessories such as gloves, ties, braces etc.""}]"
24,GUJARAT,444,DANG,394710,13/04/2025,Vimal Pashu Aahar,"01,, main road,, Main road,, 01,, 01,, Ahwa","[{""NIC5DigitId"":""10801"",""Description"":""Manufacture of cattle feed""}]"
24,GUJARAT,444,DANG,394710,26/12/2024,ANJEL LADISE TRAILOR,"01, ANJEL LADISE TRAILOR, SHIBIR  ROAD, 01, AHWA, AHWA","[{""NIC5DigitId"":""14105"",""Description"":""Custom tailoring""}]"
24,GUJARAT,444,DANG,394730,26/12/2024,Girishbhai Manchhubhai Konkani,"0, 0, JHAVDA, 0, 0, JHAVDA","[{""NIC5DigitId"":""46301"",""Description"":""Wholesale of fruits & vegetables""}]"
24,GUJARAT,444,DANG,394730,21/02/2025,SARAIYA GODAVARIBEN PRAKASHBHAI,"ASHA NAGAR, PANI NI TANKI PASE, WAGHAI, ASHA NAGAR, WAGHAI, WAGHAI","[{""NIC5DigitId"":""46304"",""Description"":""Wholesale of confectionery, bakery products and beverages other than intoxicants""}]"
24,GUJARAT,444,DANG,394716,21/04/2025,VASANT AUTO GARAGE,"176, VACHALU FALIYU, GIRMAL ROAD, 176, 3, SUBIR","[{""NIC5DigitId"":""96093"",""Description"":""Shoe shiners, porters, valet car parkers etc.""}]"
24,GUJARAT,444,DANG,394710,17/04/2025,LASHUBHAI MANSUBHAI KAMDI,"0, 0, 0, 0, DANGS, DANG","[{""NIC5DigitId"":""14101"",""Description"":""Manufacture of all types of textile garments and clothing accessories""}]"
24,GUJARAT,444,DANG,394716,7/2/2025,PAYAL FRUIT SHOP,"LAVCHALI, PAYAL FRUIT SHOP, MAIN ROAD, LAVCHALI, LAVCHALI, AHWA","[{""NIC5DigitId"":""47212"",""Description"":""Retail sale of fresh or preserved fruit and vegetables""}]"
24,GUJARAT,444,DANG,394710,8/2/2025,Motadev General Store,"Borkhal (Payarghodi), Borkhal (Payarghodi), Borkhal (Payarghodi), Borkhal (Payarghodi), Ahwa, DANGS(AHWA)","[{""NIC5DigitId"":""10799"",""Description"":""Other semi-processed, processed or instant foods n.e.c. except farinaceous products and malted foods and manufacturing activities like manufacture of egg powder, sambar powder etc. (this excludes the activities covered under 10619)""}]"
24,GUJARAT,444,DANG,394715,14/04/2025,SHRI JAGARUTI BACHAT JUTH WSHG CHICHINAGAVTHA,"CHICHINAGAVTHA, CHICHINAGAVTHA, CHICHINAGAVTHA, CHICHINAGAVTHA, Vaghai, CHICHINAGAVTHA","[{""NIC5DigitId"":""16294"",""Description"":""Manufacture of various articles made of bamboo, cane and grass""}]"
24,GUJARAT,444,DANG,394710,12/2/2025,Rahulbhai,"176, At Nandanpeda, Nandanpeda, 176, Nandanpeda, Nandanpeda","[{""NIC5DigitId"":""56102"",""Description"":""Cafeterias, fast-food restaurants and other food preparation in market stalls""}]"
24,GUJARAT,444,DANG,394710,17/01/2025,SP ONLINE WORK,"01, SP ONLINE WORK, VAVNDA, 01, 00, WAWANDA","[{""NIC5DigitId"":""63992"",""Description"":""Activities of cyber café""}]"
24,GUJARAT,444,DANG,394730,14/02/2025,Dilipbhai Chintubhai Gavit,"0, 0, waghai, 0, waghai, lawariya","[{""NIC5DigitId"":""49231"",""Description"":""Motorised road freight transport""}]"
24,GUJARAT,444,DANG,394710,17/01/2025,SHAH MAHEMUDABEN S,"AHWA, RANIFALIYU FOREST OFFICE NI PACHHAD, RANI FALIYU, AHWA, AHWA, AHWA","[{""NIC5DigitId"":""17092"",""Description"":""Manufacture of paper cups, saucers, plates, hoops, cones and other similar products""}]"
24,GUJARAT,444,DANG,394710,19/02/2025,VIKAS MEDICAL AND GENERAL STORE,"GALKUND, TALATINI CHAVDI NA PACHADI, MAIN ROAD GALKUND, GALKUND, AHWA, GALKUND","[{""NIC5DigitId"":""47721"",""Description"":""Retail sale of pharmaceuticals, medical and orthopaedic goods and toilet articles""}]"
24,GUJARAT,444,DANG,394730,13/02/2025,SHEELA SOMNATH GAVIT,"00, SHAMGAHAN, SONUNIYA ROAD, 00, AHWA, SHAMGAHAN","[{""NIC5DigitId"":""29304"",""Description"":""Manufacture of motor vehicle electrical equipment, such as generators, alternators, spark plugs, ignition wiring harnesses, power window and door systems, assembly of purchased gauges into instrument panels, voltage regulators, etc""}]"
24,GUJARAT,444,DANG,394716,3/1/2025,GAVIT RICE MILL,"BURTHADI, GAVIT RICE MILL, MAIN ROAD, BURTHADI, BURTHADI, AHWA","[{""NIC5DigitId"":""47219"",""Description"":""Retail sale of other food products n.e.c.""}]"
24,GUJARAT,444,DANG,394710,3/12/2024,SUBHASH HOTEL,"-, SHIKSHAN COLONY, AHWA, -, -, AHWA","[{""NIC5DigitId"":""56101"",""Description"":""Restaurants without bars""}]"
24,GUJARAT,444,DANG,394730,1/2/2025,KAVYU INFRATECH,"L.S.NO 16/1, NIVASI SCHOOL ROAD, NIVASI SCHOOL ROAD, L.S.NO 16/1, ., WAGHAI","[{""NIC5DigitId"":""74909"",""Description"":""Other professional, scientific and technical activities n.e.c.""}]"
24,GUJARAT,444,DANG,394730,19/07/2025,Shah Akmalshah Ahemadsha,"0, 0, waghai, 0, 0, ahwa","[{""NIC5DigitId"":""27101"",""Description"":""Manufacture of power generators (except battery charging alternators for internal combustion engines), motor generator sets (except turbine generator set units)""}]"
24,GUJARAT,444,DANG,394716,15/10/2025,Gadhya Jitendrabhai Rameshbhai,"109, Mahal, Main road mahal, 109, 109, Subir","[{""NIC5DigitId"":""47990"",""Description"":""Other retail sale not in stores, stalls or markets""}]"
24,GUJARAT,444,DANG,394716,15/10/2025,POWER HOUSE - MOTOR REWINDING & ELECTRIC,"00, NEAR SCHOOL, PIPALDAHAD, 00, PIPALDAHAD, THE DANGS","[{""NIC5DigitId"":""27103"",""Description"":""Manufacture of electric motors (except internal combustion engine starting motors)""}]"
24,GUJARAT,444,DANG,394730,18/10/2025,yuvraj transport,"ghodvahal, -, nadagchond, ghodvahal, -, waghai","[{""NIC5DigitId"":""49224"",""Description"":""Taxi operation""}]"
24,GUJARAT,444,DANG,394710,10/10/2025,FARMAR,"AA, LINGA, THE DANG, AA, AA, LINGA","[{""NIC5DigitId"":""96098"",""Description"":""General household maintenance activities like grooming of the floor, dusting, cleaning of utensils etc.""}]"
24,GUJARAT,444,DANG,394710,24/10/2025,MOBILES AND MOBILE ACCESSORIES AND ELECTRONICS,"155, GAMIT FALIYU, BARDIPADA ROAD, 155, GARKHADI, AHWA","[{""NIC5DigitId"":""09900"",""Description"":""Support activities for other mining and quarrying""}]"
24,GUJARAT,444,DANG,394730,16/05/2025,TANDEL RAJESHKUMAR SATAMBHAI,"0, Rajendrapur, Sity srve office, 0, 0, The dangs","[{""NIC5DigitId"":""49231"",""Description"":""Motorised road freight transport""}]"
24,GUJARAT,444,DANG,394730,7/5/2025,KHARPADE KAILASHBHAI LAHUBHAI,"0, DOKPATAL, RAMBHASH, 0, SCHOOL, THE DANG","[{""NIC5DigitId"":""46301"",""Description"":""Wholesale of fruits & vegetables""}]"
24,GUJARAT,444,DANG,394710,7/5/2025,AMITBHAI M PAVAR,"00, SARDAR BAJAR, MAIN ROAD, 00, A, AHWA","[{""NIC5DigitId"":""63999"",""Description"":""Other information service activities n.e.c.""}]"
24,GUJARAT,444,DANG,394716,3/5/2025,LAXMI AGRO CENTER PIPALDAHAD,"PIPALDAHAD, AT POST PIPALDAHAD TA SUBIR DIST DANG, PIPALDAHAD, PIPALDAHAD, SUBIR, SUBIR","[{""NIC5DigitId"":""75000"",""Description"":""Veterinary activities""}]"
24,GUJARAT,444,DANG,394715,4/6/2025,NR SOLUTION,"168, Near Primary School, Nishal Faliyu, 168, 1, Waghai","[{""NIC5DigitId"":""59201"",""Description"":""Activities of sound recording in studio or elsewhere""}]"
24,GUJARAT,444,DANG,394730,2/6/2025,KAILASHBHAI MANGALBHAI KHAIRAD,"00, K K PAINTING, 00, 00, 00, AHWA","[{""NIC5DigitId"":""41002"",""Description"":""Activities relating to alteration, addition, repair, maintenance carried out on own-account basis or on a fee or contract basis""}]"
24,GUJARAT,444,DANG,394716,31/05/2025,S K KIRANA STORE,"0, SAWARKHAL FALIYU, SHEPUAMBA, 0, 0, PIPALDAHAD","[{""NIC5DigitId"":""47990"",""Description"":""Other retail sale not in stores, stalls or markets""}]"
24,GUJARAT,444,DANG,394710,2/7/2025,MARUTI PHOTO FRAMING AND MUSICAL,"-, JADAV COMPLEX, MAIN ROAD AHWA, -, -, THE DANG","[{""NIC5DigitId"":""74209"",""Description"":""Other photographic activities""}]"
24,GUJARAT,444,DANG,394716,8/7/2025,ASHIRWAD COLLECTION,"0, SUBIR CHAR RASTA, SUBIR, 0, SUBIR, SUBIR","[{""NIC5DigitId"":""47711"",""Description"":""Retail sale of readymade garments, hosiery goods, other articles of clothing and clothing accessories such as gloves, ties, braces etc.""}]"
24,GUJARAT,444,DANG,394730,5/7/2025,FARMER,"AA, LAWARIYA, LAWARIYA, AA, AA, WAGHAI","[{""NIC5DigitId"":""96098"",""Description"":""General household maintenance activities like grooming of the floor, dusting, cleaning of utensils etc.""}]"
24,GUJARAT,444,DANG,394710,7/7/2025,PAVAR NILESHBHAI JAVARBHAI,"SONGIR, AT. SONGIR POST BORKHAL TA. AHWA DSIT.DANG, MAIN ROAD, SONGIR, AHWA, AHWA","[{""NIC5DigitId"":""47190"",""Description"":""Other retail sale in non-specialized stores""}]"
24,GUJARAT,444,DANG,394715,30/10/2025,JIVYABHAI,"24, DAVDAHAD, DAVDAHAD, 24, PIMPARI, DAVDAHAD","[{""NIC5DigitId"":""28212"",""Description"":""Manufacture of ploughs, manure spreaders, seeders, harrows and similar agricultural machinery for soil preparation, planting or fertilizing, harvesting or threshing machinery""}]"
24,GUJARAT,444,DANG,394720,9/10/2025,SADGURU TRADERS,"HOUSE NO. 182, SADGURU TRADERS, NEAR RITAMBHARA HIGH SCHOOL, HOUSE NO. 182, AHWA, SAPUTARA","[{""NIC5DigitId"":""47521"",""Description"":""Retail sale of building material such as bricks, wood, sanitary equipment""},{""NIC5DigitId"":""47599"",""Description"":""Retail sale of other household appliances n.e.c. ( security systems, such as locking devices, safes, and vaults, without installation or maintenance services etc. , wooden, cork and wickerwork goods, sewing and knitting machine and other household utensils and durables n.e.c.)""}]"
24,GUJARAT,444,DANG,394730,6/10/2025,OM SAI TRADERS,"5, OM SAI TRADERS, KALA AMBA FALIYU, 5, AHWA, AHWA","[{""NIC5DigitId"":""10614"",""Description"":""Grain milling other than wheat, rice and dal""},{""NIC5DigitId"":""10619"",""Description"":""Other grain milling and processing n.e.c.""}]"
24,GUJARAT,444,DANG,394730,14/10/2025,farmer,"A, KOSIMPATAL, WAGHAI, A, B, DANG","[{""NIC5DigitId"":""46697"",""Description"":""Wholesale of precious stones""}]"
24,GUJARAT,444,DANG,394720,6/5/2025,MEGHRAJ SALES,"SHOP NO.1, ASHIRVAD COMPLEX, CITY SURVEY NO 1745,, SHOP NO.1, 0, AHWA","[{""NIC5DigitId"":""47594"",""Description"":""Retail sale of refrigerators, washing machines and other electrical\/electronic household goods""}]"
24,GUJARAT,444,DANG,394730,20/05/2025,GAIN CONSTRUCTION,"101, gain construction, khatal, 101, khatal, waghai","[{""NIC5DigitId"":""42902"",""Description"":""Construction of waterways, harbours and river works, dredging of waterways""},{""NIC5DigitId"":""42903"",""Description"":""Construction of dams etc.""},{""NIC5DigitId"":""42909"",""Description"":""Other civil engineering projects n.e.c.""},{""NIC5DigitId"":""43123"",""Description"":""Clearing of building sites, earth moving: excavation, landfill, levelling and grading of construction sites, trench digging, rock removal, blasting etc.""},{""NIC5DigitId"":""41001"",""Description"":""Construction of buildings carried out on own-account basis or on a fee or contract basis""},{""NIC5DigitId"":""41002"",""Description"":""Activities relating to alteration, addition, repair, maintenance carried out on own-account basis or on a fee or contract basis""},{""NIC5DigitId"":""42101"",""Description"":""Construction and maintenance of motorways, streets, roads, other vehicular and pedestrian ways, highways, bridges, tunnels and subways""},{""NIC5DigitId"":""43900"",""Description"":""Other specialized construction activities""}]"
24,GUJARAT,444,DANG,394710,12/6/2025,BHOYE MAYANABEN VIJAYBHAI,"46, GRAMYA VISTAR, PIPALYAMAL, 46, 01, AHWA","[{""NIC5DigitId"":""47110"",""Description"":""Retail sale in non-specialized stores with food, beverages or tobacco predominating""}]"
24,GUJARAT,444,DANG,394710,9/6/2025,GAYAKWAD MUKESHBHAI VIJAYBHAI,"81, SENDRIAMBA, SENDRIAMBA, 81, 2, AHWA","[{""NIC5DigitId"":""96098"",""Description"":""General household maintenance activities like grooming of the floor, dusting, cleaning of utensils etc.""}]"
24,GUJARAT,444,DANG,394710,10/6/2025,STUTI GENERAL STORE,"Receipt Ms. SUMITRAB, HIGH SCHOOL ROAD AHWA, HIGH SCHOOL ROAD AHWA, Receipt Ms. SUMITRAB, AHWA, AHWA","[{""NIC5DigitId"":""47190"",""Description"":""Other retail sale in non-specialized stores""}]"
24,GUJARAT,444,DANG,394730,21/06/2025,MILK TRADING,"AA, KUDKAS, THE DANG GUJARAT, AA, AA, WAGHAI","[{""NIC5DigitId"":""96098"",""Description"":""General household maintenance activities like grooming of the floor, dusting, cleaning of utensils etc.""}]"
24,GUJARAT,444,DANG,394710,23/06/2025,ADITYABHAI KAMLESHCHANDRABHAI PANDE,"00, AHWA, AHWA, 00, 00, AHWA","[{""NIC5DigitId"":""49231"",""Description"":""Motorised road freight transport""}]"
24,GUJARAT,444,DANG,394730,24/06/2025,MILK TRADING,"AA, UPLU FALIYU, UPLU FALIYU, AA, AA, BARKHANDHIA","[{""NIC5DigitId"":""96098"",""Description"":""General household maintenance activities like grooming of the floor, dusting, cleaning of utensils etc.""}]"
24,GUJARAT,444,DANG,394730,6/6/2025,kruti school stationary,"07, stationary  Shop, Main Road,Sakarpatal, 07, 05, WAGHAI","[{""NIC5DigitId"":""62099"",""Description"":""Other information technology and computer service activities n.e.c""}]"
24,GUJARAT,444,DANG,394710,6/6/2025,PATHAN KASIMKHAN MUNSIKHAN,"PATELPADA AHWA, PATELPADA AHWA, PATELPADA AHWA, PATELPADA AHWA, AHWA, AHWA","[{""NIC5DigitId"":""47990"",""Description"":""Other retail sale not in stores, stalls or markets""}]"
24,GUJARAT,444,DANG,394710,30/05/2025,LATABEN ANANDBHAI PAWAR,"-, Uplu faliyu, Uplu faliyu, -, Ahwa, Ahwa","[{""NIC5DigitId"":""45300"",""Description"":""Sale of motor vehicle parts and accessories""}]"
24,GUJARAT,444,DANG,394710,30/06/2025,Krishna Tour and Travel,"F, Samghan, Aahva, F, Aahva, Dang","[{""NIC5DigitId"":""79110"",""Description"":""Travel agency activities""}]"
24,GUJARAT,444,DANG,394710,20/06/2025,NIDHI CONSTRUCTION,"FLAT NO 8, EKLAVYA SOCIETY SAUNSET POINT, OOP.SEVADHAM, FLAT NO 8, 00, AHWA","[{""NIC5DigitId"":""41001"",""Description"":""Construction of buildings carried out on own-account basis or on a fee or contract basis""}]"
24,GUJARAT,444,DANG,394710,20/06/2025,KAPADIA TRADERS,"04, SARDAR BAZAR, KAPADIA TRADERS, SARDAR BAZAR,, 04, AHWA, AHWA","[{""NIC5DigitId"":""47510"",""Description"":""Retail sale of textiles in specialized stores""}]"
24,GUJARAT,444,DANG,394716,17/11/2025,V  R CHAUDHARI,"12, JUNNER, MAIN ROAD, 12, 12, SUBIR","[{""NIC5DigitId"":""41002"",""Description"":""Activities relating to alteration, addition, repair, maintenance carried out on own-account basis or on a fee or contract basis""}]"
24,GUJARAT,444,DANG,394710,1/12/2025,PETER FRANCIS DOUGLAS,"MISSION COLONY AHWA, FRONT OF DANG SEVA MANDAL, AHWA, MISSION COLONY AHWA, AHWA, AHWA","[{""NIC5DigitId"":""33140"",""Description"":""Repair of electrical equipment""}]"
24,GUJARAT,444,DANG,394710,13/02/2026,pk brothers general store,"36/2, SCHOOL MAHARDAR, GARKHADI ROAD, 36/2, AHWA, AHWA","[{""NIC5DigitId"":""96098"",""Description"":""General household maintenance activities like grooming of the floor, dusting, cleaning of utensils etc.""}]"
24,GUJARAT,444,DANG,394730,13/02/2026,ASK MULTIWAY SERVICES & CONSULTANCY PVT. LTD.,"159, KHURKHUTIYA ANKITBHAI SHANKAR, OPP. FOREST TRANING CENTER, 159, WAGHAI, WAGHAI","[{""NIC5DigitId"":""47413"",""Description"":""Retail sale of non-customized software""},{""NIC5DigitId"":""47613"",""Description"":""Retail sale of stationery office supplies such as pens, pencils, paper etc.""},{""NIC5DigitId"":""49223"",""Description"":""Rental of private cars with driver""},{""NIC5DigitId"":""49225"",""Description"":""Operation of school buses and buses for transport of employees""},{""NIC5DigitId"":""52291"",""Description"":""Activities of travel agents and tour operators""},{""NIC5DigitId"":""53200"",""Description"":""Courier activities""},{""NIC5DigitId"":""55109"",""Description"":""Provision of short stay accommodation n.e.c. (e.g. holiday homes, private guest houses etc.)""},{""NIC5DigitId"":""55901"",""Description"":""Accommodation provided by student residences, school dormitories""},{""NIC5DigitId"":""56210"",""Description"":""Event catering""},{""NIC5DigitId"":""56291"",""Description"":""Activities of food service contractors (e.g. for transportation companies)""},{""NIC5DigitId"":""58132"",""Description"":""Publishing of journals and periodicals""},{""NIC5DigitId"":""62020"",""Description"":""Computer consultancy and computer facilities management activities""},{""NIC5DigitId"":""62091"",""Description"":""Software installation""},{""NIC5DigitId"":""62099"",""Description"":""Other information technology and computer service activities n.e.c""},{""NIC5DigitId"":""63114"",""Description"":""Providing data entry services""},{""NIC5DigitId"":""63992"",""Description"":""Activities of cyber café""},{""NIC5DigitId"":""63999"",""Description"":""Other information service activities n.e.c.""},{""NIC5DigitId"":""64300"",""Description"":""Trusts, funds and other financial vehicles""},{""NIC5DigitId"":""64910"",""Description"":""Financial leasing""},{""NIC5DigitId"":""64920"",""Description"":""Other credit granting""},{""NIC5DigitId"":""64990"",""Description"":""Other financial service activities, except insurance and pension funding activities, n.e.c""},{""NIC5DigitId"":""65110"",""Description"":""Life insurance""},{""NIC5DigitId"":""65120"",""Description"":""Non-life insurance""},{""NIC5DigitId"":""66110"",""Description"":""Administration of financial markets""},{""NIC5DigitId"":""66120"",""Description"":""Security and commodity contracts brokerage""},{""NIC5DigitId"":""66190"",""Description"":""Activities auxiliary to financial service activities n.e.c.""},{""NIC5DigitId"":""66220"",""Description"":""Activities of insurance agents and brokers""},{""NIC5DigitId"":""66301"",""Description"":""Management of mutual funds""},{""NIC5DigitId"":""66309"",""Description"":""Management of other investment funds""},{""NIC5DigitId"":""68100"",""Description"":""Real estate activities with own or leased property""},{""NIC5DigitId"":""68200"",""Description"":""Real estate activities on a fee or contract basis""},{""NIC5DigitId"":""69100"",""Description"":""Legal activities""},{""NIC5DigitId"":""69201"",""Description"":""Accounting, bookkeeping and auditing activities""},{""NIC5DigitId"":""69202"",""Description"":""Tax consultancy""},{""NIC5DigitId"":""70100"",""Description"":""Activities of head offices""},{""NIC5DigitId"":""70200"",""Description"":""Management consultancy activities""},{""NIC5DigitId"":""71100"",""Description"":""Architectural and engineering activities and related technical consultancy""},{""NIC5DigitId"":""71200"",""Description"":""Technical testing and analysis""},{""NIC5DigitId"":""73100"",""Description"":""Advertising""},{""NIC5DigitId"":""73200"",""Description"":""Market research and public opinion polling""},{""NIC5DigitId"":""74901"",""Description"":""Business brokerage activities""},{""NIC5DigitId"":""74909"",""Description"":""Other professional, scientific and technical activities n.e.c.""},{""NIC5DigitId"":""77303"",""Description"":""Renting and operational leasing of construction and civil-engineering machinery and equipment without operator""},{""NIC5DigitId"":""78100"",""Description"":""Activities of employment placement agencies""},{""NIC5DigitId"":""78200"",""Description"":""Temporary employment agency activities""},{""NIC5DigitId"":""78300"",""Description"":""Human resources provision and management of human resources functions""},{""NIC5DigitId"":""79120"",""Description"":""Tour operator activities""},{""NIC5DigitId"":""79900"",""Description"":""Other reservation service and related activities""},{""NIC5DigitId"":""80100"",""Description"":""Private security activities""},{""NIC5DigitId"":""81100"",""Description"":""Combined facilities support activities""},{""NIC5DigitId"":""81210"",""Description"":""General cleaning of buildings""},{""NIC5DigitId"":""81299"",""Description"":""Other building and industrial cleaning activities""},{""NIC5DigitId"":""81300"",""Description"":""Landscape care and maintenance service activities""},{""NIC5DigitId"":""82110"",""Description"":""Combined office administrative service activities""},{""NIC5DigitId"":""82192"",""Description"":""Document preparation, typing, word processing and desktop publishing sevices""},{""NIC5DigitId"":""82199"",""Description"":""Other specialised office support services activities""},{""NIC5DigitId"":""82300"",""Description"":""Organization of conventions and trade shows""},{""NIC5DigitId"":""82990"",""Description"":""Other business support service activities n.e.c.""},{""NIC5DigitId"":""84122"",""Description"":""Regulatory agencies relating to education""},{""NIC5DigitId"":""84129"",""Description"":""Regulatory agencies relating to other social services n.e.c. excluding social security""},{""NIC5DigitId"":""85223"",""Description"":""Professional motor driving school""},{""NIC5DigitId"":""85420"",""Description"":""Cultural education""},{""NIC5DigitId"":""85491"",""Description"":""Academic tutoring services""},{""NIC5DigitId"":""85492"",""Description"":""Professional examination review courses""},{""NIC5DigitId"":""85499"",""Description"":""Other educational services n.e.c.""},{""NIC5DigitId"":""88900"",""Description"":""Other social work activities without accommodation n.e.c.""},{""NIC5DigitId"":""94990"",""Description"":""Activities of other membership organizations n.e.c.""},{""NIC5DigitId"":""95112"",""Description"":""Repair and maintenance of automated terminals like automatic teller machines, point-of-sale (POS) terminals, not mechanically operated""},{""NIC5DigitId"":""42909"",""Description"":""Other civil engineering projects n.e.c.""},{""NIC5DigitId"":""45402"",""Description"":""Wholesale or retail sale of parts and accessories of motorcycles, mopeds, scooters and three wheelers""},{""NIC5DigitId"":""65200"",""Description"":""Reinsurance""},{""NIC5DigitId"":""41001"",""Description"":""Construction of buildings carried out on own-account basis or on a fee or contract basis""},{""NIC5DigitId"":""43900"",""Description"":""Other specialized construction activities""}]"
24,GUJARAT,444,DANG,394730,14/02/2026,SAHIL SALIMBHAI MEMON,"0, NAKA FALIYU, RTO CHECK POST, 0, 0, WAGHAI","[{""NIC5DigitId"":""47190"",""Description"":""Other retail sale in non-specialized stores""}]"
24,GUJARAT,444,DANG,394730,28/02/2026,PRINCE DIGITAL SEVA,"8, NADAGCHOND, NADAGCHOND, 8, NADAGCHOND, WAGHAI","[{""NIC5DigitId"":""63992"",""Description"":""Activities of cyber café""}]"
24,GUJARAT,444,DANG,394730,16/04/2026,DWARKADHISH ENTERPRISE,"Shop No.45, Left Side Of PHC Center, Vyara Waghai Road, Shop No.45, Waghai, Dang","[{""NIC5DigitId"":""20129"",""Description"":""Manufacture of other fertilizers n.e.c.""}]"
24,GUJARAT,444,DANG,394710,21/08/2025,RAHUL AUTO PARTS,"01, AHWA MISSION PADA, AHWA, 01, 0, AHWA","[{""NIC5DigitId"":""47990"",""Description"":""Other retail sale not in stores, stalls or markets""}]"
24,GUJARAT,444,DANG,394710,6/8/2025,SUTHAR WORK SHOP,"185, Rani faliya Ahwa, Rani faliya, 185, Ahwa, Ahwa","[{""NIC5DigitId"":""31001"",""Description"":""Manufacture of furniture made of wood""}]"
24,GUJARAT,444,DANG,394710,30/08/2025,RAJVEER FISH CENTRE,"NISHAL FALIYU, PIPALGHODI, CHINCHALI ROAD, NISHAL FALIYU, AHWA, PIPALGHODI","[{""NIC5DigitId"":""46303"",""Description"":""Wholesale of meat, fish & eggs""}]"
24,GUJARAT,444,DANG,394710,11/9/2025,BAGUL TOUR & TRAVELS,"AT PO AHWA DEVALPADA, TA AHWA DIST DANG, AHWA GUJARAT, AT PO AHWA DEVALPADA, AHWA, AHWA","[{""NIC5DigitId"":""96091"",""Description"":""Social activities such as escort services, marriage bureaus""}]"
24,GUJARAT,444,DANG,394710,25/08/2025,Trupti general store,"-, Trupti general store, AT KOJVE VAVANDA ROAD, -, -, AHWA","[{""NIC5DigitId"":""47219"",""Description"":""Retail sale of other food products n.e.c.""}]"
24,GUJARAT,444,DANG,394710,25/08/2025,DANG EXPRESS SOLUTION PRIVATE LIMITED,"PATELPADA, SAPUTARA NAKA, SAPUTARA NAKA, PATELPADA, AHWA, AHWA","[{""NIC5DigitId"":""78100"",""Description"":""Activities of employment placement agencies""},{""NIC5DigitId"":""78200"",""Description"":""Temporary employment agency activities""},{""NIC5DigitId"":""78300"",""Description"":""Human resources provision and management of human resources functions""}]"
24,GUJARAT,444,DANG,394730,3/10/2025,Nikule Yashvantbhai Pandubhai,"0, 0, Supdahad, 0, 0, Supdahad","[{""NIC5DigitId"":""49231"",""Description"":""Motorised road freight transport""}]"
24,GUJARAT,444,DANG,394716,4/10/2025,MARAL KALPESHBHAI,"0, 0, 0, 0, 0, THE DANGS","[{""NIC5DigitId"":""49300"",""Description"":""Transport via pipeline""}]"
24,GUJARAT,444,DANG,394730,10/8/2025,FARMER,"AA, LAWARIYA, THE DANG GUJARAT, AA, AA, LAWARIYA","[{""NIC5DigitId"":""96098"",""Description"":""General household maintenance activities like grooming of the floor, dusting, cleaning of utensils etc.""}]"
24,GUJARAT,444,DANG,394710,11/8/2025,Welding Shop,"34, patel faliya Sunda, patel faliya Sunda, 34, Ahwa, ahwa","[{""NIC5DigitId"":""27102"",""Description"":""Manufacture of electric power distribution transformers, arc-welding transformers, fluorescent ballasts, transmission and distribution voltage regulators""}]"
24,GUJARAT,444,DANG,394710,11/8/2025,Komal ladis redy met shop,"Flat, Subir, Road, Flat, 0045, Ahwa","[{""NIC5DigitId"":""12009"",""Description"":""Manufacture of other tobacco products including chewing tobacco n.e.c""}]"
24,GUJARAT,444,DANG,394710,22/07/2025,JAGDAMBA MARBLE AND GRANITE,"AHWA, LAXMANBHAI, AHWA DANG, AHWA, PATELPADA AHWA, AHWA","[{""NIC5DigitId"":""32909"",""Description"":""Manufacture of other articles n.e.c.""}]"
24,GUJARAT,444,DANG,394710,24/07/2025,JIGNESH AHIRE,"0, JIGNESH AHIRE, MAHALPADA, 0, 0, AHWA","[{""NIC5DigitId"":""88900"",""Description"":""Other social work activities without accommodation n.e.c.""}]"
24,GUJARAT,444,DANG,394730,10/7/2025,MILK TRADING,"AA, NICHLU FALIYU, NICHLU FALIYU, AA, AA, BARKHANDHIA","[{""NIC5DigitId"":""96098"",""Description"":""General household maintenance activities like grooming of the floor, dusting, cleaning of utensils etc.""}]"
24,GUJARAT,444,DANG,394730,10/7/2025,QASWA MARKETING,"-, Pramukh Swami Nagar, SH 171, -, -, Waghai","[{""NIC5DigitId"":""47219"",""Description"":""Retail sale of other food products n.e.c.""},{""NIC5DigitId"":""46304"",""Description"":""Wholesale of confectionery, bakery products and beverages other than intoxicants""},{""NIC5DigitId"":""46309"",""Description"":""Wholesale of other basic\/manufactured food stuffs n.e.c.""}]"
24,GUJARAT,444,DANG,394710,23/07/2025,KARTAVYA TOUR AND TRAVELS,"AHWA, AHWA, JAWAHAR COLONY, AHWA, AHWA, AHWA","[{""NIC5DigitId"":""96093"",""Description"":""Shoe shiners, porters, valet car parkers etc.""}]"
24,GUJARAT,444,DANG,394710,7/8/2025,Tarulataben Ratilalabhai Dhimar,"0, Pasu Palan Davakhana, Ahwa, 0, 0, Ahwa","[{""NIC5DigitId"":""56292"",""Description"":""Operation of canteens or (e.g. for factories, offices, hospitals or schools) on a concession basis""}]"
24,GUJARAT,444,DANG,394710,19/08/2025,OM HARDWARE AND FABRICATION,"2, Patel pada, Navapur road, 2, 1, Ahwa","[{""NIC5DigitId"":""31009"",""Description"":""Manufacture of other furniture n.e.c.""}]"
24,GUJARAT,444,DANG,394710,2/8/2025,DANGI ADIVASI MAHILA KHEDUT UTPADAK PRODUCER COMPANY LIMITED,"177, 177, Nr Sardar Bazar, Ahwa, Dang, Gujarat,39471, Sardar Bazar, 177, Ahwa, Ahwa","[{""NIC5DigitId"":""46539"",""Description"":""Wholesale of other agriculture machinery n.e.c.""},{""NIC5DigitId"":""10719"",""Description"":""Manufacture of other bakery products n.e.c.""}]"
24,GUJARAT,444,DANG,394716,2/8/2025,HR ENTERPRISE,"GIRMALA, GIRMALA, SUBIR, GIRMALA, 0, SUBIR","[{""NIC5DigitId"":""01462"",""Description"":""Production of eggs""}]"
24,GUJARAT,444,DANG,394720,13/08/2025,Daksh The Vally Resort Saputara,"Swami Asharam, Daksh The Vally Resort Saputara, Saputara, Swami Asharam, Saputara, Saputara","[{""NIC5DigitId"":""55101"",""Description"":""Hotels and Motels, inns, resorts providing short term lodging facilities; includes accommodation in house boats""}]"
24,GUJARAT,444,DANG,394716,26/01/2026,Kirana store,"00, 00, 00, 00, 00, 00","[{""NIC5DigitId"":""01462"",""Description"":""Production of eggs""}]"
24,GUJARAT,444,DANG,394716,28/01/2026,Jadav mobil electronic &electrical,"234-b, Mobil shop, Sabridham road, 234-b, Circle, Subir","[{""NIC5DigitId"":""68100"",""Description"":""Real estate activities with own or leased property""}]"
24,GUJARAT,444,DANG,394730,5/2/2026,TRANSPORT BUSINESS,"AA, NICHALU FALIYU, NICHALU FALIYU, AA, AA, DOKPATAL","[{""NIC5DigitId"":""46495"",""Description"":""Wholesale of recorded audio or video tapes, CDs and DVDs""}]"
24,GUJARAT,444,DANG,394730,5/6/2026,REHMAT CHICKEN & SP. DUM BIRIYANI CENTER,"0, WAGHAI, RAJENDRAPUR FALIYU, 0, 0, WAGHAI","[{""NIC5DigitId"":""56101"",""Description"":""Restaurants without bars""}]"
24,GUJARAT,444,DANG,394710,18/06/2026,BHOYE SANTOSHBHAI SHANTARAMBHAI,"PIPALPADA, AT. PIPALPADA POST. GALKUND, MAIN ROAD PIPALPADA, PIPALPADA, AHWA, AHWA","[{""NIC5DigitId"":""82191"",""Description"":""Photocopying, duplicating and bluprinting services""}]"
24,GUJARAT,444,DANG,394730,11/6/2026,pavar transport,"-, wanarchod, -, -, -, waghai","[{""NIC5DigitId"":""49219"",""Description"":""Other urban or suburban passenger transport n.e.c.""}]"
24,GUJARAT,444,DANG,394710,15/06/2026,IDRISHBHAI BABUBHAI SHEKH,"PWD COLONY AHWA, AHWA, PWD ROAD AHWA, PWD COLONY AHWA, AHWA, AHWA","[{""NIC5DigitId"":""41002"",""Description"":""Activities relating to alteration, addition, repair, maintenance carried out on own-account basis or on a fee or contract basis""}]"
24,GUJARAT,444,DANG,394710,17/06/2026,AMITKUMAR CHAMANLAL MEMGARA,"0, Amit Memagara, Opp. Police Station, Main Road, 0, 0, Ahwa","[{""NIC5DigitId"":""43900"",""Description"":""Other specialized construction activities""}]"
24,GUJARAT,444,DANG,394710,19/06/2026,KAIF CONSTRUCTION,"near post office, main road, main road, near post office, devalpada, ahwa","[{""NIC5DigitId"":""43211"",""Description"":""Installation of electrical wiring and fittings""}]"
24,GUJARAT,444,DANG,394716,7/5/2026,MAHALE RAHULBHAI MADHUBHAI,"113, DHUDA, TANKLIPADA, 113, 00, THE DANGS","[{""NIC5DigitId"":""49231"",""Description"":""Motorised road freight transport""}]"
24,GUJARAT,444,DANG,394710,12/5/2026,DUSANE VISION HOUSE,"1, NEAR BUS STEND, MAIN ROAD, 1, AHWA, AHWA","[{""NIC5DigitId"":""47594"",""Description"":""Retail sale of refrigerators, washing machines and other electrical\/electronic household goods""}]"
24,GUJARAT,444,DANG,394710,12/5/2026,GAVIT JITENDRABHAI MANGUBHAI,"GONDALVIHIR FALIYU, GADHAVI, GADHAVI, GONDALVIHIR FALIYU, GADHAVI, AHWA","[{""NIC5DigitId"":""88100"",""Description"":""Social work activities without accommodation for the elderly and disabled""}]"
24,GUJARAT,444,DANG,394710,19/11/2025,Gnaneshvarbhai Brahmankar Repair & Service,"518, Shramjivi Faliyu, rani fliyu, 518, 518, Ahwa","[{""NIC5DigitId"":""62099"",""Description"":""Other information technology and computer service activities n.e.c""},{""NIC5DigitId"":""95111"",""Description"":""Repair and maintenance of computer and peripheral equipment""},{""NIC5DigitId"":""95210"",""Description"":""Repair of consumer electronics""},{""NIC5DigitId"":""95221"",""Description"":""Repair and servicing of household appliances ( refrigerators, stoves, washing machines, clothes dryers, room air conditioners, etc. )""},{""NIC5DigitId"":""33140"",""Description"":""Repair of electrical equipment""}]"
24,GUJARAT,444,DANG,394716,12/12/2025,Mangalbhai Saynubhai Hilim,"0, 0, 0, 0, 0, THE DANGS","[{""NIC5DigitId"":""01631"",""Description"":""Preparation of crops for primary markets, i.e. cleaning, trimming, grading, disinfecting""}]"
24,GUJARAT,444,DANG,394710,13/12/2025,BAGUL JONNYKUMAR JAYESHBHAI,"BORKHAL, AT. POST BORKHAL TA AHWA DIST DANG, MAIN RAOD BORKHAL, BORKHAL, AHWA, AHWA","[{""NIC5DigitId"":""47110"",""Description"":""Retail sale in non-specialized stores with food, beverages or tobacco predominating""}]"
24,GUJARAT,444,DANG,394720,16/12/2025,PAWAR TRAVELS,"SONUNIYA, -, SAPUTARA, SONUNIYA, -, WAGHAI","[{""NIC5DigitId"":""49110"",""Description"":""Passenger rail transport""}]"
24,GUJARAT,444,DANG,394710,16/12/2025,DEVCHAND TOUR & TRAVELLS,"AHWA, AHWA, AHWA, AHWA, AHWA, AHWA","[{""NIC5DigitId"":""46109"",""Description"":""Activities of other commission agents n.e.c. (including commission agents working in emerging areas for wholesale trade""}]"
24,GUJARAT,444,DANG,394655,25/10/2025,ZADAV CYBER AND ZEROX,"0, ZADAV CYBER AND ZEROX, near higher secondary, 0, Vaghai, Waghai","[{""NIC5DigitId"":""59201"",""Description"":""Activities of sound recording in studio or elsewhere""}]"
24,GUJARAT,444,DANG,394710,3/11/2025,PAREKH MAMTABEN DHARMESHBHAI,"PAREKH MAMTABEN, 138 REVENUE COLONY, AHWA, PAREKH MAMTABEN, AHWA, AHWA","[{""NIC5DigitId"":""56292"",""Description"":""Operation of canteens or (e.g. for factories, offices, hospitals or schools) on a concession basis""}]"
24,GUJARAT,444,DANG,394710,10/11/2025,PAWAR ARUNABEN SAMANBHAI,"0, GAURYA, GAURYA, 0, GAURYA, DANG","[{""NIC5DigitId"":""41001"",""Description"":""Construction of buildings carried out on own-account basis or on a fee or contract basis""}]"
24,GUJARAT,444,DANG,394715,13/12/2025,veer Enterprise,"00, AMBA FALIYA, AMBA FALIYA, 00, HANWATCHOND, HANWATCHOND","[{""NIC5DigitId"":""61104"",""Description"":""Activities of providing internet access by the operator of the wired infrastructure""}]"
24,GUJARAT,444,DANG,394716,9/7/2026,NAHARI RESTAURANT,"00, gavit vikasbhai motilalabhai, mu.post-subir,ta-subir,dang,gu, 00, NA, subir","[{""NIC5DigitId"":""56101"",""Description"":""Restaurants without bars""}]"
24,GUJARAT,444,DANG,394730,25/06/2026,MAHLA DANIYELBHAI MANYABHAI,"00, MAHLA DANIYELBHAI MANYABHAI, dagdiamba, 00, 00, The Dangs","[{""NIC5DigitId"":""49231"",""Description"":""Motorised road freight transport""}]"
24,GUJARAT,444,DANG,394730,10/7/2026,THORAT YAGNIKKUMAR SHAILESHBHAI,"-, SAKARPATAL, SAKARPATAL, -, -, DANGS","[{""NIC5DigitId"":""49110"",""Description"":""Passenger rail transport""}]"
24,GUJARAT,444,DANG,394715,31/12/2025,RAJENDRABHAI DAMUBHAI PAWAR,"01, KHATAL, MACHHALI ROAD, 01, WAGHAI, KHATAL","[{""NIC5DigitId"":""49231"",""Description"":""Motorised road freight transport""}]"
24,GUJARAT,444,DANG,394710,31/12/2025,Deshmukh Mehulbhai Ishvardasbhai csc mahalpada,"Mahalpada, Mahalpada, Chinchali road, Mahalpada, Ahwa, Ahwa","[{""NIC5DigitId"":""63992"",""Description"":""Activities of cyber café""}]"
24,GUJARAT,444,DANG,394710,10/1/2026,RAVAL ENTERPRISE,"AHWA MISSION PADA, SUNDARM BANGLOW, MAIN ROAD MISSION PADA, AHWA MISSION PADA, AHWA, AHWA","[{""NIC5DigitId"":""47411"",""Description"":""Retail sale of computers and computer peripherals""}]"
24,GUJARAT,444,DANG,394730,7/1/2026,FARMER,"AA, CHIKAR, CHIKAR, AA, AA, CHIKAR WAGHAI","[{""NIC5DigitId"":""96098"",""Description"":""General household maintenance activities like grooming of the floor, dusting, cleaning of utensils etc.""}]"
24,GUJARAT,444,DANG,394730,6/1/2026,ONE STOP DIGITAL SOLUTION,"ONE STOP, DIGITAL SOLUTION, POST MANMODI, ONE STOP, HUMBAPADA, WAGHAI","[{""NIC5DigitId"":""62020"",""Description"":""Computer consultancy and computer facilities management activities""}]"
24,GUJARAT,444,DANG,394710,16/07/2026,KANHAIYA PANI PURI,"SHASHTRY COLONY AHWA, SHASHTRY COLONY AHWA, PETROL PUMP ROAD AHWA, SHASHTRY COLONY AHWA, AHWA, AHWA","[{""NIC5DigitId"":""56291"",""Description"":""Activities of food service contractors (e.g. for transportation companies)""}]"
24,GUJARAT,444,DANG,394710,29/04/2026,SOMABHAI S GAVIT,"52, church faliyu, gadhvi main road, 52, 2, ahwa","[{""NIC5DigitId"":""28212"",""Description"":""Manufacture of ploughs, manure spreaders, seeders, harrows and similar agricultural machinery for soil preparation, planting or fertilizing, harvesting or threshing machinery""},{""NIC5DigitId"":""31001"",""Description"":""Manufacture of furniture made of wood""},{""NIC5DigitId"":""31002"",""Description"":""Manufacture of furniture made of cane & reed""},{""NIC5DigitId"":""75000"",""Description"":""Veterinary activities""},{""NIC5DigitId"":""88900"",""Description"":""Other social work activities without accommodation n.e.c.""},{""NIC5DigitId"":""01462"",""Description"":""Production of eggs""},{""NIC5DigitId"":""01463"",""Description"":""Operation of poultry hatcheries""},{""NIC5DigitId"":""01493"",""Description"":""Raising of silk worms, production of silk worm cocoons""},{""NIC5DigitId"":""01612"",""Description"":""Operation of agricultural irrigation equipment""},{""NIC5DigitId"":""01620"",""Description"":""Support activities for animal production""},{""NIC5DigitId"":""01640"",""Description"":""Seed processing for propagation""}]"
24,GUJARAT,444,DANG,394710,28/04/2026,Kunvar aaratiben girishbhai,"House no 01, Main gli, The dangs, House no 01, Borkhal, The dangs","[{""NIC5DigitId"":""96098"",""Description"":""General household maintenance activities like grooming of the floor, dusting, cleaning of utensils etc.""}]"
24,GUJARAT,444,DANG,394720,13/04/2026,Prisha enterprise,"Plot no.73, Hotel remi, Opp.busstand, Plot no.73, 73, Saputara","[{""NIC5DigitId"":""56102"",""Description"":""Cafeterias, fast-food restaurants and other food preparation in market stalls""}]"
24,GUJARAT,444,DANG,394730,30/06/2026,SAI SHRADDHA ENTERPRISE,"OPP SBI BANK, MAIN ROAD, MANDIR ROAD, OPP SBI BANK, WAGHAI, WAGHAI","[{""NIC5DigitId"":""78200"",""Description"":""Temporary employment agency activities""},{""NIC5DigitId"":""78300"",""Description"":""Human resources provision and management of human resources functions""},{""NIC5DigitId"":""81100"",""Description"":""Combined facilities support activities""},{""NIC5DigitId"":""56291"",""Description"":""Activities of food service contractors (e.g. for transportation companies)""},{""NIC5DigitId"":""62099"",""Description"":""Other information technology and computer service activities n.e.c""},{""NIC5DigitId"":""63999"",""Description"":""Other information service activities n.e.c.""},{""NIC5DigitId"":""70200"",""Description"":""Management consultancy activities""},{""NIC5DigitId"":""96098"",""Description"":""General household maintenance activities like grooming of the floor, dusting, cleaning of utensils etc.""}]"
24,GUJARAT,444,DANG,394716,4/7/2026,PAWAR MAHESHBHAI RAJUBHAI,"KASADBARI, KASADBARI, DUKAN FALIYU, KASADBARI, KASADBARI, SUBIR","[{""NIC5DigitId"":""11043"",""Description"":""Manufacture of mineral water""}]"
24,GUJARAT,444,DANG,394716,4/7/2026,CSC CENTRE SOMUUU,"56, Jharan, Nichalu falyu jharan,shabari d, 56, Jharan, Jharan","[{""NIC5DigitId"":""64910"",""Description"":""Financial leasing""}]"
24,GUJARAT,444,DANG,394715,19/04/2026,GROCERY AND GENERAL STORE,"0, KALIBEL, 0, 0, 0, AHWA","[{""NIC5DigitId"":""47110"",""Description"":""Retail sale in non-specialized stores with food, beverages or tobacco predominating""}]"
24,GUJARAT,444,DANG,394710,29/05/2026,Arya Multiservices,"1, Arya Multiservices, Patelpada Navapur Road, 1, Ahwa, Ahwa","[{""NIC5DigitId"":""66220"",""Description"":""Activities of insurance agents and brokers""},{""NIC5DigitId"":""66190"",""Description"":""Activities auxiliary to financial service activities n.e.c.""},{""NIC5DigitId"":""49219"",""Description"":""Other urban or suburban passenger transport n.e.c.""},{""NIC5DigitId"":""63992"",""Description"":""Activities of cyber café""}]"
24,GUJARAT,444,DANG,394710,3/6/2026,GLOBAL GEO ENGINEERING SERVICES LLP,"272/13, KHETIWADI COLONY, -, 272/13, -, AHWA","[{""NIC5DigitId"":""71200"",""Description"":""Technical testing and analysis""},{""NIC5DigitId"":""71100"",""Description"":""Architectural and engineering activities and related technical consultancy""},{""NIC5DigitId"":""72100"",""Description"":""Research and experimental development on natural sciences and engineering""}]"
24,GUJARAT,444,DANG,394715,2/6/2026,BHOYE NITINBHAI ANILBHAI,"0, VANKAN, VANKAN, 0, SCHOOL, KALIBEL DANG","[{""NIC5DigitId"":""32909"",""Description"":""Manufacture of other articles n.e.c.""}]"
24,GUJARAT,444,DANG,394730,2/6/2026,Maherajudin Tajubdinkhan Pathan,"0, 0, Waghai, 0, 0, The Dangs","[{""NIC5DigitId"":""49231"",""Description"":""Motorised road freight transport""}]"
24,GUJARAT,444,DANG,394716,4/6/2026,CHAUDHARI PRAKASHBHAI,"28, PATEL FALIYU, PIPALDAHAD ROAD, 28, 01, THE DANGS","[{""NIC5DigitId"":""52219"",""Description"":""Other land transport services n.e.c""}]"
24,GUJARAT,444,DANG,394730,18/07/2026,surajbhai rajubhai jadav,"0, thakre pada faliyu, 0, 0, 0, dang","[{""NIC5DigitId"":""49231"",""Description"":""Motorised road freight transport""}]"
24,GUJARAT,444,DANG,394710,18/07/2026,REHAN AMINBHAI SHAH,"Rani faliya, Waghai naka, Aheay, Rani faliya, Nr GEB, Ahwa","[{""NIC5DigitId"":""47222"",""Description"":""Retail sale of non-alcoholic beverages including icecream not for consumption on the premises""}]"
24,GUJARAT,444,DANG,394710,28/07/2026,SHINY STAR MEDIA,"0, N/A, MISSION COLONY, 0, 0, AHWA","[{""NIC5DigitId"":""63910"",""Description"":""News agency activities""},{""NIC5DigitId"":""63122"",""Description"":""Operation of other websites that act as portals to the Internet, such as media sites providing periodically updated content""}]"
24,GUJARAT,444,DANG,394720,31/07/2026,SAPUTARA FOODCOURT & GAME ZONE,"NEAR MAIN CIRCLE, OPP SHOPPING CENTER, SAPUTARA, NEAR MAIN CIRCLE, SAPUTARA, SAPUTARA","[{""NIC5DigitId"":""56102"",""Description"":""Cafeterias, fast-food restaurants and other food preparation in market stalls""},{""NIC5DigitId"":""93190"",""Description"":""Other sports activities""}]"
24,GUJARAT,444,DANG,394730,7/8/2026,GULAB ZIRVAL,"-, -, -, -, -, WAGHAI","[{""NIC5DigitId"":""49219"",""Description"":""Other urban or suburban passenger transport n.e.c.""}]"
